2026-08-10 11:26:22,451 INFO predmarket.app - runtime_starting
2026-08-10 11:26:22,451 INFO predmarket.app - runtime_build_started
2026-08-10 11:26:22,457 INFO predmarket.app - component_initialized component=database
2026-08-10 11:26:22,458 INFO predmarket.app - component_initialized component=database_writer
2026-08-10 11:26:22,458 INFO predmarket.app - component_initialized component=repositories
2026-08-10 11:26:22,458 INFO predmarket.app - component_initialized component=notifier
2026-08-10 11:26:22,458 INFO predmarket.app - component_initialized component=market_change_queue
2026-08-10 11:26:22,737 INFO predmarket.app - component_initialized component=gateway
2026-08-10 11:26:22,738 INFO predmarket.app - component_initialized component=sync_task
2026-08-10 11:26:22,740 INFO predmarket.app - component_initialized component=watch_task
2026-08-10 11:26:22,740 INFO predmarket.app - runtime_built elapsed_ms=288
2026-08-10 11:26:22,740 INFO predmarket.app - component_starting component=watch_bootstrap
2026-08-10 11:26:22,740 INFO predmarket.watch.task - watch_catalog_load_started
2026-08-10 11:26:22,742 INFO predmarket.watch.task - watch_catalog_loaded events=0 markets=0 tokens=0 elapsed_ms=1
2026-08-10 11:26:22,742 INFO predmarket.watch.task - watch_catalog_refresh_skipped reason=no_watchable_markets trigger=startup
2026-08-10 11:26:22,742 INFO predmarket.app - strategy_catalog_snapshot_prepared events=0 markets=0 tokens=0 elapsed_ms=0
2026-08-10 11:26:22,743 INFO predmarket.watch.task - watch_subscription_prepared markets=0 tokens=0 market_limit=50 token_id_bytes=0 elapsed_ms=0
2026-08-10 11:26:22,743 INFO predmarket.watch.task - watch_gateway_identities_hydration_skipped markets=0
2026-08-10 11:26:22,743 WARNING predmarket.watch.task - watch_signal_reconciliation_using_latest_signal_time operation=reconcile_open_signals generation=0 detail=startup_reconciliation active_tokens=0 market_time=None
2026-08-10 11:26:22,744 INFO predmarket.watch.task - watch_signal_reconciliation_completed generation=0 market_time=latest_signal_observed_at active_tokens=0 elapsed_ms=1
2026-08-10 11:26:22,744 INFO predmarket.watch.task - watch_subscribed markets=0 tokens=0 generation=0
2026-08-10 11:26:22,744 INFO predmarket.app - component_started component=watch_bootstrap elapsed_ms=3
2026-08-10 11:26:22,744 INFO predmarket.app - component_started component=watch_task
2026-08-10 11:26:22,744 INFO predmarket.app - component_started component=sync_task
2026-08-10 11:26:22,744 INFO predmarket.app - component_started component=catalog_cleanup_task
2026-08-10 11:26:22,744 INFO predmarket.app - runtime_started
2026-08-10 11:26:22,744 INFO predmarket.app - sync_cycle_started initial=true
2026-08-10 11:26:22,745 INFO predmarket.catalog.sync - 正在开始执行第一次扫描
2026-08-10 11:26:22,745 INFO predmarket.watch.task - watch_market_metadata_refresh_scheduled interval_seconds=150
2026-08-10 11:26:22,747 INFO predmarket.catalog.sync - sync_started sync_generation=sync-e01c1de24fff4b87a5d8dae53a4433c4
2026-08-10 11:26:22,747 INFO predmarket.catalog.sync - sync_stage_started sync_generation=sync-e01c1de24fff4b87a5d8dae53a4433c4 stage=events_fetch
2026-08-10 11:26:22,751 INFO predmarket.app - catalog_cleanup_cycle_completed deleted_versions=0 deleted_journal_rows=0 remaining_versions=0 remaining_journal_rows=0
2026-08-10 11:26:27,963 INFO predmarket.polymarket.gateway - catalog_events_fetch_progress pages=25 active_events=2134 elapsed_ms=5216
2026-08-10 11:26:32,756 INFO predmarket.app - catalog_cleanup_cycle_completed deleted_versions=0 deleted_journal_rows=0 remaining_versions=0 remaining_journal_rows=0
2026-08-10 11:26:36,433 INFO predmarket.polymarket.gateway - catalog_events_fetch_progress pages=50 active_events=3949 elapsed_ms=13686
2026-08-10 11:26:42,759 INFO predmarket.app - catalog_cleanup_cycle_completed deleted_versions=0 deleted_journal_rows=0 remaining_versions=0 remaining_journal_rows=0
2026-08-10 11:26:47,036 INFO predmarket.polymarket.gateway - catalog_events_fetch_progress pages=75 active_events=5921 elapsed_ms=24289
2026-08-10 11:26:52,763 INFO predmarket.app - catalog_cleanup_cycle_completed deleted_versions=0 deleted_journal_rows=0 remaining_versions=0 remaining_journal_rows=0
2026-08-10 11:26:56,985 INFO predmarket.polymarket.gateway - catalog_events_fetch_progress pages=100 active_events=8400 elapsed_ms=34238
2026-08-10 11:27:02,768 INFO predmarket.app - catalog_cleanup_cycle_completed deleted_versions=0 deleted_journal_rows=0 remaining_versions=0 remaining_journal_rows=0
2026-08-10 11:27:04,701 INFO predmarket.polymarket.gateway - catalog_events_fetch_progress pages=125 active_events=10876 elapsed_ms=41954
2026-08-10 11:27:07,969 INFO predmarket.polymarket.gateway - catalog_events_fetch_progress pages=150 active_events=13369 elapsed_ms=45222
2026-08-10 11:27:11,817 INFO predmarket.polymarket.gateway - catalog_events_fetch_progress pages=175 active_events=15869 elapsed_ms=49070
2026-08-10 11:27:12,566 INFO predmarket.polymarket.gateway - catalog_events_fetch_completed pages=185 active_events=16839 elapsed_ms=49819
2026-08-10 11:27:12,569 INFO predmarket.catalog.sync - sync_stage_completed sync_generation=sync-e01c1de24fff4b87a5d8dae53a4433c4 stage=events_fetch events=16839 elapsed_ms=49823
2026-08-10 11:27:12,569 INFO predmarket.catalog.sync - sync_stage_started sync_generation=sync-e01c1de24fff4b87a5d8dae53a4433c4 stage=markets_fetch
2026-08-10 11:27:12,773 INFO predmarket.app - catalog_cleanup_cycle_completed deleted_versions=0 deleted_journal_rows=0 remaining_versions=0 remaining_journal_rows=0
2026-08-10 11:27:14,128 INFO predmarket.polymarket.gateway - catalog_markets_fetch_progress pages=25 active_markets=2500 warnings=0 elapsed_ms=1558
2026-08-10 11:27:15,587 INFO predmarket.polymarket.gateway - catalog_markets_fetch_progress pages=50 active_markets=5000 warnings=0 elapsed_ms=3016
2026-08-10 11:27:18,168 INFO predmarket.polymarket.gateway - catalog_markets_fetch_progress pages=75 active_markets=7500 warnings=0 elapsed_ms=5598
2026-08-10 11:27:20,434 INFO predmarket.polymarket.gateway - catalog_markets_fetch_progress pages=100 active_markets=9956 warnings=44 elapsed_ms=7864
2026-08-10 11:27:22,777 INFO predmarket.app - catalog_cleanup_cycle_completed deleted_versions=0 deleted_journal_rows=0 remaining_versions=0 remaining_journal_rows=0
2026-08-10 11:27:23,015 INFO predmarket.polymarket.gateway - catalog_markets_fetch_progress pages=125 active_markets=12456 warnings=44 elapsed_ms=10444
2026-08-10 11:27:31,608 INFO predmarket.polymarket.gateway - catalog_markets_fetch_progress pages=150 active_markets=14956 warnings=44 elapsed_ms=19038
2026-08-10 11:27:32,783 INFO predmarket.app - catalog_cleanup_cycle_completed deleted_versions=0 deleted_journal_rows=0 remaining_versions=0 remaining_journal_rows=0
2026-08-10 11:27:40,039 INFO predmarket.polymarket.gateway - catalog_markets_fetch_progress pages=175 active_markets=17456 warnings=44 elapsed_ms=27469
2026-08-10 11:27:42,787 INFO predmarket.app - catalog_cleanup_cycle_completed deleted_versions=0 deleted_journal_rows=0 remaining_versions=0 remaining_journal_rows=0
2026-08-10 11:27:48,440 INFO predmarket.polymarket.gateway - catalog_markets_fetch_progress pages=200 active_markets=19956 warnings=44 elapsed_ms=35870
2026-08-10 11:27:52,793 INFO predmarket.app - catalog_cleanup_cycle_completed deleted_versions=0 deleted_journal_rows=0 remaining_versions=0 remaining_journal_rows=0
2026-08-10 11:27:55,740 INFO predmarket.polymarket.gateway - catalog_markets_fetch_progress pages=225 active_markets=22456 warnings=44 elapsed_ms=43170
2026-08-10 11:28:02,798 INFO predmarket.app - catalog_cleanup_cycle_completed deleted_versions=0 deleted_journal_rows=0 remaining_versions=0 remaining_journal_rows=0
2026-08-10 11:28:03,664 INFO predmarket.polymarket.gateway - catalog_markets_fetch_progress pages=250 active_markets=24956 warnings=44 elapsed_ms=51094
2026-08-10 11:28:11,800 INFO predmarket.polymarket.gateway - catalog_markets_fetch_progress pages=275 active_markets=27456 warnings=44 elapsed_ms=59230
2026-08-10 11:28:12,804 INFO predmarket.app - catalog_cleanup_cycle_completed deleted_versions=0 deleted_journal_rows=0 remaining_versions=0 remaining_journal_rows=0
2026-08-10 11:28:20,381 INFO predmarket.polymarket.gateway - catalog_markets_fetch_progress pages=300 active_markets=29956 warnings=44 elapsed_ms=67811
2026-08-10 11:28:22,809 INFO predmarket.app - catalog_cleanup_cycle_completed deleted_versions=0 deleted_journal_rows=0 remaining_versions=0 remaining_journal_rows=0
2026-08-10 11:28:28,232 INFO predmarket.polymarket.gateway - catalog_markets_fetch_progress pages=325 active_markets=32456 warnings=44 elapsed_ms=75662
2026-08-10 11:28:32,815 INFO predmarket.app - catalog_cleanup_cycle_completed deleted_versions=0 deleted_journal_rows=0 remaining_versions=0 remaining_journal_rows=0
2026-08-10 11:28:35,857 INFO predmarket.polymarket.gateway - catalog_markets_fetch_progress pages=350 active_markets=34956 warnings=44 elapsed_ms=83288
2026-08-10 11:28:42,858 INFO predmarket.app - catalog_cleanup_cycle_completed deleted_versions=0 deleted_journal_rows=0 remaining_versions=0 remaining_journal_rows=0
2026-08-10 11:28:44,343 INFO predmarket.polymarket.gateway - catalog_markets_fetch_progress pages=375 active_markets=37456 warnings=44 elapsed_ms=91774
2026-08-10 11:28:52,153 INFO predmarket.polymarket.gateway - catalog_markets_fetch_progress pages=400 active_markets=39956 warnings=44 elapsed_ms=99584
2026-08-10 11:28:52,746 INFO predmarket.watch.task - watch_catalog_refresh_skipped reason=no_watchable_markets trigger=periodic
2026-08-10 11:28:52,746 INFO predmarket.app - strategy_catalog_snapshot_prepared events=0 markets=0 tokens=0 elapsed_ms=0
2026-08-10 11:28:52,746 INFO predmarket.watch.task - watch_market_metadata_refresh_cycle_completed markets=0 snapshot_source=memory context_prepared=True elapsed_ms=0
2026-08-10 11:28:52,864 INFO predmarket.app - catalog_cleanup_cycle_completed deleted_versions=0 deleted_journal_rows=0 remaining_versions=0 remaining_journal_rows=0
2026-08-10 11:29:00,415 INFO predmarket.polymarket.gateway - catalog_markets_fetch_progress pages=425 active_markets=42456 warnings=44 elapsed_ms=107845
2026-08-10 11:29:02,871 INFO predmarket.app - catalog_cleanup_cycle_completed deleted_versions=0 deleted_journal_rows=0 remaining_versions=0 remaining_journal_rows=0
2026-08-10 11:29:08,299 INFO predmarket.polymarket.gateway - catalog_markets_fetch_progress pages=450 active_markets=44956 warnings=44 elapsed_ms=115730
2026-08-10 11:29:12,876 INFO predmarket.app - catalog_cleanup_cycle_completed deleted_versions=0 deleted_journal_rows=0 remaining_versions=0 remaining_journal_rows=0
2026-08-10 11:29:15,477 INFO predmarket.polymarket.gateway - catalog_markets_fetch_progress pages=475 active_markets=47456 warnings=44 elapsed_ms=122908
2026-08-10 11:29:22,732 INFO predmarket.polymarket.gateway - catalog_markets_fetch_progress pages=500 active_markets=49956 warnings=44 elapsed_ms=130162
2026-08-10 11:29:22,882 INFO predmarket.app - catalog_cleanup_cycle_completed deleted_versions=0 deleted_journal_rows=0 remaining_versions=0 remaining_journal_rows=0
2026-08-10 11:29:30,024 INFO predmarket.polymarket.gateway - catalog_markets_fetch_progress pages=525 active_markets=52456 warnings=44 elapsed_ms=137455
2026-08-10 11:29:32,887 INFO predmarket.app - catalog_cleanup_cycle_completed deleted_versions=0 deleted_journal_rows=0 remaining_versions=0 remaining_journal_rows=0
2026-08-10 11:29:37,395 INFO predmarket.polymarket.gateway - catalog_markets_fetch_progress pages=550 active_markets=54956 warnings=44 elapsed_ms=144826
2026-08-10 11:29:42,892 INFO predmarket.app - catalog_cleanup_cycle_completed deleted_versions=0 deleted_journal_rows=0 remaining_versions=0 remaining_journal_rows=0
2026-08-10 11:29:44,932 INFO predmarket.polymarket.gateway - catalog_markets_fetch_progress pages=575 active_markets=57456 warnings=44 elapsed_ms=152363
2026-08-10 11:29:52,338 INFO predmarket.polymarket.gateway - catalog_markets_fetch_progress pages=600 active_markets=59956 warnings=44 elapsed_ms=159769
2026-08-10 11:29:52,897 INFO predmarket.app - catalog_cleanup_cycle_completed deleted_versions=0 deleted_journal_rows=0 remaining_versions=0 remaining_journal_rows=0
2026-08-10 11:30:00,202 INFO predmarket.polymarket.gateway - catalog_markets_fetch_progress pages=625 active_markets=62456 warnings=44 elapsed_ms=167633
2026-08-10 11:30:02,902 INFO predmarket.app - catalog_cleanup_cycle_completed deleted_versions=0 deleted_journal_rows=0 remaining_versions=0 remaining_journal_rows=0
2026-08-10 11:30:08,902 INFO predmarket.polymarket.gateway - catalog_markets_fetch_progress pages=650 active_markets=64956 warnings=44 elapsed_ms=176333
2026-08-10 11:30:12,907 INFO predmarket.app - catalog_cleanup_cycle_completed deleted_versions=0 deleted_journal_rows=0 remaining_versions=0 remaining_journal_rows=0
2026-08-10 11:30:17,409 INFO predmarket.polymarket.gateway - catalog_markets_fetch_progress pages=675 active_markets=67456 warnings=44 elapsed_ms=184840
2026-08-10 11:30:22,930 INFO predmarket.app - catalog_cleanup_cycle_completed deleted_versions=0 deleted_journal_rows=0 remaining_versions=0 remaining_journal_rows=0
2026-08-10 11:30:25,926 INFO predmarket.polymarket.gateway - catalog_markets_fetch_progress pages=700 active_markets=69956 warnings=44 elapsed_ms=193357
2026-08-10 11:30:32,935 INFO predmarket.app - catalog_cleanup_cycle_completed deleted_versions=0 deleted_journal_rows=0 remaining_versions=0 remaining_journal_rows=0
2026-08-10 11:30:34,543 INFO predmarket.polymarket.gateway - catalog_markets_fetch_progress pages=725 active_markets=72456 warnings=44 elapsed_ms=201975
2026-08-10 11:30:42,807 INFO predmarket.polymarket.gateway - catalog_markets_fetch_progress pages=750 active_markets=74956 warnings=44 elapsed_ms=210238
2026-08-10 11:30:42,940 INFO predmarket.app - catalog_cleanup_cycle_completed deleted_versions=0 deleted_journal_rows=0 remaining_versions=0 remaining_journal_rows=0
2026-08-10 11:30:51,315 INFO predmarket.polymarket.gateway - catalog_markets_fetch_progress pages=775 active_markets=77456 warnings=44 elapsed_ms=218747
2026-08-10 11:30:52,965 INFO predmarket.app - catalog_cleanup_cycle_completed deleted_versions=0 deleted_journal_rows=0 remaining_versions=0 remaining_journal_rows=0
2026-08-10 11:31:00,157 INFO predmarket.polymarket.gateway - catalog_markets_fetch_progress pages=800 active_markets=79956 warnings=44 elapsed_ms=227589
2026-08-10 11:31:02,970 INFO predmarket.app - catalog_cleanup_cycle_completed deleted_versions=0 deleted_journal_rows=0 remaining_versions=0 remaining_journal_rows=0
2026-08-10 11:31:09,135 INFO predmarket.polymarket.gateway - catalog_markets_fetch_progress pages=825 active_markets=82456 warnings=44 elapsed_ms=236566
2026-08-10 11:31:12,976 INFO predmarket.app - catalog_cleanup_cycle_completed deleted_versions=0 deleted_journal_rows=0 remaining_versions=0 remaining_journal_rows=0
2026-08-10 11:31:17,257 INFO predmarket.polymarket.gateway - catalog_markets_fetch_progress pages=850 active_markets=84956 warnings=44 elapsed_ms=244689
2026-08-10 11:31:22,748 INFO predmarket.watch.task - watch_catalog_refresh_skipped reason=no_watchable_markets trigger=periodic
2026-08-10 11:31:22,749 INFO predmarket.app - strategy_catalog_snapshot_prepared events=0 markets=0 tokens=0 elapsed_ms=0
2026-08-10 11:31:22,749 INFO predmarket.watch.task - watch_market_metadata_refresh_cycle_completed markets=0 snapshot_source=memory context_prepared=True elapsed_ms=0
2026-08-10 11:31:22,981 INFO predmarket.app - catalog_cleanup_cycle_completed deleted_versions=0 deleted_journal_rows=0 remaining_versions=0 remaining_journal_rows=0
2026-08-10 11:31:25,452 INFO predmarket.polymarket.gateway - catalog_markets_fetch_progress pages=875 active_markets=87456 warnings=44 elapsed_ms=252884
2026-08-10 11:31:32,986 INFO predmarket.app - catalog_cleanup_cycle_completed deleted_versions=0 deleted_journal_rows=0 remaining_versions=0 remaining_journal_rows=0
2026-08-10 11:31:33,800 INFO predmarket.polymarket.gateway - catalog_markets_fetch_progress pages=900 active_markets=89956 warnings=44 elapsed_ms=261232
2026-08-10 11:31:42,836 INFO predmarket.polymarket.gateway - catalog_markets_fetch_progress pages=925 active_markets=92456 warnings=44 elapsed_ms=270267
2026-08-10 11:31:42,992 INFO predmarket.app - catalog_cleanup_cycle_completed deleted_versions=0 deleted_journal_rows=0 remaining_versions=0 remaining_journal_rows=0
2026-08-10 11:31:51,138 INFO predmarket.polymarket.gateway - catalog_markets_fetch_progress pages=950 active_markets=94956 warnings=44 elapsed_ms=278570
2026-08-10 11:31:52,998 INFO predmarket.app - catalog_cleanup_cycle_completed deleted_versions=0 deleted_journal_rows=0 remaining_versions=0 remaining_journal_rows=0
2026-08-10 11:31:59,937 INFO predmarket.polymarket.gateway - catalog_markets_fetch_progress pages=975 active_markets=97456 warnings=44 elapsed_ms=287368
2026-08-10 11:32:03,003 INFO predmarket.app - catalog_cleanup_cycle_completed deleted_versions=0 deleted_journal_rows=0 remaining_versions=0 remaining_journal_rows=0
2026-08-10 11:32:07,710 INFO predmarket.polymarket.gateway - catalog_markets_fetch_progress pages=1000 active_markets=99956 warnings=44 elapsed_ms=295142
2026-08-10 11:32:13,008 INFO predmarket.app - catalog_cleanup_cycle_completed deleted_versions=0 deleted_journal_rows=0 remaining_versions=0 remaining_journal_rows=0
2026-08-10 11:32:16,737 INFO predmarket.polymarket.gateway - catalog_markets_fetch_progress pages=1025 active_markets=102456 warnings=44 elapsed_ms=304169
2026-08-10 11:32:23,015 INFO predmarket.app - catalog_cleanup_cycle_completed deleted_versions=0 deleted_journal_rows=0 remaining_versions=0 remaining_journal_rows=0
2026-08-10 11:32:25,275 INFO predmarket.polymarket.gateway - catalog_markets_fetch_progress pages=1050 active_markets=104956 warnings=44 elapsed_ms=312707
2026-08-10 11:32:33,021 INFO predmarket.app - catalog_cleanup_cycle_completed deleted_versions=0 deleted_journal_rows=0 remaining_versions=0 remaining_journal_rows=0
2026-08-10 11:32:33,927 INFO predmarket.polymarket.gateway - catalog_markets_fetch_progress pages=1075 active_markets=107456 warnings=44 elapsed_ms=321359
2026-08-10 11:32:41,807 INFO predmarket.polymarket.gateway - catalog_markets_fetch_progress pages=1100 active_markets=109956 warnings=44 elapsed_ms=329239
2026-08-10 11:32:43,027 INFO predmarket.app - catalog_cleanup_cycle_completed deleted_versions=0 deleted_journal_rows=0 remaining_versions=0 remaining_journal_rows=0
2026-08-10 11:32:50,528 INFO predmarket.polymarket.gateway - catalog_markets_fetch_progress pages=1125 active_markets=112456 warnings=44 elapsed_ms=337960
2026-08-10 11:32:53,033 INFO predmarket.app - catalog_cleanup_cycle_completed deleted_versions=0 deleted_journal_rows=0 remaining_versions=0 remaining_journal_rows=0
2026-08-10 11:32:58,812 INFO predmarket.polymarket.gateway - catalog_markets_fetch_progress pages=1150 active_markets=114956 warnings=44 elapsed_ms=346244
2026-08-10 11:33:03,046 INFO predmarket.app - catalog_cleanup_cycle_completed deleted_versions=0 deleted_journal_rows=0 remaining_versions=0 remaining_journal_rows=0
2026-08-10 11:33:06,792 INFO predmarket.polymarket.gateway - catalog_markets_fetch_progress pages=1175 active_markets=117456 warnings=44 elapsed_ms=354225
2026-08-10 11:33:13,052 INFO predmarket.app - catalog_cleanup_cycle_completed deleted_versions=0 deleted_journal_rows=0 remaining_versions=0 remaining_journal_rows=0
2026-08-10 11:33:15,144 INFO predmarket.polymarket.gateway - catalog_markets_fetch_progress pages=1200 active_markets=119956 warnings=44 elapsed_ms=362576
2026-08-10 11:33:23,057 INFO predmarket.app - catalog_cleanup_cycle_completed deleted_versions=0 deleted_journal_rows=0 remaining_versions=0 remaining_journal_rows=0
2026-08-10 11:33:24,024 INFO predmarket.polymarket.gateway - catalog_markets_fetch_progress pages=1225 active_markets=122456 warnings=44 elapsed_ms=371456
2026-08-10 11:33:32,636 INFO predmarket.polymarket.gateway - catalog_markets_fetch_progress pages=1250 active_markets=124956 warnings=44 elapsed_ms=380069
2026-08-10 11:33:33,062 INFO predmarket.app - catalog_cleanup_cycle_completed deleted_versions=0 deleted_journal_rows=0 remaining_versions=0 remaining_journal_rows=0
2026-08-10 11:33:41,198 INFO predmarket.polymarket.gateway - catalog_markets_fetch_progress pages=1275 active_markets=127456 warnings=44 elapsed_ms=388631
2026-08-10 11:33:43,067 INFO predmarket.app - catalog_cleanup_cycle_completed deleted_versions=0 deleted_journal_rows=0 remaining_versions=0 remaining_journal_rows=0
2026-08-10 11:33:49,805 INFO predmarket.polymarket.gateway - catalog_markets_fetch_progress pages=1300 active_markets=129956 warnings=44 elapsed_ms=397237
2026-08-10 11:33:52,750 INFO predmarket.watch.task - watch_catalog_refresh_skipped reason=no_watchable_markets trigger=periodic
2026-08-10 11:33:52,751 INFO predmarket.app - strategy_catalog_snapshot_prepared events=0 markets=0 tokens=0 elapsed_ms=0
2026-08-10 11:33:52,751 INFO predmarket.watch.task - watch_market_metadata_refresh_cycle_completed markets=0 snapshot_source=memory context_prepared=True elapsed_ms=0
2026-08-10 11:33:53,073 INFO predmarket.app - catalog_cleanup_cycle_completed deleted_versions=0 deleted_journal_rows=0 remaining_versions=0 remaining_journal_rows=0
2026-08-10 11:33:57,890 INFO predmarket.polymarket.gateway - catalog_markets_fetch_progress pages=1325 active_markets=132456 warnings=44 elapsed_ms=405322
2026-08-10 11:34:03,079 INFO predmarket.app - catalog_cleanup_cycle_completed deleted_versions=0 deleted_journal_rows=0 remaining_versions=0 remaining_journal_rows=0
2026-08-10 11:34:06,298 INFO predmarket.polymarket.gateway - catalog_markets_fetch_progress pages=1350 active_markets=134956 warnings=44 elapsed_ms=413730
2026-08-10 11:34:13,085 INFO predmarket.app - catalog_cleanup_cycle_completed deleted_versions=0 deleted_journal_rows=0 remaining_versions=0 remaining_journal_rows=0
2026-08-10 11:34:15,484 INFO predmarket.polymarket.gateway - catalog_markets_fetch_progress pages=1375 active_markets=137456 warnings=44 elapsed_ms=422917
2026-08-10 11:34:17,849 INFO predmarket.polymarket.gateway - catalog_markets_fetch_completed pages=1382 active_markets=138082 warnings=44 elapsed_ms=425281
2026-08-10 11:34:17,961 INFO predmarket.catalog.sync - sync_stage_completed sync_generation=sync-e01c1de24fff4b87a5d8dae53a4433c4 stage=markets_fetch markets=138082 tokens=276164 warnings=44 elapsed_ms=425394
2026-08-10 11:34:17,961 INFO predmarket.catalog.sync - sync_stage_started sync_generation=sync-e01c1de24fff4b87a5d8dae53a4433c4 stage=catalog_load
2026-08-10 11:34:17,963 INFO predmarket.catalog.sync - sync_stage_completed sync_generation=sync-e01c1de24fff4b87a5d8dae53a4433c4 stage=catalog_load events=0 markets=0 tokens=0 elapsed_ms=1
2026-08-10 11:34:17,963 INFO predmarket.catalog.sync - sync_stage_started sync_generation=sync-e01c1de24fff4b87a5d8dae53a4433c4 stage=parent_event_reconciliation
2026-08-10 11:34:23,092 INFO predmarket.app - catalog_cleanup_cycle_completed deleted_versions=0 deleted_journal_rows=0 remaining_versions=0 remaining_journal_rows=0
2026-08-10 11:34:33,095 INFO predmarket.app - catalog_cleanup_cycle_completed deleted_versions=0 deleted_journal_rows=0 remaining_versions=0 remaining_journal_rows=0
2026-08-10 11:34:43,099 INFO predmarket.app - catalog_cleanup_cycle_completed deleted_versions=0 deleted_journal_rows=0 remaining_versions=0 remaining_journal_rows=0
2026-08-10 11:34:44,708 INFO predmarket.catalog.sync - sync_stage_completed sync_generation=sync-e01c1de24fff4b87a5d8dae53a4433c4 stage=parent_event_reconciliation events=18562 errors=0 warnings=1 elapsed_ms=26745
2026-08-10 11:34:44,714 INFO predmarket.catalog.sync - sync_stage_started sync_generation=sync-e01c1de24fff4b87a5d8dae53a4433c4 stage=settlement_refresh budget=100
2026-08-10 11:34:44,727 INFO predmarket.catalog.sync - sync_stage_completed sync_generation=sync-e01c1de24fff4b87a5d8dae53a4433c4 stage=settlement_refresh markets=0 error=None elapsed_ms=13
2026-08-10 11:34:44,784 INFO predmarket.catalog.sync - sync_stage_started sync_generation=sync-e01c1de24fff4b87a5d8dae53a4433c4 stage=catalog_prepare
2026-08-10 11:34:47,055 INFO predmarket.catalog.sync - sync_stage_completed sync_generation=sync-e01c1de24fff4b87a5d8dae53a4433c4 stage=catalog_prepare events=18562 markets=138082 tokens=276164 event_upserts=18562 market_upserts=138082 token_upserts=276164 changes=138002 elapsed_ms=2271
2026-08-10 11:34:47,130 INFO predmarket.catalog.sync - sync_stage_started sync_generation=sync-e01c1de24fff4b87a5d8dae53a4433c4 stage=catalog_persist complete=true
2026-08-10 11:34:47,264 INFO predmarket.persistence.repositories - catalog_complete_save_started sync_generation=sync-e01c1de24fff4b87a5d8dae53a4433c4 event_upserts=18562 market_upserts=138082 token_upserts=276164
2026-08-10 11:35:00,190 INFO predmarket.app - catalog_cleanup_cycle_completed deleted_versions=0 deleted_journal_rows=0 remaining_versions=0 remaining_journal_rows=0
2026-08-10 11:35:10,938 INFO predmarket.app - catalog_cleanup_cycle_completed deleted_versions=0 deleted_journal_rows=0 remaining_versions=0 remaining_journal_rows=0
2026-08-10 11:35:22,057 INFO predmarket.app - catalog_cleanup_cycle_completed deleted_versions=0 deleted_journal_rows=0 remaining_versions=0 remaining_journal_rows=0
2026-08-10 11:35:33,100 INFO predmarket.app - catalog_cleanup_cycle_completed deleted_versions=0 deleted_journal_rows=0 remaining_versions=0 remaining_journal_rows=0
2026-08-10 11:35:48,828 INFO predmarket.app - catalog_cleanup_cycle_completed deleted_versions=0 deleted_journal_rows=0 remaining_versions=0 remaining_journal_rows=0
2026-08-10 11:36:32,187 INFO predmarket.watch.task - watch_catalog_refresh_skipped reason=no_watchable_markets trigger=periodic
2026-08-10 11:36:32,203 INFO predmarket.app - strategy_catalog_snapshot_prepared events=0 markets=0 tokens=0 elapsed_ms=0
2026-08-10 11:36:32,203 INFO predmarket.watch.task - watch_market_metadata_refresh_cycle_completed markets=0 snapshot_source=memory context_prepared=True elapsed_ms=16
2026-08-10 11:36:36,035 INFO predmarket.persistence.repositories - catalog_complete_save_completed sync_generation=sync-e01c1de24fff4b87a5d8dae53a4433c4 elapsed_ms=108771
2026-08-10 11:36:36,040 INFO predmarket.catalog.sync - sync_stage_completed sync_generation=sync-e01c1de24fff4b87a5d8dae53a4433c4 stage=catalog_persist complete=true events=18562 markets=138082 tokens=276164 elapsed_ms=108910
2026-08-10 11:36:36,040 INFO predmarket.catalog.sync - sync_market_changes_reconciled sync_generation=sync-e01c1de24fff4b87a5d8dae53a4433c4 semantic_changes=138002 controls=1
2026-08-10 11:36:36,072 INFO predmarket.watch.task - watch_catalog_change_generation_started generation=sync-e01c1de24fff4b87a5d8dae53a4433c4 change_type=CATALOG_RECONCILED
2026-08-10 11:36:36,073 INFO predmarket.app - catalog_cleanup_cycle_completed deleted_versions=0 deleted_journal_rows=0 remaining_versions=0 remaining_journal_rows=0
2026-08-10 11:36:36,085 INFO predmarket.catalog.sync - sync_completed sync_generation=sync-e01c1de24fff4b87a5d8dae53a4433c4 markets_seen=138082 markets_persisted=138082 tokens_seen=276164 changes_published=1 changes_dropped=0 elapsed_ms=613344
2026-08-10 11:36:36,293 INFO predmarket.app - sync_cycle_completed initial=true complete=true sync_generation=sync-e01c1de24fff4b87a5d8dae53a4433c4 elapsed_ms=613552
2026-08-10 11:36:36,590 INFO predmarket.app - sync_cycle_sleeping interval_seconds=1800
2026-08-10 11:36:41,421 INFO predmarket.watch.task - watch_subscription_market_refresh_requested change_type=CATALOG_RECONCILED added_markets=50 candidate_markets=50
2026-08-10 11:36:41,421 INFO predmarket.watch.task - watch_catalog_refresh_started markets=50 concurrency=10 trigger=subscription_change
2026-08-10 11:37:00,240 INFO predmarket.watch.task - watch_catalog_refresh_completed requested=50 succeeded=50 failed=0 elapsed_ms=18818 trigger=subscription_change
2026-08-10 11:37:00,675 INFO predmarket.app - strategy_catalog_snapshot_prepared events=18562 markets=138082 tokens=276164 elapsed_ms=87
2026-08-10 11:37:00,682 WARNING predmarket.watch.task - watch_signal_reconciliation_using_latest_signal_time operation=reconcile_open_signals generation=0 detail=catalog_reconciliation active_tokens=100 market_time=None
2026-08-10 11:37:00,684 INFO predmarket.watch.task - watch_signal_reconciliation_completed generation=0 market_time=latest_signal_observed_at active_tokens=100 elapsed_ms=2
2026-08-10 11:37:00,701 INFO predmarket.polymarket.gateway - market_identities_hydrated markets=50
2026-08-10 11:37:00,702 INFO predmarket.watch.task - watch_gateway_identities_hydrated markets=50 elapsed_ms=17
2026-08-10 11:37:00,703 INFO predmarket.watch.task - watch_recovery_started tokens=100
2026-08-10 11:37:00,703 INFO predmarket.polymarket.gateway - market_recovery_started generation=1 tokens=100 token_id_bytes=7701
2026-08-10 11:37:00,708 INFO predmarket.polymarket.gateway - market_stream_queue_configured capacity=65536 previous_capacity=1024
2026-08-10 11:37:01,056 INFO predmarket.app - catalog_cleanup_cycle_completed deleted_versions=0 deleted_journal_rows=200 remaining_versions=0 remaining_journal_rows=0
2026-08-10 11:37:02,198 INFO predmarket.polymarket.gateway - market_stream_subscribed generation=1 tokens=100 elapsed_ms=1494
2026-08-10 11:37:02,198 INFO predmarket.polymarket.gateway - market_recovery_books_started generation=1 tokens=100
2026-08-10 11:37:02,565 INFO predmarket.polymarket.gateway - market_recovery_books_received generation=1 tokens=100 books=100 elapsed_ms=367
2026-08-10 11:37:02,566 INFO predmarket.polymarket.gateway - market_recovery_completed generation=1 tokens=100 elapsed_ms=1862
2026-08-10 11:37:02,566 INFO predmarket.watch.task - watch_recovery_baseline_received tokens=100 books=100 generation=1 elapsed_ms=1863
2026-08-10 11:37:02,566 INFO predmarket.watch.task - watch_market_clock_initialized generation=1 market_time=1786333022030 books=100
2026-08-10 11:37:02,566 INFO predmarket.watch.task - watch_evaluation_started tokens=100
2026-08-10 11:37:02,570 WARNING predmarket.watch.task - watch_exchange_clock_skew_warning generation=1 token_id=8821471636016667382466061737856493027367558182941585032907086769672418153787 exchange_timestamp=1786332109552 received_timestamp=1786333022548 exchange_clock_skew_ms=-912996 exchange_clock_skew_warning_ms=100 evaluation_continues=true
2026-08-10 11:37:02,664 INFO predmarket.watch.task - watch_evaluation_summary generation=1 tokens=100 generated_targets=200 targets=100 deduplicated_targets=100 persisted_signals=0 market_time=1786333022030 stream_silence_age_ms=1 decisions=ABSENT.PROFIT_BELOW_THRESHOLD:2,NOT_EVALUABLE.ORDERBOOK_STALE.orderbook_stale:98 maximum_exchange_clock_skew_ms=-912996 exchange_clock_skew_warning_ms=100 maximum_exchange_clock_skew_token_id=8821471636016667382466061737856493027367558182941585032907086769672418153787 exchange_timestamp=1786332109552 received_timestamp=1786333022548 best_return_rate=-0.04536338 required_return_rate=0.00750000 best_opportunity_key=BINARY_UNDERPRICED:3436192 best_market_ids=3436192 context_ms=4 strategy_ms=90 signal_apply_ms=0 elapsed_ms=97
2026-08-10 11:37:02,664 INFO predmarket.watch.task - watch_evaluation_completed tokens=100 elapsed_ms=98
2026-08-10 11:37:02,664 INFO predmarket.watch.task - watch_subscribed markets=50 tokens=100 generation=1
2026-08-10 11:37:02,664 INFO predmarket.watch.task - watch_catalog_change_generation_completed generation=sync-e01c1de24fff4b87a5d8dae53a4433c4 change_type=CATALOG_RECONCILED active_markets=50 active_tokens=100 elapsed_ms=26592
2026-08-10 11:37:03,246 INFO predmarket.polymarket.gateway - market_stream_pump_progress generation=1 sdk_events_total=1 sdk_events_delta=1 sdk_rate_per_second=1.0 mapped_delta=1 ignored_delta=0 mapping_ms_per_event=0.143 handoff_wait_ms_per_event=0.007 handoff_queue_size=1 handoff_queue_capacity=4096
2026-08-10 11:37:03,267 INFO predmarket.polymarket.gateway - market_stream_consumer_progress generation=1 events_total=1 events_delta=1 rate_per_second=0.9 queue_size=0 queue_capacity=65536 queue_utilization_pct=0.0 handle_dropped=0 manager_dropped=0
2026-08-10 11:37:03,267 INFO predmarket.watch.task - watch_stream_progress messages=1 event_type=book generation=1 cache_state=VALID
2026-08-10 11:37:03,267 INFO predmarket.watch.task - watch_evaluation_queue_progress requests=1 pending_tokens=1 coalesced_tokens=0 generation=1
2026-08-10 11:37:03,268 INFO predmarket.watch.task - watch_stream_handler_progress messages=1 messages_delta=1 rate_per_second=0.0 event_counts=book:1 event_ms_per_message=book:0.350
2026-08-10 11:37:03,330 INFO predmarket.watch.task - watch_price_change_progress messages=1 messages_delta=1 entries_per_message=2.00 book_levels_per_message=12.0 parse_ms_per_message=0.012 cache_ms_per_message=0.066 queue_ms_per_message=0.001
2026-08-10 11:37:03,428 INFO predmarket.watch.task - watch_evaluation_batch_completed batch=1 tokens=100 pending_tokens=0 generation=1 elapsed_ms=94
2026-08-10 11:37:11,492 INFO predmarket.app - catalog_cleanup_cycle_completed deleted_versions=0 deleted_journal_rows=0 remaining_versions=0 remaining_journal_rows=0
2026-08-10 11:37:13,989 INFO predmarket.polymarket.gateway - market_stream_pump_progress generation=1 sdk_events_total=164 sdk_events_delta=163 sdk_rate_per_second=15.2 mapped_delta=163 ignored_delta=0 mapping_ms_per_event=0.130 handoff_wait_ms_per_event=0.001 handoff_queue_size=1 handoff_queue_capacity=4096
2026-08-10 11:37:13,990 INFO predmarket.polymarket.gateway - market_stream_consumer_progress generation=1 events_total=164 events_delta=163 rate_per_second=15.2 queue_size=0 queue_capacity=65536 queue_utilization_pct=0.0 handle_dropped=0 manager_dropped=0
2026-08-10 11:37:13,991 INFO predmarket.watch.task - watch_price_change_progress messages=60 messages_delta=59 entries_per_message=2.00 book_levels_per_message=176.9 parse_ms_per_message=0.013 cache_ms_per_message=0.266 queue_ms_per_message=0.003
2026-08-10 11:37:13,991 INFO predmarket.watch.task - watch_stream_handler_progress messages=164 messages_delta=163 rate_per_second=15.2 event_counts=best_bid_ask:4,book:99,price_change:60 event_ms_per_message=best_bid_ask:0.006,book:0.315,price_change:0.326
2026-08-10 11:37:14,000 WARNING predmarket.watch.task - watch_exchange_clock_skew_warning generation=1 token_id=8821471636016667382466061737856493027367558182941585032907086769672418153787 exchange_timestamp=1786332109552 received_timestamp=1786333023255 exchange_clock_skew_ms=-913703 exchange_clock_skew_warning_ms=100 evaluation_continues=true
2026-08-10 11:37:14,030 INFO predmarket.watch.task - watch_evaluation_summary generation=1 tokens=2 generated_targets=4 targets=2 deduplicated_targets=2 persisted_signals=0 market_time=1786333034005 stream_silence_age_ms=0 decisions=ABSENT.PROFIT_BELOW_THRESHOLD:2 maximum_exchange_clock_skew_ms=-913703 exchange_clock_skew_warning_ms=100 maximum_exchange_clock_skew_token_id=8821471636016667382466061737856493027367558182941585032907086769672418153787 exchange_timestamp=1786332109552 received_timestamp=1786333023255 best_return_rate=-0.07196365 required_return_rate=0.00750000 best_opportunity_key=BINARY_UNDERPRICED:3436103 best_market_ids=3436103 context_ms=2 strategy_ms=30 signal_apply_ms=0 elapsed_ms=33
2026-08-10 11:37:17,033 INFO predmarket.watch.task - watch_evaluation_abort_summary window_aborted=5 reason_counts=dependency_revision_changed:5 stage_counts=after_strategy:1,before_strategy:4 evaluation_requests=174 evaluation_batches=25 evaluation_coalesced=82 pending_tokens=2 last_completed_summary_age_ms=3002 maximum_evaluation_elapsed_ms=30 sample_reason=dependency_revision_changed sample_stage=after_strategy sample_token_ids=14827069324818972667846730021305849423983649779987819621641377579069676255615,60867862524943850677449383715585553448659920879555043505079615338421071710024 sample_expected_revisions=14827069324818972667846730021305849423983649779987819621641377579069676255615:4,60867862524943850677449383715585553448659920879555043505079615338421071710024:4 sample_actual_revisions=14827069324818972667846730021305849423983649779987819621641377579069676255615:11,60867862524943850677449383715585553448659920879555043505079615338421071710024:11
2026-08-10 11:37:21,871 INFO predmarket.app - catalog_cleanup_cycle_completed deleted_versions=0 deleted_journal_rows=0 remaining_versions=0 remaining_journal_rows=0
2026-08-10 11:37:25,067 INFO predmarket.polymarket.gateway - market_stream_pump_progress generation=1 sdk_events_total=192 sdk_events_delta=28 sdk_rate_per_second=2.5 mapped_delta=28 ignored_delta=0 mapping_ms_per_event=0.060 handoff_wait_ms_per_event=0.003 handoff_queue_size=1 handoff_queue_capacity=4096
2026-08-10 11:37:25,067 INFO predmarket.polymarket.gateway - market_stream_consumer_progress generation=1 events_total=192 events_delta=28 rate_per_second=2.5 queue_size=0 queue_capacity=65536 queue_utilization_pct=0.0 handle_dropped=0 manager_dropped=0
2026-08-10 11:37:25,068 INFO predmarket.watch.task - watch_price_change_progress messages=88 messages_delta=28 entries_per_message=2.00 book_levels_per_message=187.3 parse_ms_per_message=0.017 cache_ms_per_message=0.282 queue_ms_per_message=0.004
2026-08-10 11:37:25,069 INFO predmarket.watch.task - watch_stream_handler_progress messages=192 messages_delta=28 rate_per_second=2.5 event_counts=price_change:28 event_ms_per_message=price_change:0.367
2026-08-10 11:37:25,073 WARNING predmarket.watch.task - watch_exchange_clock_skew_warning generation=1 token_id=86513298354050467303604090610493094167037526222122426208040554139477198388447 exchange_timestamp=1786332408037 received_timestamp=1786333023265 exchange_clock_skew_ms=-615228 exchange_clock_skew_warning_ms=100 evaluation_continues=true
2026-08-10 11:37:25,106 INFO predmarket.watch.task - watch_evaluation_summary generation=1 tokens=2 generated_targets=4 targets=2 deduplicated_targets=2 persisted_signals=0 market_time=1786333045058 stream_silence_age_ms=1 decisions=ABSENT.PROFIT_BELOW_THRESHOLD:2 maximum_exchange_clock_skew_ms=-615228 exchange_clock_skew_warning_ms=100 maximum_exchange_clock_skew_token_id=86513298354050467303604090610493094167037526222122426208040554139477198388447 exchange_timestamp=1786332408037 received_timestamp=1786333023265 best_return_rate=-0.04536338 required_return_rate=0.00750000 best_opportunity_key=BINARY_UNDERPRICED:3436192 best_market_ids=3436192 context_ms=3 strategy_ms=32 signal_apply_ms=0 elapsed_ms=36
2026-08-10 11:37:32,252 INFO predmarket.app - catalog_cleanup_cycle_completed deleted_versions=0 deleted_journal_rows=0 remaining_versions=0 remaining_journal_rows=0
2026-08-10 11:37:33,533 INFO predmarket.watch.task - watch_stream_progress messages=251 event_type=price_change generation=1 cache_state=VALID
2026-08-10 11:37:35,682 INFO predmarket.polymarket.gateway - market_stream_pump_progress generation=1 sdk_events_total=254 sdk_events_delta=62 sdk_rate_per_second=5.8 mapped_delta=62 ignored_delta=0 mapping_ms_per_event=0.046 handoff_wait_ms_per_event=0.002 handoff_queue_size=1 handoff_queue_capacity=4096
2026-08-10 11:37:35,683 INFO predmarket.polymarket.gateway - market_stream_consumer_progress generation=1 events_total=254 events_delta=62 rate_per_second=5.8 queue_size=0 queue_capacity=65536 queue_utilization_pct=0.0 handle_dropped=0 manager_dropped=0
2026-08-10 11:37:35,684 INFO predmarket.watch.task - watch_price_change_progress messages=150 messages_delta=62 entries_per_message=2.00 book_levels_per_message=196.0 parse_ms_per_message=0.014 cache_ms_per_message=0.312 queue_ms_per_message=0.003
2026-08-10 11:37:35,684 INFO predmarket.watch.task - watch_stream_handler_progress messages=254 messages_delta=62 rate_per_second=5.8 event_counts=price_change:62 event_ms_per_message=price_change:0.387
2026-08-10 11:37:35,690 WARNING predmarket.watch.task - watch_exchange_clock_skew_warning generation=1 token_id=86513298354050467303604090610493094167037526222122426208040554139477198388447 exchange_timestamp=1786332408037 received_timestamp=1786333023265 exchange_clock_skew_ms=-615228 exchange_clock_skew_warning_ms=100 evaluation_continues=true
2026-08-10 11:37:35,726 INFO predmarket.watch.task - watch_evaluation_summary generation=1 tokens=2 generated_targets=4 targets=2 deduplicated_targets=2 persisted_signals=0 market_time=1786333055666 stream_silence_age_ms=1 decisions=ABSENT.PROFIT_BELOW_THRESHOLD:2 maximum_exchange_clock_skew_ms=-615228 exchange_clock_skew_warning_ms=100 maximum_exchange_clock_skew_token_id=86513298354050467303604090610493094167037526222122426208040554139477198388447 exchange_timestamp=1786332408037 received_timestamp=1786333023265 best_return_rate=-0.04536338 required_return_rate=0.00750000 best_opportunity_key=BINARY_UNDERPRICED:3436192 best_market_ids=3436192 context_ms=3 strategy_ms=35 signal_apply_ms=0 elapsed_ms=39
2026-08-10 11:37:42,626 INFO predmarket.app - catalog_cleanup_cycle_completed deleted_versions=0 deleted_journal_rows=0 remaining_versions=0 remaining_journal_rows=0
2026-08-10 11:37:46,281 INFO predmarket.polymarket.gateway - market_stream_pump_progress generation=1 sdk_events_total=296 sdk_events_delta=42 sdk_rate_per_second=4.0 mapped_delta=42 ignored_delta=0 mapping_ms_per_event=0.051 handoff_wait_ms_per_event=0.002 handoff_queue_size=1 handoff_queue_capacity=4096
2026-08-10 11:37:46,281 INFO predmarket.polymarket.gateway - market_stream_consumer_progress generation=1 events_total=296 events_delta=42 rate_per_second=4.0 queue_size=0 queue_capacity=65536 queue_utilization_pct=0.0 handle_dropped=0 manager_dropped=0
2026-08-10 11:37:46,282 INFO predmarket.watch.task - watch_price_change_progress messages=192 messages_delta=42 entries_per_message=2.00 book_levels_per_message=195.4 parse_ms_per_message=0.015 cache_ms_per_message=0.344 queue_ms_per_message=0.004
2026-08-10 11:37:46,283 INFO predmarket.watch.task - watch_stream_handler_progress messages=296 messages_delta=42 rate_per_second=4.0 event_counts=price_change:42 event_ms_per_message=price_change:0.424
2026-08-10 11:37:46,288 WARNING predmarket.watch.task - watch_exchange_clock_skew_warning generation=1 token_id=86513298354050467303604090610493094167037526222122426208040554139477198388447 exchange_timestamp=1786332408037 received_timestamp=1786333023265 exchange_clock_skew_ms=-615228 exchange_clock_skew_warning_ms=100 evaluation_continues=true
2026-08-10 11:37:46,322 INFO predmarket.watch.task - watch_evaluation_summary generation=1 tokens=2 generated_targets=4 targets=2 deduplicated_targets=2 persisted_signals=0 market_time=1786333066147 stream_silence_age_ms=1 decisions=ABSENT.PROFIT_BELOW_THRESHOLD:2 maximum_exchange_clock_skew_ms=-615228 exchange_clock_skew_warning_ms=100 maximum_exchange_clock_skew_token_id=86513298354050467303604090610493094167037526222122426208040554139477198388447 exchange_timestamp=1786332408037 received_timestamp=1786333023265 best_return_rate=-0.04536338 required_return_rate=0.00750000 best_opportunity_key=BINARY_UNDERPRICED:3436192 best_market_ids=3436192 context_ms=4 strategy_ms=33 signal_apply_ms=0 elapsed_ms=38
2026-08-10 11:37:51,111 INFO predmarket.watch.task - watch_evaluation_abort_summary window_aborted=6 reason_counts=dependency_revision_changed:6 stage_counts=after_strategy:5,before_strategy:1 evaluation_requests=316 evaluation_batches=76 evaluation_coalesced=258 pending_tokens=2 last_completed_summary_age_ms=4790 maximum_evaluation_elapsed_ms=56 sample_reason=dependency_revision_changed sample_stage=after_strategy sample_token_ids=50940646408963453238635113892643295795715943123124267182415357448530392214022,66484835772642281574260105084083260613874850000865828870340716696170084116122 sample_expected_revisions=50940646408963453238635113892643295795715943123124267182415357448530392214022:84,66484835772642281574260105084083260613874850000865828870340716696170084116122:84 sample_actual_revisions=50940646408963453238635113892643295795715943123124267182415357448530392214022:86,66484835772642281574260105084083260613874850000865828870340716696170084116122:86
2026-08-10 11:37:53,002 INFO predmarket.app - catalog_cleanup_cycle_completed deleted_versions=0 deleted_journal_rows=0 remaining_versions=0 remaining_journal_rows=0
2026-08-10 11:37:56,327 INFO predmarket.polymarket.gateway - market_stream_pump_progress generation=1 sdk_events_total=374 sdk_events_delta=78 sdk_rate_per_second=7.8 mapped_delta=78 ignored_delta=0 mapping_ms_per_event=0.054 handoff_wait_ms_per_event=0.002 handoff_queue_size=1 handoff_queue_capacity=4096
2026-08-10 11:37:56,328 INFO predmarket.polymarket.gateway - market_stream_consumer_progress generation=1 events_total=374 events_delta=78 rate_per_second=7.8 queue_size=0 queue_capacity=65536 queue_utilization_pct=0.0 handle_dropped=0 manager_dropped=0
2026-08-10 11:37:56,328 INFO predmarket.watch.task - watch_price_change_progress messages=270 messages_delta=78 entries_per_message=2.00 book_levels_per_message=192.0 parse_ms_per_message=0.015 cache_ms_per_message=0.313 queue_ms_per_message=0.004
2026-08-10 11:37:56,329 INFO predmarket.watch.task - watch_stream_handler_progress messages=374 messages_delta=78 rate_per_second=7.8 event_counts=price_change:78 event_ms_per_message=price_change:0.390
2026-08-10 11:37:56,331 WARNING predmarket.watch.task - watch_exchange_clock_skew_warning generation=1 token_id=86513298354050467303604090610493094167037526222122426208040554139477198388447 exchange_timestamp=1786332408037 received_timestamp=1786333023265 exchange_clock_skew_ms=-615228 exchange_clock_skew_warning_ms=100 evaluation_continues=true
2026-08-10 11:37:56,356 INFO predmarket.watch.task - watch_evaluation_summary generation=1 tokens=2 generated_targets=4 targets=2 deduplicated_targets=2 persisted_signals=0 market_time=1786333076341 stream_silence_age_ms=1 decisions=ABSENT.PROFIT_BELOW_THRESHOLD:2 maximum_exchange_clock_skew_ms=-615228 exchange_clock_skew_warning_ms=100 maximum_exchange_clock_skew_token_id=86513298354050467303604090610493094167037526222122426208040554139477198388447 exchange_timestamp=1786332408037 received_timestamp=1786333023265 best_return_rate=-0.05440750 required_return_rate=0.00750000 best_opportunity_key=BINARY_UNDERPRICED:3436703 best_market_ids=3436703 context_ms=2 strategy_ms=24 signal_apply_ms=0 elapsed_ms=26
2026-08-10 11:38:03,416 INFO predmarket.app - catalog_cleanup_cycle_completed deleted_versions=0 deleted_journal_rows=0 remaining_versions=0 remaining_journal_rows=0
2026-08-10 11:38:03,583 INFO predmarket.watch.task - watch_stream_progress messages=426 event_type=price_change generation=1 cache_state=VALID
2026-08-10 11:38:07,285 INFO predmarket.polymarket.gateway - market_stream_pump_progress generation=1 sdk_events_total=434 sdk_events_delta=60 sdk_rate_per_second=5.5 mapped_delta=60 ignored_delta=0 mapping_ms_per_event=0.065 handoff_wait_ms_per_event=0.003 handoff_queue_size=1 handoff_queue_capacity=4096
2026-08-10 11:38:07,286 INFO predmarket.polymarket.gateway - market_stream_consumer_progress generation=1 events_total=434 events_delta=60 rate_per_second=5.5 queue_size=0 queue_capacity=65536 queue_utilization_pct=0.0 handle_dropped=0 manager_dropped=0
2026-08-10 11:38:07,287 INFO predmarket.watch.task - watch_price_change_progress messages=330 messages_delta=60 entries_per_message=2.00 book_levels_per_message=194.0 parse_ms_per_message=0.019 cache_ms_per_message=0.378 queue_ms_per_message=0.005
2026-08-10 11:38:07,287 INFO predmarket.watch.task - watch_stream_handler_progress messages=434 messages_delta=60 rate_per_second=5.5 event_counts=price_change:60 event_ms_per_message=price_change:0.481
2026-08-10 11:38:07,292 WARNING predmarket.watch.task - watch_exchange_clock_skew_warning generation=1 token_id=86513298354050467303604090610493094167037526222122426208040554139477198388447 exchange_timestamp=1786332408037 received_timestamp=1786333023265 exchange_clock_skew_ms=-615228 exchange_clock_skew_warning_ms=100 evaluation_continues=true
2026-08-10 11:38:07,327 INFO predmarket.watch.task - watch_evaluation_summary generation=1 tokens=2 generated_targets=4 targets=2 deduplicated_targets=2 persisted_signals=0 market_time=1786333087225 stream_silence_age_ms=1 decisions=ABSENT.PROFIT_BELOW_THRESHOLD:2 maximum_exchange_clock_skew_ms=-615228 exchange_clock_skew_warning_ms=100 maximum_exchange_clock_skew_token_id=86513298354050467303604090610493094167037526222122426208040554139477198388447 exchange_timestamp=1786332408037 received_timestamp=1786333023265 best_return_rate=-0.04536338 required_return_rate=0.00750000 best_opportunity_key=BINARY_UNDERPRICED:3436192 best_market_ids=3436192 context_ms=4 strategy_ms=34 signal_apply_ms=0 elapsed_ms=38
2026-08-10 11:38:08,002 INFO predmarket.watch.task - watch_evaluation_abort_summary window_aborted=4 reason_counts=dependency_revision_changed:4 stage_counts=before_strategy:4 evaluation_requests=448 evaluation_batches=137 evaluation_coalesced=376 pending_tokens=2 last_completed_summary_age_ms=675 maximum_evaluation_elapsed_ms=37 sample_reason=dependency_revision_changed sample_stage=before_strategy sample_token_ids=50940646408963453238635113892643295795715943123124267182415357448530392214022,66484835772642281574260105084083260613874850000865828870340716696170084116122 sample_expected_revisions=50940646408963453238635113892643295795715943123124267182415357448530392214022:141,66484835772642281574260105084083260613874850000865828870340716696170084116122:141 sample_actual_revisions=50940646408963453238635113892643295795715943123124267182415357448530392214022:146,66484835772642281574260105084083260613874850000865828870340716696170084116122:146
2026-08-10 11:38:13,810 INFO predmarket.app - catalog_cleanup_cycle_completed deleted_versions=0 deleted_journal_rows=0 remaining_versions=0 remaining_journal_rows=0
2026-08-10 11:38:17,865 INFO predmarket.polymarket.gateway - market_stream_pump_progress generation=1 sdk_events_total=473 sdk_events_delta=39 sdk_rate_per_second=3.7 mapped_delta=39 ignored_delta=0 mapping_ms_per_event=0.055 handoff_wait_ms_per_event=0.002 handoff_queue_size=1 handoff_queue_capacity=4096
2026-08-10 11:38:17,867 INFO predmarket.polymarket.gateway - market_stream_consumer_progress generation=1 events_total=473 events_delta=39 rate_per_second=3.7 queue_size=0 queue_capacity=65536 queue_utilization_pct=0.0 handle_dropped=0 manager_dropped=0
2026-08-10 11:38:17,868 INFO predmarket.watch.task - watch_price_change_progress messages=369 messages_delta=39 entries_per_message=2.00 book_levels_per_message=190.3 parse_ms_per_message=0.017 cache_ms_per_message=0.344 queue_ms_per_message=0.004
2026-08-10 11:38:17,868 INFO predmarket.watch.task - watch_stream_handler_progress messages=473 messages_delta=39 rate_per_second=3.7 event_counts=price_change:39 event_ms_per_message=price_change:0.426
2026-08-10 11:38:17,874 WARNING predmarket.watch.task - watch_exchange_clock_skew_warning generation=1 token_id=86513298354050467303604090610493094167037526222122426208040554139477198388447 exchange_timestamp=1786332408037 received_timestamp=1786333023265 exchange_clock_skew_ms=-615228 exchange_clock_skew_warning_ms=100 evaluation_continues=true
2026-08-10 11:38:17,909 INFO predmarket.watch.task - watch_evaluation_summary generation=1 tokens=2 generated_targets=4 targets=2 deduplicated_targets=2 persisted_signals=0 market_time=1786333097766 stream_silence_age_ms=0 decisions=ABSENT.PROFIT_BELOW_THRESHOLD:2 maximum_exchange_clock_skew_ms=-615228 exchange_clock_skew_warning_ms=100 maximum_exchange_clock_skew_token_id=86513298354050467303604090610493094167037526222122426208040554139477198388447 exchange_timestamp=1786332408037 received_timestamp=1786333023265 best_return_rate=-0.04536338 required_return_rate=0.00750000 best_opportunity_key=BINARY_UNDERPRICED:3436192 best_market_ids=3436192 context_ms=4 strategy_ms=34 signal_apply_ms=0 elapsed_ms=39
2026-08-10 11:38:23,957 INFO predmarket.watch.task - watch_evaluation_abort_summary window_aborted=3 reason_counts=dependency_revision_changed:3 stage_counts=after_strategy:2,before_strategy:1 evaluation_requests=490 evaluation_batches=154 evaluation_coalesced=422 pending_tokens=4 last_completed_summary_age_ms=6047 maximum_evaluation_elapsed_ms=37 sample_reason=dependency_revision_changed sample_stage=before_strategy sample_token_ids=50940646408963453238635113892643295795715943123124267182415357448530392214022,66484835772642281574260105084083260613874850000865828870340716696170084116122 sample_expected_revisions=50940646408963453238635113892643295795715943123124267182415357448530392214022:161,66484835772642281574260105084083260613874850000865828870340716696170084116122:161 sample_actual_revisions=50940646408963453238635113892643295795715943123124267182415357448530392214022:162,66484835772642281574260105084083260613874850000865828870340716696170084116122:162
2026-08-10 11:38:24,219 INFO predmarket.app - catalog_cleanup_cycle_completed deleted_versions=0 deleted_journal_rows=0 remaining_versions=0 remaining_journal_rows=0
2026-08-10 11:38:28,211 INFO predmarket.polymarket.gateway - market_stream_pump_progress generation=1 sdk_events_total=524 sdk_events_delta=51 sdk_rate_per_second=4.9 mapped_delta=51 ignored_delta=0 mapping_ms_per_event=0.034 handoff_wait_ms_per_event=0.001 handoff_queue_size=1 handoff_queue_capacity=4096
2026-08-10 11:38:28,212 INFO predmarket.polymarket.gateway - market_stream_consumer_progress generation=1 events_total=524 events_delta=51 rate_per_second=4.9 queue_size=0 queue_capacity=65536 queue_utilization_pct=0.0 handle_dropped=0 manager_dropped=0
2026-08-10 11:38:28,213 INFO predmarket.watch.task - watch_price_change_progress messages=420 messages_delta=51 entries_per_message=2.00 book_levels_per_message=190.7 parse_ms_per_message=0.011 cache_ms_per_message=0.254 queue_ms_per_message=0.002
2026-08-10 11:38:28,213 INFO predmarket.watch.task - watch_stream_handler_progress messages=524 messages_delta=51 rate_per_second=4.9 event_counts=price_change:51 event_ms_per_message=price_change:0.313
2026-08-10 11:38:28,218 WARNING predmarket.watch.task - watch_exchange_clock_skew_warning generation=1 token_id=86513298354050467303604090610493094167037526222122426208040554139477198388447 exchange_timestamp=1786332408037 received_timestamp=1786333023265 exchange_clock_skew_ms=-615228 exchange_clock_skew_warning_ms=100 evaluation_continues=true
2026-08-10 11:38:28,283 INFO predmarket.watch.task - watch_evaluation_summary generation=1 tokens=2 generated_targets=4 targets=2 deduplicated_targets=2 persisted_signals=0 market_time=1786333108234 stream_silence_age_ms=0 decisions=ABSENT.PROFIT_BELOW_THRESHOLD:2 maximum_exchange_clock_skew_ms=-615228 exchange_clock_skew_warning_ms=100 maximum_exchange_clock_skew_token_id=86513298354050467303604090610493094167037526222122426208040554139477198388447 exchange_timestamp=1786332408037 received_timestamp=1786333023265 best_return_rate=-0.04536338 required_return_rate=0.00750000 best_opportunity_key=BINARY_UNDERPRICED:3436192 best_market_ids=3436192 context_ms=2 strategy_ms=25 signal_apply_ms=0 elapsed_ms=27
2026-08-10 11:38:34,392 INFO predmarket.watch.task - watch_stream_progress messages=552 event_type=price_change generation=1 cache_state=VALID
2026-08-10 11:38:34,602 INFO predmarket.app - catalog_cleanup_cycle_completed deleted_versions=0 deleted_journal_rows=0 remaining_versions=0 remaining_journal_rows=0
2026-08-10 11:38:38,619 INFO predmarket.polymarket.gateway - market_stream_pump_progress generation=1 sdk_events_total=561 sdk_events_delta=37 sdk_rate_per_second=3.6 mapped_delta=34 ignored_delta=3 mapping_ms_per_event=0.048 handoff_wait_ms_per_event=0.002 handoff_queue_size=1 handoff_queue_capacity=4096
2026-08-10 11:38:38,619 INFO predmarket.polymarket.gateway - market_stream_consumer_progress generation=1 events_total=558 events_delta=34 rate_per_second=3.3 queue_size=0 queue_capacity=65536 queue_utilization_pct=0.0 handle_dropped=0 manager_dropped=0
2026-08-10 11:38:38,620 INFO predmarket.watch.task - watch_price_change_progress messages=454 messages_delta=34 entries_per_message=2.00 book_levels_per_message=195.7 parse_ms_per_message=0.016 cache_ms_per_message=0.337 queue_ms_per_message=0.004
2026-08-10 11:38:38,621 INFO predmarket.watch.task - watch_stream_handler_progress messages=558 messages_delta=34 rate_per_second=3.3 event_counts=price_change:34 event_ms_per_message=price_change:0.421
2026-08-10 11:38:38,625 WARNING predmarket.watch.task - watch_exchange_clock_skew_warning generation=1 token_id=86513298354050467303604090610493094167037526222122426208040554139477198388447 exchange_timestamp=1786332408037 received_timestamp=1786333023265 exchange_clock_skew_ms=-615228 exchange_clock_skew_warning_ms=100 evaluation_continues=true
2026-08-10 11:38:38,660 INFO predmarket.watch.task - watch_evaluation_summary generation=1 tokens=2 generated_targets=4 targets=2 deduplicated_targets=2 persisted_signals=0 market_time=1786333118630 stream_silence_age_ms=1 decisions=ABSENT.PROFIT_BELOW_THRESHOLD:2 maximum_exchange_clock_skew_ms=-615228 exchange_clock_skew_warning_ms=100 maximum_exchange_clock_skew_token_id=86513298354050467303604090610493094167037526222122426208040554139477198388447 exchange_timestamp=1786332408037 received_timestamp=1786333023265 best_return_rate=-0.04536338 required_return_rate=0.00750000 best_opportunity_key=BINARY_UNDERPRICED:3436192 best_market_ids=3436192 context_ms=3 strategy_ms=34 signal_apply_ms=0 elapsed_ms=38
2026-08-10 11:38:38,807 INFO predmarket.watch.task - watch_evaluation_abort_summary window_aborted=5 reason_counts=dependency_revision_changed:5 stage_counts=after_strategy:2,before_strategy:3 evaluation_requests=565 evaluation_batches=177 evaluation_coalesced=520 pending_tokens=2 last_completed_summary_age_ms=147 maximum_evaluation_elapsed_ms=41 sample_reason=dependency_revision_changed sample_stage=before_strategy sample_token_ids=50940646408963453238635113892643295795715943123124267182415357448530392214022,66484835772642281574260105084083260613874850000865828870340716696170084116122 sample_expected_revisions=50940646408963453238635113892643295795715943123124267182415357448530392214022:204,66484835772642281574260105084083260613874850000865828870340716696170084116122:204 sample_actual_revisions=50940646408963453238635113892643295795715943123124267182415357448530392214022:205,66484835772642281574260105084083260613874850000865828870340716696170084116122:205
2026-08-10 11:38:44,972 INFO predmarket.app - catalog_cleanup_cycle_completed deleted_versions=0 deleted_journal_rows=0 remaining_versions=0 remaining_journal_rows=0
2026-08-10 11:38:49,001 INFO predmarket.polymarket.gateway - market_stream_pump_progress generation=1 sdk_events_total=608 sdk_events_delta=47 sdk_rate_per_second=4.5 mapped_delta=44 ignored_delta=3 mapping_ms_per_event=0.042 handoff_wait_ms_per_event=0.002 handoff_queue_size=1 handoff_queue_capacity=4096
2026-08-10 11:38:49,002 INFO predmarket.polymarket.gateway - market_stream_consumer_progress generation=1 events_total=602 events_delta=44 rate_per_second=4.2 queue_size=0 queue_capacity=65536 queue_utilization_pct=0.0 handle_dropped=0 manager_dropped=0
2026-08-10 11:38:49,003 INFO predmarket.watch.task - watch_price_change_progress messages=498 messages_delta=44 entries_per_message=2.00 book_levels_per_message=193.9 parse_ms_per_message=0.013 cache_ms_per_message=0.267 queue_ms_per_message=0.003
2026-08-10 11:38:49,003 INFO predmarket.watch.task - watch_stream_handler_progress messages=602 messages_delta=44 rate_per_second=4.2 event_counts=price_change:44 event_ms_per_message=price_change:0.337
2026-08-10 11:38:49,011 WARNING predmarket.watch.task - watch_exchange_clock_skew_warning generation=1 token_id=86513298354050467303604090610493094167037526222122426208040554139477198388447 exchange_timestamp=1786332408037 received_timestamp=1786333023265 exchange_clock_skew_ms=-615228 exchange_clock_skew_warning_ms=100 evaluation_continues=true
2026-08-10 11:38:49,043 INFO predmarket.watch.task - watch_evaluation_summary generation=1 tokens=2 generated_targets=4 targets=2 deduplicated_targets=2 persisted_signals=0 market_time=1786333129000 stream_silence_age_ms=0 decisions=ABSENT.PROFIT_BELOW_THRESHOLD:2 maximum_exchange_clock_skew_ms=-615228 exchange_clock_skew_warning_ms=100 maximum_exchange_clock_skew_token_id=86513298354050467303604090610493094167037526222122426208040554139477198388447 exchange_timestamp=1786332408037 received_timestamp=1786333023265 best_return_rate=-0.04536338 required_return_rate=0.00750000 best_opportunity_key=BINARY_UNDERPRICED:3436195 best_market_ids=3436195 context_ms=3 strategy_ms=31 signal_apply_ms=0 elapsed_ms=35
2026-08-10 11:38:53,308 INFO predmarket.watch.task - watch_evaluation_abort_summary window_aborted=3 reason_counts=dependency_revision_changed:3 stage_counts=after_strategy:2,before_strategy:1 evaluation_requests=607 evaluation_batches=200 evaluation_coalesced=544 pending_tokens=2 last_completed_summary_age_ms=4265 maximum_evaluation_elapsed_ms=39 sample_reason=dependency_revision_changed sample_stage=before_strategy sample_token_ids=42510750590941529190948547648591091159961726742666138609147094754699623789186,9527897186028883866601376291426044887292125040180168165330522910551404848146 sample_expected_revisions=42510750590941529190948547648591091159961726742666138609147094754699623789186:103,9527897186028883866601376291426044887292125040180168165330522910551404848146:103 sample_actual_revisions=42510750590941529190948547648591091159961726742666138609147094754699623789186:104,9527897186028883866601376291426044887292125040180168165330522910551404848146:104
2026-08-10 11:38:55,377 INFO predmarket.app - catalog_cleanup_cycle_completed deleted_versions=0 deleted_journal_rows=0 remaining_versions=0 remaining_journal_rows=0
2026-08-10 11:38:59,600 INFO predmarket.polymarket.gateway - market_stream_pump_progress generation=1 sdk_events_total=644 sdk_events_delta=36 sdk_rate_per_second=3.4 mapped_delta=29 ignored_delta=7 mapping_ms_per_event=0.047 handoff_wait_ms_per_event=0.003 handoff_queue_size=1 handoff_queue_capacity=4096
2026-08-10 11:38:59,600 INFO predmarket.polymarket.gateway - market_stream_consumer_progress generation=1 events_total=631 events_delta=29 rate_per_second=2.7 queue_size=0 queue_capacity=65536 queue_utilization_pct=0.0 handle_dropped=0 manager_dropped=0
2026-08-10 11:38:59,601 INFO predmarket.watch.task - watch_price_change_progress messages=527 messages_delta=29 entries_per_message=2.00 book_levels_per_message=194.5 parse_ms_per_message=0.017 cache_ms_per_message=0.317 queue_ms_per_message=0.004
2026-08-10 11:38:59,601 INFO predmarket.watch.task - watch_stream_handler_progress messages=631 messages_delta=29 rate_per_second=2.7 event_counts=price_change:29 event_ms_per_message=price_change:0.406
2026-08-10 11:38:59,606 WARNING predmarket.watch.task - watch_exchange_clock_skew_warning generation=1 token_id=86513298354050467303604090610493094167037526222122426208040554139477198388447 exchange_timestamp=1786332408037 received_timestamp=1786333023265 exchange_clock_skew_ms=-615228 exchange_clock_skew_warning_ms=100 evaluation_continues=true
2026-08-10 11:38:59,636 INFO predmarket.watch.task - watch_evaluation_summary generation=1 tokens=2 generated_targets=4 targets=2 deduplicated_targets=2 persisted_signals=0 market_time=1786333139610 stream_silence_age_ms=1 decisions=ABSENT.PROFIT_BELOW_THRESHOLD:2 maximum_exchange_clock_skew_ms=-615228 exchange_clock_skew_warning_ms=100 maximum_exchange_clock_skew_token_id=86513298354050467303604090610493094167037526222122426208040554139477198388447 exchange_timestamp=1786332408037 received_timestamp=1786333023265 best_return_rate=-0.04536338 required_return_rate=0.00750000 best_opportunity_key=BINARY_UNDERPRICED:3436192 best_market_ids=3436192 context_ms=3 strategy_ms=30 signal_apply_ms=0 elapsed_ms=34
2026-08-10 11:39:02,204 INFO predmarket.watch.task - watch_catalog_refresh_started markets=50 concurrency=10 trigger=periodic
2026-08-10 11:39:04,665 INFO predmarket.watch.task - watch_stream_progress messages=671 event_type=price_change generation=1 cache_state=VALID
2026-08-10 11:39:20,454 INFO predmarket.polymarket.gateway - market_stream_pump_progress generation=1 sdk_events_total=687 sdk_events_delta=43 sdk_rate_per_second=2.1 mapped_delta=41 ignored_delta=2 mapping_ms_per_event=0.037 handoff_wait_ms_per_event=0.002 handoff_queue_size=1 handoff_queue_capacity=4096
2026-08-10 11:39:20,457 INFO predmarket.polymarket.gateway - market_stream_consumer_progress generation=1 events_total=672 events_delta=41 rate_per_second=2.0 queue_size=0 queue_capacity=65536 queue_utilization_pct=0.0 handle_dropped=0 manager_dropped=0
2026-08-10 11:39:20,457 INFO predmarket.watch.task - watch_price_change_progress messages=568 messages_delta=41 entries_per_message=2.00 book_levels_per_message=174.9 parse_ms_per_message=0.012 cache_ms_per_message=0.268 queue_ms_per_message=0.003
2026-08-10 11:39:20,457 INFO predmarket.watch.task - watch_stream_handler_progress messages=672 messages_delta=41 rate_per_second=2.0 event_counts=price_change:41 event_ms_per_message=price_change:0.333
2026-08-10 11:39:20,514 WARNING predmarket.watch.task - watch_exchange_clock_skew_warning generation=1 token_id=86513298354050467303604090610493094167037526222122426208040554139477198388447 exchange_timestamp=1786332408037 received_timestamp=1786333023265 exchange_clock_skew_ms=-615228 exchange_clock_skew_warning_ms=100 evaluation_continues=true
2026-08-10 11:39:20,562 INFO predmarket.watch.task - watch_evaluation_summary generation=1 tokens=18 generated_targets=36 targets=18 deduplicated_targets=18 persisted_signals=0 market_time=1786333160001 stream_silence_age_ms=1 decisions=ABSENT.PROFIT_BELOW_THRESHOLD:4,NOT_EVALUABLE.ORDERBOOK_STALE.orderbook_stale:14 maximum_exchange_clock_skew_ms=-615228 exchange_clock_skew_warning_ms=100 maximum_exchange_clock_skew_token_id=86513298354050467303604090610493094167037526222122426208040554139477198388447 exchange_timestamp=1786332408037 received_timestamp=1786333023265 best_return_rate=-0.05440750 required_return_rate=0.00750000 best_opportunity_key=BINARY_UNDERPRICED:3436107 best_market_ids=3436107 context_ms=4 strategy_ms=47 signal_apply_ms=0 elapsed_ms=52
2026-08-10 11:39:20,704 INFO predmarket.watch.task - watch_catalog_refresh_completed requested=50 succeeded=50 failed=0 elapsed_ms=18500 trigger=periodic
2026-08-10 11:39:20,798 INFO predmarket.app - strategy_catalog_snapshot_prepared events=18562 markets=138082 tokens=276164 elapsed_ms=93
2026-08-10 11:39:20,807 INFO predmarket.watch.task - watch_market_metadata_refresh_cycle_completed markets=50 snapshot_source=memory context_prepared=True elapsed_ms=18602
2026-08-10 11:39:21,248 INFO predmarket.app - catalog_cleanup_cycle_completed deleted_versions=0 deleted_journal_rows=150 remaining_versions=0 remaining_journal_rows=0
2026-08-10 11:39:30,819 INFO predmarket.polymarket.gateway - market_stream_pump_progress generation=1 sdk_events_total=817 sdk_events_delta=130 sdk_rate_per_second=12.5 mapped_delta=129 ignored_delta=1 mapping_ms_per_event=0.024 handoff_wait_ms_per_event=0.001 handoff_queue_size=1 handoff_queue_capacity=4096
2026-08-10 11:39:30,820 INFO predmarket.polymarket.gateway - market_stream_consumer_progress generation=1 events_total=801 events_delta=129 rate_per_second=12.4 queue_size=0 queue_capacity=65536 queue_utilization_pct=0.0 handle_dropped=0 manager_dropped=0
2026-08-10 11:39:30,821 INFO predmarket.watch.task - watch_price_change_progress messages=695 messages_delta=127 entries_per_message=2.00 book_levels_per_message=180.3 parse_ms_per_message=0.009 cache_ms_per_message=0.210 queue_ms_per_message=0.002
2026-08-10 11:39:30,821 INFO predmarket.watch.task - watch_stream_handler_progress messages=801 messages_delta=129 rate_per_second=12.4 event_counts=best_bid_ask:2,price_change:127 event_ms_per_message=best_bid_ask:0.002,price_change:0.255
2026-08-10 11:39:30,826 WARNING predmarket.watch.task - watch_exchange_clock_skew_warning generation=1 token_id=86513298354050467303604090610493094167037526222122426208040554139477198388447 exchange_timestamp=1786332408037 received_timestamp=1786333023265 exchange_clock_skew_ms=-615228 exchange_clock_skew_warning_ms=100 evaluation_continues=true
2026-08-10 11:39:30,844 INFO predmarket.watch.task - watch_evaluation_summary generation=1 tokens=2 generated_targets=4 targets=2 deduplicated_targets=2 persisted_signals=0 market_time=1786333170834 stream_silence_age_ms=1 decisions=ABSENT.PROFIT_BELOW_THRESHOLD:2 maximum_exchange_clock_skew_ms=-615228 exchange_clock_skew_warning_ms=100 maximum_exchange_clock_skew_token_id=86513298354050467303604090610493094167037526222122426208040554139477198388447 exchange_timestamp=1786332408037 received_timestamp=1786333023265 best_return_rate=-0.05440750 required_return_rate=0.00750000 best_opportunity_key=BINARY_UNDERPRICED:3436107 best_market_ids=3436107 context_ms=4 strategy_ms=17 signal_apply_ms=0 elapsed_ms=22
2026-08-10 11:39:31,641 INFO predmarket.app - catalog_cleanup_cycle_completed deleted_versions=0 deleted_journal_rows=0 remaining_versions=0 remaining_journal_rows=0
2026-08-10 11:39:35,488 INFO predmarket.watch.task - watch_stream_progress messages=808 event_type=price_change generation=1 cache_state=VALID
2026-08-10 11:39:41,841 INFO predmarket.polymarket.gateway - market_stream_pump_progress generation=1 sdk_events_total=829 sdk_events_delta=12 sdk_rate_per_second=1.1 mapped_delta=12 ignored_delta=0 mapping_ms_per_event=0.082 handoff_wait_ms_per_event=0.004 handoff_queue_size=1 handoff_queue_capacity=4096
2026-08-10 11:39:41,842 INFO predmarket.polymarket.gateway - market_stream_consumer_progress generation=1 events_total=813 events_delta=12 rate_per_second=1.1 queue_size=0 queue_capacity=65536 queue_utilization_pct=0.0 handle_dropped=0 manager_dropped=0
2026-08-10 11:39:41,842 INFO predmarket.watch.task - watch_price_change_progress messages=707 messages_delta=12 entries_per_message=2.00 book_levels_per_message=190.8 parse_ms_per_message=0.022 cache_ms_per_message=0.368 queue_ms_per_message=0.006
2026-08-10 11:39:41,842 INFO predmarket.watch.task - watch_stream_handler_progress messages=813 messages_delta=12 rate_per_second=1.1 event_counts=price_change:12 event_ms_per_message=price_change:0.511
2026-08-10 11:39:41,846 WARNING predmarket.watch.task - watch_exchange_clock_skew_warning generation=1 token_id=86513298354050467303604090610493094167037526222122426208040554139477198388447 exchange_timestamp=1786332408037 received_timestamp=1786333023265 exchange_clock_skew_ms=-615228 exchange_clock_skew_warning_ms=100 evaluation_continues=true
2026-08-10 11:39:41,869 INFO predmarket.watch.task - watch_evaluation_summary generation=1 tokens=2 generated_targets=4 targets=2 deduplicated_targets=2 persisted_signals=0 market_time=1786333181689 stream_silence_age_ms=1 decisions=ABSENT.PROFIT_BELOW_THRESHOLD:2 maximum_exchange_clock_skew_ms=-615228 exchange_clock_skew_warning_ms=100 maximum_exchange_clock_skew_token_id=86513298354050467303604090610493094167037526222122426208040554139477198388447 exchange_timestamp=1786332408037 received_timestamp=1786333023265 best_return_rate=-0.04536338 required_return_rate=0.00750000 best_opportunity_key=BINARY_UNDERPRICED:3436192 best_market_ids=3436192 context_ms=3 strategy_ms=23 signal_apply_ms=0 elapsed_ms=27
2026-08-10 11:39:42,044 INFO predmarket.app - catalog_cleanup_cycle_completed deleted_versions=0 deleted_journal_rows=0 remaining_versions=0 remaining_journal_rows=0
2026-08-10 11:39:51,965 INFO predmarket.polymarket.gateway - market_stream_pump_progress generation=1 sdk_events_total=884 sdk_events_delta=55 sdk_rate_per_second=5.4 mapped_delta=55 ignored_delta=0 mapping_ms_per_event=0.051 handoff_wait_ms_per_event=0.002 handoff_queue_size=1 handoff_queue_capacity=4096
2026-08-10 11:39:51,966 INFO predmarket.polymarket.gateway - market_stream_consumer_progress generation=1 events_total=868 events_delta=55 rate_per_second=5.4 queue_size=0 queue_capacity=65536 queue_utilization_pct=0.0 handle_dropped=0 manager_dropped=0
2026-08-10 11:39:51,967 INFO predmarket.watch.task - watch_price_change_progress messages=762 messages_delta=55 entries_per_message=2.00 book_levels_per_message=162.4 parse_ms_per_message=0.015 cache_ms_per_message=0.310 queue_ms_per_message=0.003
2026-08-10 11:39:51,967 INFO predmarket.watch.task - watch_stream_handler_progress messages=868 messages_delta=55 rate_per_second=5.4 event_counts=price_change:55 event_ms_per_message=price_change:0.384
2026-08-10 11:39:51,973 WARNING predmarket.watch.task - watch_exchange_clock_skew_warning generation=1 token_id=86513298354050467303604090610493094167037526222122426208040554139477198388447 exchange_timestamp=1786332408037 received_timestamp=1786333023265 exchange_clock_skew_ms=-615228 exchange_clock_skew_warning_ms=100 evaluation_continues=true
2026-08-10 11:39:52,009 INFO predmarket.watch.task - watch_evaluation_summary generation=1 tokens=2 generated_targets=4 targets=2 deduplicated_targets=2 persisted_signals=0 market_time=1786333191981 stream_silence_age_ms=0 decisions=ABSENT.PROFIT_BELOW_THRESHOLD:2 maximum_exchange_clock_skew_ms=-615228 exchange_clock_skew_warning_ms=100 maximum_exchange_clock_skew_token_id=86513298354050467303604090610493094167037526222122426208040554139477198388447 exchange_timestamp=1786332408037 received_timestamp=1786333023265 best_return_rate=-0.06326783 required_return_rate=0.00750000 best_opportunity_key=BINARY_UNDERPRICED:3436115 best_market_ids=3436115 context_ms=3 strategy_ms=35 signal_apply_ms=0 elapsed_ms=39
2026-08-10 11:39:52,502 INFO predmarket.app - catalog_cleanup_cycle_completed deleted_versions=0 deleted_journal_rows=0 remaining_versions=0 remaining_journal_rows=0
2026-08-10 11:39:57,103 INFO predmarket.watch.task - watch_evaluation_abort_summary window_aborted=4 reason_counts=dependency_revision_changed:4 stage_counts=after_strategy:3,before_strategy:1 evaluation_requests=899 evaluation_batches=286 evaluation_coalesced=862 pending_tokens=2 last_completed_summary_age_ms=5094 maximum_evaluation_elapsed_ms=59 sample_reason=dependency_revision_changed sample_stage=before_strategy sample_token_ids=48727517318278121806920421060407479481182545936653618534353847097491316977954,87251899543640220440991652905422853908558265179272985536326918611007312418615 sample_expected_revisions=48727517318278121806920421060407479481182545936653618534353847097491316977954:15,87251899543640220440991652905422853908558265179272985536326918611007312418615:15 sample_actual_revisions=48727517318278121806920421060407479481182545936653618534353847097491316977954:17,87251899543640220440991652905422853908558265179272985536326918611007312418615:17
2026-08-10 11:40:02,599 INFO predmarket.polymarket.gateway - market_stream_pump_progress generation=1 sdk_events_total=1005 sdk_events_delta=121 sdk_rate_per_second=11.4 mapped_delta=121 ignored_delta=0 mapping_ms_per_event=0.041 handoff_wait_ms_per_event=0.002 handoff_queue_size=1 handoff_queue_capacity=4096
2026-08-10 11:40:02,600 INFO predmarket.polymarket.gateway - market_stream_consumer_progress generation=1 events_total=989 events_delta=121 rate_per_second=11.4 queue_size=0 queue_capacity=65536 queue_utilization_pct=0.0 handle_dropped=0 manager_dropped=0
2026-08-10 11:40:02,600 INFO predmarket.watch.task - watch_price_change_progress messages=883 messages_delta=121 entries_per_message=2.00 book_levels_per_message=175.0 parse_ms_per_message=0.012 cache_ms_per_message=0.230 queue_ms_per_message=0.003
2026-08-10 11:40:02,600 INFO predmarket.watch.task - watch_stream_handler_progress messages=989 messages_delta=121 rate_per_second=11.4 event_counts=price_change:121 event_ms_per_message=price_change:0.284
2026-08-10 11:40:02,605 WARNING predmarket.watch.task - watch_exchange_clock_skew_warning generation=1 token_id=86513298354050467303604090610493094167037526222122426208040554139477198388447 exchange_timestamp=1786332408037 received_timestamp=1786333023265 exchange_clock_skew_ms=-615228 exchange_clock_skew_warning_ms=100 evaluation_continues=true
2026-08-10 11:40:02,651 INFO predmarket.watch.task - watch_evaluation_summary generation=1 tokens=4 generated_targets=8 targets=4 deduplicated_targets=4 persisted_signals=0 market_time=1786333202613 stream_silence_age_ms=0 decisions=ABSENT.PROFIT_BELOW_THRESHOLD:4 maximum_exchange_clock_skew_ms=-615228 exchange_clock_skew_warning_ms=100 maximum_exchange_clock_skew_token_id=86513298354050467303604090610493094167037526222122426208040554139477198388447 exchange_timestamp=1786332408037 received_timestamp=1786333023265 best_return_rate=-0.04536338 required_return_rate=0.00750000 best_opportunity_key=BINARY_UNDERPRICED:3436711 best_market_ids=3436711 context_ms=3 strategy_ms=45 signal_apply_ms=0 elapsed_ms=49
2026-08-10 11:40:02,887 INFO predmarket.app - catalog_cleanup_cycle_completed deleted_versions=0 deleted_journal_rows=0 remaining_versions=0 remaining_journal_rows=0
2026-08-10 11:40:05,052 INFO predmarket.watch.task - watch_stream_progress messages=1000 event_type=price_change generation=1 cache_state=VALID
2026-08-10 11:40:06,320 INFO predmarket.watch.task - watch_evaluation_queue_progress requests=1000 pending_tokens=2 coalesced_tokens=938 generation=1
2026-08-10 11:40:12,899 INFO predmarket.polymarket.gateway - market_stream_pump_progress generation=1 sdk_events_total=1052 sdk_events_delta=47 sdk_rate_per_second=4.6 mapped_delta=47 ignored_delta=0 mapping_ms_per_event=0.049 handoff_wait_ms_per_event=0.002 handoff_queue_size=1 handoff_queue_capacity=4096
2026-08-10 11:40:12,900 INFO predmarket.polymarket.gateway - market_stream_consumer_progress generation=1 events_total=1036 events_delta=47 rate_per_second=4.6 queue_size=0 queue_capacity=65536 queue_utilization_pct=0.0 handle_dropped=0 manager_dropped=0
2026-08-10 11:40:12,900 INFO predmarket.watch.task - watch_stream_handler_progress messages=1036 messages_delta=47 rate_per_second=4.6 event_counts=best_bid_ask:3,price_change:44 event_ms_per_message=best_bid_ask:0.008,price_change:0.424
2026-08-10 11:40:12,902 INFO predmarket.watch.task - watch_price_change_progress messages=928 messages_delta=45 entries_per_message=2.00 book_levels_per_message=193.2 parse_ms_per_message=0.016 cache_ms_per_message=0.338 queue_ms_per_message=0.012
2026-08-10 11:40:12,909 WARNING predmarket.watch.task - watch_exchange_clock_skew_warning generation=1 token_id=86513298354050467303604090610493094167037526222122426208040554139477198388447 exchange_timestamp=1786332408037 received_timestamp=1786333023265 exchange_clock_skew_ms=-615228 exchange_clock_skew_warning_ms=100 evaluation_continues=true
2026-08-10 11:40:12,939 INFO predmarket.watch.task - watch_evaluation_summary generation=1 tokens=2 generated_targets=4 targets=2 deduplicated_targets=2 persisted_signals=0 market_time=1786333212912 stream_silence_age_ms=0 decisions=ABSENT.PROFIT_BELOW_THRESHOLD:2 maximum_exchange_clock_skew_ms=-615228 exchange_clock_skew_warning_ms=100 maximum_exchange_clock_skew_token_id=86513298354050467303604090610493094167037526222122426208040554139477198388447 exchange_timestamp=1786332408037 received_timestamp=1786333023265 best_return_rate=-0.04536338 required_return_rate=0.00750000 best_opportunity_key=BINARY_UNDERPRICED:3436199 best_market_ids=3436199 context_ms=6 strategy_ms=29 signal_apply_ms=0 elapsed_ms=35
2026-08-10 11:40:12,990 INFO predmarket.watch.task - watch_evaluation_abort_summary window_aborted=24 reason_counts=dependency_revision_changed:24 stage_counts=after_strategy:7,before_strategy:17 evaluation_requests=1030 evaluation_batches=355 evaluation_coalesced=974 pending_tokens=2 last_completed_summary_age_ms=52 maximum_evaluation_elapsed_ms=22 sample_reason=dependency_revision_changed sample_stage=before_strategy sample_token_ids=1253128253592677151483231206398309093002149448959706479551732232519278377783,45888765296487374560125789738863250227573123117539970868067361067741722471898 sample_expected_revisions=1253128253592677151483231206398309093002149448959706479551732232519278377783:11,45888765296487374560125789738863250227573123117539970868067361067741722471898:11 sample_actual_revisions=1253128253592677151483231206398309093002149448959706479551732232519278377783:12,45888765296487374560125789738863250227573123117539970868067361067741722471898:12
2026-08-10 11:40:13,291 INFO predmarket.app - catalog_cleanup_cycle_completed deleted_versions=0 deleted_journal_rows=0 remaining_versions=0 remaining_journal_rows=0
2026-08-10 11:40:23,010 INFO predmarket.polymarket.gateway - market_stream_pump_progress generation=1 sdk_events_total=1106 sdk_events_delta=54 sdk_rate_per_second=5.3 mapped_delta=48 ignored_delta=6 mapping_ms_per_event=0.047 handoff_wait_ms_per_event=0.002 handoff_queue_size=1 handoff_queue_capacity=4096
2026-08-10 11:40:23,011 INFO predmarket.polymarket.gateway - market_stream_consumer_progress generation=1 events_total=1084 events_delta=48 rate_per_second=4.7 queue_size=0 queue_capacity=65536 queue_utilization_pct=0.0 handle_dropped=0 manager_dropped=0
2026-08-10 11:40:23,011 INFO predmarket.watch.task - watch_stream_handler_progress messages=1084 messages_delta=48 rate_per_second=4.7 event_counts=best_bid_ask:4,price_change:44 event_ms_per_message=best_bid_ask:0.007,price_change:0.420
2026-08-10 11:40:23,013 INFO predmarket.watch.task - watch_price_change_progress messages=972 messages_delta=44 entries_per_message=2.00 book_levels_per_message=177.5 parse_ms_per_message=0.016 cache_ms_per_message=0.331 queue_ms_per_message=0.004
2026-08-10 11:40:23,018 WARNING predmarket.watch.task - watch_exchange_clock_skew_warning generation=1 token_id=86513298354050467303604090610493094167037526222122426208040554139477198388447 exchange_timestamp=1786332408037 received_timestamp=1786333023265 exchange_clock_skew_ms=-615228 exchange_clock_skew_warning_ms=100 evaluation_continues=true
2026-08-10 11:40:23,020 INFO predmarket.watch.task - watch_evaluation_summary generation=1 tokens=2 generated_targets=4 targets=2 deduplicated_targets=2 persisted_signals=0 market_time=1786333223000 stream_silence_age_ms=1 decisions=ABSENT.PROFIT_BELOW_THRESHOLD:2 maximum_exchange_clock_skew_ms=-615228 exchange_clock_skew_warning_ms=100 maximum_exchange_clock_skew_token_id=86513298354050467303604090610493094167037526222122426208040554139477198388447 exchange_timestamp=1786332408037 received_timestamp=1786333023265 best_return_rate=-0.49418080 required_return_rate=0.00750000 best_opportunity_key=BINARY_UNDERPRICED:3436722 best_market_ids=3436722 context_ms=3 strategy_ms=2 signal_apply_ms=0 elapsed_ms=6
2026-08-10 11:40:23,671 INFO predmarket.app - catalog_cleanup_cycle_completed deleted_versions=0 deleted_journal_rows=0 remaining_versions=0 remaining_journal_rows=0
2026-08-10 11:40:31,622 INFO predmarket.watch.task - watch_evaluation_abort_summary window_aborted=2 reason_counts=dependency_revision_changed:2 stage_counts=before_strategy:2 evaluation_requests=1108 evaluation_batches=397 evaluation_coalesced=1020 pending_tokens=2 last_completed_summary_age_ms=8604 maximum_evaluation_elapsed_ms=54 sample_reason=dependency_revision_changed sample_stage=before_strategy sample_token_ids=13820701531397334086290643182250143372372789902776114737213543203387949106844,76547637350891244111903445543396255498470989453196531094154182632629684354217 sample_expected_revisions=13820701531397334086290643182250143372372789902776114737213543203387949106844:21,76547637350891244111903445543396255498470989453196531094154182632629684354217:21 sample_actual_revisions=13820701531397334086290643182250143372372789902776114737213543203387949106844:22,76547637350891244111903445543396255498470989453196531094154182632629684354217:22
2026-08-10 11:40:33,264 INFO predmarket.polymarket.gateway - market_stream_pump_progress generation=1 sdk_events_total=1163 sdk_events_delta=57 sdk_rate_per_second=5.6 mapped_delta=43 ignored_delta=14 mapping_ms_per_event=0.050 handoff_wait_ms_per_event=0.003 handoff_queue_size=1 handoff_queue_capacity=4096
2026-08-10 11:40:33,266 INFO predmarket.polymarket.gateway - market_stream_consumer_progress generation=1 events_total=1127 events_delta=43 rate_per_second=4.2 queue_size=0 queue_capacity=65536 queue_utilization_pct=0.0 handle_dropped=0 manager_dropped=0
2026-08-10 11:40:33,266 INFO predmarket.watch.task - watch_price_change_progress messages=1013 messages_delta=41 entries_per_message=2.00 book_levels_per_message=179.3 parse_ms_per_message=0.018 cache_ms_per_message=0.319 queue_ms_per_message=0.005
2026-08-10 11:40:33,267 INFO predmarket.watch.task - watch_stream_handler_progress messages=1127 messages_delta=43 rate_per_second=4.2 event_counts=best_bid_ask:1,price_change:42 event_ms_per_message=best_bid_ask:0.006,price_change:0.414
2026-08-10 11:40:33,280 WARNING predmarket.watch.task - watch_exchange_clock_skew_warning generation=1 token_id=86513298354050467303604090610493094167037526222122426208040554139477198388447 exchange_timestamp=1786332408037 received_timestamp=1786333023265 exchange_clock_skew_ms=-615228 exchange_clock_skew_warning_ms=100 evaluation_continues=true
2026-08-10 11:40:33,311 INFO predmarket.watch.task - watch_evaluation_summary generation=1 tokens=2 generated_targets=4 targets=2 deduplicated_targets=2 persisted_signals=0 market_time=1786333233277 stream_silence_age_ms=0 decisions=ABSENT.PROFIT_BELOW_THRESHOLD:2 maximum_exchange_clock_skew_ms=-615228 exchange_clock_skew_warning_ms=100 maximum_exchange_clock_skew_token_id=86513298354050467303604090610493094167037526222122426208040554139477198388447 exchange_timestamp=1786332408037 received_timestamp=1786333023265 best_return_rate=-0.06326783 required_return_rate=0.00750000 best_opportunity_key=BINARY_UNDERPRICED:3436115 best_market_ids=3436115 context_ms=3 strategy_ms=30 signal_apply_ms=0 elapsed_ms=34
2026-08-10 11:40:34,100 INFO predmarket.app - catalog_cleanup_cycle_completed deleted_versions=0 deleted_journal_rows=0 remaining_versions=0 remaining_journal_rows=0
2026-08-10 11:40:35,070 INFO predmarket.watch.task - watch_stream_progress messages=1161 event_type=price_change generation=1 cache_state=VALID
2026-08-10 11:40:44,242 INFO predmarket.polymarket.gateway - market_stream_pump_progress generation=1 sdk_events_total=1410 sdk_events_delta=247 sdk_rate_per_second=22.5 mapped_delta=231 ignored_delta=16 mapping_ms_per_event=0.031 handoff_wait_ms_per_event=0.002 handoff_queue_size=1 handoff_queue_capacity=4096
2026-08-10 11:40:44,242 INFO predmarket.polymarket.gateway - market_stream_consumer_progress generation=1 events_total=1358 events_delta=231 rate_per_second=21.0 queue_size=0 queue_capacity=65536 queue_utilization_pct=0.0 handle_dropped=0 manager_dropped=0
2026-08-10 11:40:44,243 INFO predmarket.watch.task - watch_price_change_progress messages=1240 messages_delta=227 entries_per_message=2.00 book_levels_per_message=189.5 parse_ms_per_message=0.010 cache_ms_per_message=0.239 queue_ms_per_message=0.002
2026-08-10 11:40:44,243 INFO predmarket.watch.task - watch_stream_handler_progress messages=1358 messages_delta=231 rate_per_second=21.0 event_counts=best_bid_ask:4,price_change:227 event_ms_per_message=best_bid_ask:0.006,price_change:0.286
2026-08-10 11:40:44,247 WARNING predmarket.watch.task - watch_exchange_clock_skew_warning generation=1 token_id=86513298354050467303604090610493094167037526222122426208040554139477198388447 exchange_timestamp=1786332408037 received_timestamp=1786333023265 exchange_clock_skew_ms=-615228 exchange_clock_skew_warning_ms=100 evaluation_continues=true
2026-08-10 11:40:44,262 INFO predmarket.watch.task - watch_evaluation_summary generation=1 tokens=2 generated_targets=4 targets=2 deduplicated_targets=2 persisted_signals=0 market_time=1786333244258 stream_silence_age_ms=1 decisions=ABSENT.PROFIT_BELOW_THRESHOLD:2 maximum_exchange_clock_skew_ms=-615228 exchange_clock_skew_warning_ms=100 maximum_exchange_clock_skew_token_id=86513298354050467303604090610493094167037526222122426208040554139477198388447 exchange_timestamp=1786332408037 received_timestamp=1786333023265 best_return_rate=-0.05440750 required_return_rate=0.00750000 best_opportunity_key=BINARY_UNDERPRICED:3436554 best_market_ids=3436554 context_ms=3 strategy_ms=14 signal_apply_ms=0 elapsed_ms=18
2026-08-10 11:40:44,479 INFO predmarket.app - catalog_cleanup_cycle_completed deleted_versions=0 deleted_journal_rows=0 remaining_versions=0 remaining_journal_rows=0
2026-08-10 11:40:48,923 INFO predmarket.watch.task - watch_evaluation_abort_summary window_aborted=20 reason_counts=dependency_revision_changed:20 stage_counts=after_strategy:10,before_strategy:10 evaluation_requests=1358 evaluation_batches=494 evaluation_coalesced=1298 pending_tokens=2 last_completed_summary_age_ms=4662 maximum_evaluation_elapsed_ms=49 sample_reason=dependency_revision_changed sample_stage=after_strategy sample_token_ids=91947488640105949615483017443405502580169589781851812483421045493873497582851,97778838859299636841264641147426977849209388716758308980309133152224569162973 sample_expected_revisions=91947488640105949615483017443405502580169589781851812483421045493873497582851:75,97778838859299636841264641147426977849209388716758308980309133152224569162973:75 sample_actual_revisions=91947488640105949615483017443405502580169589781851812483421045493873497582851:76,97778838859299636841264641147426977849209388716758308980309133152224569162973:76
2026-08-10 11:40:54,852 INFO predmarket.app - catalog_cleanup_cycle_completed deleted_versions=0 deleted_journal_rows=0 remaining_versions=0 remaining_journal_rows=0
2026-08-10 11:40:55,007 INFO predmarket.polymarket.gateway - market_stream_pump_progress generation=1 sdk_events_total=1519 sdk_events_delta=109 sdk_rate_per_second=10.1 mapped_delta=109 ignored_delta=0 mapping_ms_per_event=0.048 handoff_wait_ms_per_event=0.002 handoff_queue_size=1 handoff_queue_capacity=4096
2026-08-10 11:40:55,007 INFO predmarket.polymarket.gateway - market_stream_consumer_progress generation=1 events_total=1467 events_delta=109 rate_per_second=10.1 queue_size=0 queue_capacity=65536 queue_utilization_pct=0.0 handle_dropped=0 manager_dropped=0
2026-08-10 11:40:55,008 INFO predmarket.watch.task - watch_price_change_progress messages=1349 messages_delta=109 entries_per_message=2.00 book_levels_per_message=191.7 parse_ms_per_message=0.014 cache_ms_per_message=0.311 queue_ms_per_message=0.003
2026-08-10 11:40:55,008 INFO predmarket.watch.task - watch_stream_handler_progress messages=1467 messages_delta=109 rate_per_second=10.1 event_counts=price_change:109 event_ms_per_message=price_change:0.379
2026-08-10 11:40:55,012 WARNING predmarket.watch.task - watch_exchange_clock_skew_warning generation=1 token_id=86513298354050467303604090610493094167037526222122426208040554139477198388447 exchange_timestamp=1786332408037 received_timestamp=1786333023265 exchange_clock_skew_ms=-615228 exchange_clock_skew_warning_ms=100 evaluation_continues=true
2026-08-10 11:40:55,041 INFO predmarket.watch.task - watch_evaluation_summary generation=1 tokens=2 generated_targets=4 targets=2 deduplicated_targets=2 persisted_signals=0 market_time=1786333255024 stream_silence_age_ms=1 decisions=ABSENT.PROFIT_BELOW_THRESHOLD:2 maximum_exchange_clock_skew_ms=-615228 exchange_clock_skew_warning_ms=100 maximum_exchange_clock_skew_token_id=86513298354050467303604090610493094167037526222122426208040554139477198388447 exchange_timestamp=1786332408037 received_timestamp=1786333023265 best_return_rate=-0.04536338 required_return_rate=0.00750000 best_opportunity_key=BINARY_UNDERPRICED:3436192 best_market_ids=3436192 context_ms=2 strategy_ms=29 signal_apply_ms=0 elapsed_ms=32
2026-08-10 11:41:05,190 INFO predmarket.polymarket.gateway - market_stream_pump_progress generation=1 sdk_events_total=1567 sdk_events_delta=48 sdk_rate_per_second=4.7 mapped_delta=48 ignored_delta=0 mapping_ms_per_event=0.053 handoff_wait_ms_per_event=0.002 handoff_queue_size=1 handoff_queue_capacity=4096
2026-08-10 11:41:05,190 INFO predmarket.polymarket.gateway - market_stream_consumer_progress generation=1 events_total=1515 events_delta=48 rate_per_second=4.7 queue_size=0 queue_capacity=65536 queue_utilization_pct=0.0 handle_dropped=0 manager_dropped=0
2026-08-10 11:41:05,190 INFO predmarket.watch.task - watch_stream_progress messages=1515 event_type=price_change generation=1 cache_state=VALID
2026-08-10 11:41:05,191 INFO predmarket.watch.task - watch_price_change_progress messages=1397 messages_delta=48 entries_per_message=2.00 book_levels_per_message=193.5 parse_ms_per_message=0.016 cache_ms_per_message=0.296 queue_ms_per_message=0.004
2026-08-10 11:41:05,191 INFO predmarket.watch.task - watch_stream_handler_progress messages=1515 messages_delta=48 rate_per_second=4.7 event_counts=price_change:48 event_ms_per_message=price_change:0.375
2026-08-10 11:41:05,194 WARNING predmarket.watch.task - watch_exchange_clock_skew_warning generation=1 token_id=86513298354050467303604090610493094167037526222122426208040554139477198388447 exchange_timestamp=1786332408037 received_timestamp=1786333023265 exchange_clock_skew_ms=-615228 exchange_clock_skew_warning_ms=100 evaluation_continues=true
2026-08-10 11:41:05,224 INFO predmarket.watch.task - watch_evaluation_summary generation=1 tokens=2 generated_targets=4 targets=2 deduplicated_targets=2 persisted_signals=0 market_time=1786333265150 stream_silence_age_ms=0 decisions=ABSENT.PROFIT_BELOW_THRESHOLD:2 maximum_exchange_clock_skew_ms=-615228 exchange_clock_skew_warning_ms=100 maximum_exchange_clock_skew_token_id=86513298354050467303604090610493094167037526222122426208040554139477198388447 exchange_timestamp=1786332408037 received_timestamp=1786333023265 best_return_rate=-0.04536338 required_return_rate=0.00750000 best_opportunity_key=BINARY_UNDERPRICED:3436562 best_market_ids=3436562 context_ms=3 strategy_ms=29 signal_apply_ms=0 elapsed_ms=32
2026-08-10 11:41:05,236 INFO predmarket.app - catalog_cleanup_cycle_completed deleted_versions=0 deleted_journal_rows=0 remaining_versions=0 remaining_journal_rows=0
2026-08-10 11:41:13,271 INFO predmarket.watch.task - watch_evaluation_abort_summary window_aborted=6 reason_counts=dependency_revision_changed:6 stage_counts=after_strategy:3,before_strategy:3 evaluation_requests=1551 evaluation_batches=581 evaluation_coalesced=1474 pending_tokens=6 last_completed_summary_age_ms=8048 maximum_evaluation_elapsed_ms=39 sample_reason=dependency_revision_changed sample_stage=after_strategy sample_token_ids=42510750590941529190948547648591091159961726742666138609147094754699623789186,9527897186028883866601376291426044887292125040180168165330522910551404848146 sample_expected_revisions=42510750590941529190948547648591091159961726742666138609147094754699623789186:232,9527897186028883866601376291426044887292125040180168165330522910551404848146:232 sample_actual_revisions=42510750590941529190948547648591091159961726742666138609147094754699623789186:233,9527897186028883866601376291426044887292125040180168165330522910551404848146:233
2026-08-10 11:41:15,608 INFO predmarket.app - catalog_cleanup_cycle_completed deleted_versions=0 deleted_journal_rows=0 remaining_versions=0 remaining_journal_rows=0
2026-08-10 11:41:15,635 INFO predmarket.polymarket.gateway - market_stream_pump_progress generation=1 sdk_events_total=1636 sdk_events_delta=69 sdk_rate_per_second=6.6 mapped_delta=68 ignored_delta=1 mapping_ms_per_event=0.056 handoff_wait_ms_per_event=0.003 handoff_queue_size=0 handoff_queue_capacity=4096
2026-08-10 11:41:16,150 INFO predmarket.polymarket.gateway - market_stream_consumer_progress generation=1 events_total=1584 events_delta=69 rate_per_second=6.3 queue_size=0 queue_capacity=65536 queue_utilization_pct=0.0 handle_dropped=0 manager_dropped=0
2026-08-10 11:41:16,151 INFO predmarket.watch.task - watch_price_change_progress messages=1464 messages_delta=67 entries_per_message=2.00 book_levels_per_message=188.9 parse_ms_per_message=0.017 cache_ms_per_message=0.326 queue_ms_per_message=0.004
2026-08-10 11:41:16,151 INFO predmarket.watch.task - watch_stream_handler_progress messages=1584 messages_delta=69 rate_per_second=6.3 event_counts=best_bid_ask:2,price_change:67 event_ms_per_message=best_bid_ask:0.004,price_change:0.413
2026-08-10 11:41:16,158 WARNING predmarket.watch.task - watch_exchange_clock_skew_warning generation=1 token_id=86513298354050467303604090610493094167037526222122426208040554139477198388447 exchange_timestamp=1786332408037 received_timestamp=1786333023265 exchange_clock_skew_ms=-615228 exchange_clock_skew_warning_ms=100 evaluation_continues=true
2026-08-10 11:41:16,192 INFO predmarket.watch.task - watch_evaluation_summary generation=1 tokens=2 generated_targets=4 targets=2 deduplicated_targets=2 persisted_signals=0 market_time=1786333275962 stream_silence_age_ms=1 decisions=ABSENT.PROFIT_BELOW_THRESHOLD:2 maximum_exchange_clock_skew_ms=-615228 exchange_clock_skew_warning_ms=100 maximum_exchange_clock_skew_token_id=86513298354050467303604090610493094167037526222122426208040554139477198388447 exchange_timestamp=1786332408037 received_timestamp=1786333023265 best_return_rate=-0.04536338 required_return_rate=0.00750000 best_opportunity_key=BINARY_UNDERPRICED:3436192 best_market_ids=3436192 context_ms=3 strategy_ms=33 signal_apply_ms=0 elapsed_ms=37
2026-08-10 11:41:24,445 INFO predmarket.watch.task - watch_evaluation_abort_summary window_aborted=3 reason_counts=dependency_revision_changed:3 stage_counts=after_strategy:1,before_strategy:2 evaluation_requests=1575 evaluation_batches=594 evaluation_coalesced=1488 pending_tokens=2 last_completed_summary_age_ms=8254 maximum_evaluation_elapsed_ms=39 sample_reason=dependency_revision_changed sample_stage=before_strategy sample_token_ids=42510750590941529190948547648591091159961726742666138609147094754699623789186,9527897186028883866601376291426044887292125040180168165330522910551404848146 sample_expected_revisions=42510750590941529190948547648591091159961726742666138609147094754699623789186:248,9527897186028883866601376291426044887292125040180168165330522910551404848146:248 sample_actual_revisions=42510750590941529190948547648591091159961726742666138609147094754699623789186:249,9527897186028883866601376291426044887292125040180168165330522910551404848146:249
2026-08-10 11:41:25,979 INFO predmarket.app - catalog_cleanup_cycle_completed deleted_versions=0 deleted_journal_rows=0 remaining_versions=0 remaining_journal_rows=0
2026-08-10 11:41:26,076 INFO predmarket.polymarket.gateway - market_stream_pump_progress generation=1 sdk_events_total=1665 sdk_events_delta=29 sdk_rate_per_second=2.8 mapped_delta=13 ignored_delta=16 mapping_ms_per_event=0.042 handoff_wait_ms_per_event=0.004 handoff_queue_size=1 handoff_queue_capacity=4096
2026-08-10 11:41:26,388 INFO predmarket.polymarket.gateway - market_stream_consumer_progress generation=1 events_total=1597 events_delta=13 rate_per_second=1.3 queue_size=0 queue_capacity=65536 queue_utilization_pct=0.0 handle_dropped=0 manager_dropped=0
2026-08-10 11:41:26,389 INFO predmarket.watch.task - watch_price_change_progress messages=1477 messages_delta=13 entries_per_message=2.00 book_levels_per_message=183.7 parse_ms_per_message=0.022 cache_ms_per_message=0.423 queue_ms_per_message=0.006
2026-08-10 11:41:26,389 INFO predmarket.watch.task - watch_stream_handler_progress messages=1597 messages_delta=13 rate_per_second=1.3 event_counts=price_change:13 event_ms_per_message=price_change:0.550
2026-08-10 11:41:26,394 WARNING predmarket.watch.task - watch_exchange_clock_skew_warning generation=1 token_id=86513298354050467303604090610493094167037526222122426208040554139477198388447 exchange_timestamp=1786332408037 received_timestamp=1786333023265 exchange_clock_skew_ms=-615228 exchange_clock_skew_warning_ms=100 evaluation_continues=true
2026-08-10 11:41:26,429 INFO predmarket.watch.task - watch_evaluation_summary generation=1 tokens=2 generated_targets=4 targets=2 deduplicated_targets=2 persisted_signals=0 market_time=1786333286362 stream_silence_age_ms=1 decisions=ABSENT.PROFIT_BELOW_THRESHOLD:2 maximum_exchange_clock_skew_ms=-615228 exchange_clock_skew_warning_ms=100 maximum_exchange_clock_skew_token_id=86513298354050467303604090610493094167037526222122426208040554139477198388447 exchange_timestamp=1786332408037 received_timestamp=1786333023265 best_return_rate=-0.04536338 required_return_rate=0.00750000 best_opportunity_key=BINARY_UNDERPRICED:3436192 best_market_ids=3436192 context_ms=4 strategy_ms=34 signal_apply_ms=0 elapsed_ms=39
2026-08-10 11:41:36,348 INFO predmarket.app - catalog_cleanup_cycle_completed deleted_versions=0 deleted_journal_rows=0 remaining_versions=0 remaining_journal_rows=0
2026-08-10 11:41:36,800 INFO predmarket.polymarket.gateway - market_stream_pump_progress generation=1 sdk_events_total=1695 sdk_events_delta=30 sdk_rate_per_second=2.8 mapped_delta=24 ignored_delta=6 mapping_ms_per_event=0.074 handoff_wait_ms_per_event=0.004 handoff_queue_size=1 handoff_queue_capacity=4096
2026-08-10 11:41:36,802 INFO predmarket.polymarket.gateway - market_stream_consumer_progress generation=1 events_total=1620 events_delta=23 rate_per_second=2.2 queue_size=0 queue_capacity=65536 queue_utilization_pct=0.0 handle_dropped=0 manager_dropped=0
2026-08-10 11:41:36,802 INFO predmarket.watch.task - watch_stream_progress messages=1620 event_type=price_change generation=1 cache_state=VALID
2026-08-10 11:41:36,804 INFO predmarket.watch.task - watch_price_change_progress messages=1500 messages_delta=23 entries_per_message=2.00 book_levels_per_message=193.8 parse_ms_per_message=0.028 cache_ms_per_message=0.510 queue_ms_per_message=0.007
2026-08-10 11:41:36,804 INFO predmarket.watch.task - watch_stream_handler_progress messages=1620 messages_delta=23 rate_per_second=2.2 event_counts=price_change:23 event_ms_per_message=price_change:0.701
2026-08-10 11:41:36,811 WARNING predmarket.watch.task - watch_exchange_clock_skew_warning generation=1 token_id=86513298354050467303604090610493094167037526222122426208040554139477198388447 exchange_timestamp=1786332408037 received_timestamp=1786333023265 exchange_clock_skew_ms=-615228 exchange_clock_skew_warning_ms=100 evaluation_continues=true
2026-08-10 11:41:36,857 INFO predmarket.watch.task - watch_evaluation_summary generation=1 tokens=2 generated_targets=4 targets=2 deduplicated_targets=2 persisted_signals=0 market_time=1786333296819 stream_silence_age_ms=1 decisions=ABSENT.PROFIT_BELOW_THRESHOLD:2 maximum_exchange_clock_skew_ms=-615228 exchange_clock_skew_warning_ms=100 maximum_exchange_clock_skew_token_id=86513298354050467303604090610493094167037526222122426208040554139477198388447 exchange_timestamp=1786332408037 received_timestamp=1786333023265 best_return_rate=-0.04536338 required_return_rate=0.00750000 best_opportunity_key=BINARY_UNDERPRICED:3436192 best_market_ids=3436192 context_ms=5 strategy_ms=45 signal_apply_ms=0 elapsed_ms=52
2026-08-10 11:41:46,741 INFO predmarket.app - catalog_cleanup_cycle_completed deleted_versions=0 deleted_journal_rows=0 remaining_versions=0 remaining_journal_rows=0
2026-08-10 11:41:47,228 INFO predmarket.polymarket.gateway - market_stream_pump_progress generation=1 sdk_events_total=1707 sdk_events_delta=12 sdk_rate_per_second=1.2 mapped_delta=12 ignored_delta=0 mapping_ms_per_event=0.118 handoff_wait_ms_per_event=0.006 handoff_queue_size=1 handoff_queue_capacity=4096
2026-08-10 11:41:47,230 INFO predmarket.polymarket.gateway - market_stream_consumer_progress generation=1 events_total=1632 events_delta=12 rate_per_second=1.2 queue_size=0 queue_capacity=65536 queue_utilization_pct=0.0 handle_dropped=0 manager_dropped=0
2026-08-10 11:41:47,232 INFO predmarket.watch.task - watch_price_change_progress messages=1510 messages_delta=10 entries_per_message=2.00 book_levels_per_message=178.6 parse_ms_per_message=0.040 cache_ms_per_message=0.590 queue_ms_per_message=0.012
2026-08-10 11:41:47,233 INFO predmarket.watch.task - watch_stream_handler_progress messages=1632 messages_delta=12 rate_per_second=1.2 event_counts=best_bid_ask:2,price_change:10 event_ms_per_message=best_bid_ask:0.020,price_change:0.894
2026-08-10 11:41:47,240 WARNING predmarket.watch.task - watch_exchange_clock_skew_warning generation=1 token_id=86513298354050467303604090610493094167037526222122426208040554139477198388447 exchange_timestamp=1786332408037 received_timestamp=1786333023265 exchange_clock_skew_ms=-615228 exchange_clock_skew_warning_ms=100 evaluation_continues=true
2026-08-10 11:41:47,283 INFO predmarket.watch.task - watch_evaluation_summary generation=1 tokens=2 generated_targets=4 targets=2 deduplicated_targets=2 persisted_signals=0 market_time=1786333307244 stream_silence_age_ms=2 decisions=ABSENT.PROFIT_BELOW_THRESHOLD:2 maximum_exchange_clock_skew_ms=-615228 exchange_clock_skew_warning_ms=100 maximum_exchange_clock_skew_token_id=86513298354050467303604090610493094167037526222122426208040554139477198388447 exchange_timestamp=1786332408037 received_timestamp=1786333023265 best_return_rate=-0.04536338 required_return_rate=0.00750000 best_opportunity_key=BINARY_UNDERPRICED:3436192 best_market_ids=3436192 context_ms=5 strategy_ms=42 signal_apply_ms=0 elapsed_ms=48
2026-08-10 11:41:49,995 INFO predmarket.watch.task - watch_evaluation_abort_summary window_aborted=2 reason_counts=dependency_revision_changed:2 stage_counts=after_strategy:1,before_strategy:1 evaluation_requests=1628 evaluation_batches=628 evaluation_coalesced=1506 pending_tokens=2 last_completed_summary_age_ms=2712 maximum_evaluation_elapsed_ms=53 sample_reason=dependency_revision_changed sample_stage=before_strategy sample_token_ids=55971498924831127545828434205868482020865061222062669551276282877411996543046,91052118833449919709657238003296658921488320909275505594099099999820257099579 sample_expected_revisions=55971498924831127545828434205868482020865061222062669551276282877411996543046:109,91052118833449919709657238003296658921488320909275505594099099999820257099579:109 sample_actual_revisions=55971498924831127545828434205868482020865061222062669551276282877411996543046:110,91052118833449919709657238003296658921488320909275505594099099999820257099579:110
2026-08-10 11:41:50,799 INFO predmarket.watch.task - watch_catalog_refresh_started markets=50 concurrency=10 trigger=periodic
2026-08-10 11:42:09,838 INFO predmarket.polymarket.gateway - market_stream_pump_progress generation=1 sdk_events_total=1745 sdk_events_delta=38 sdk_rate_per_second=1.7 mapped_delta=38 ignored_delta=0 mapping_ms_per_event=0.077 handoff_wait_ms_per_event=0.004 handoff_queue_size=1 handoff_queue_capacity=4096
2026-08-10 11:42:09,840 INFO predmarket.polymarket.gateway - market_stream_consumer_progress generation=1 events_total=1670 events_delta=38 rate_per_second=1.7 queue_size=0 queue_capacity=65536 queue_utilization_pct=0.0 handle_dropped=0 manager_dropped=0
2026-08-10 11:42:09,840 INFO predmarket.watch.task - watch_stream_progress messages=1670 event_type=price_change generation=1 cache_state=VALID
2026-08-10 11:42:09,841 INFO predmarket.watch.task - watch_price_change_progress messages=1548 messages_delta=38 entries_per_message=2.00 book_levels_per_message=194.6 parse_ms_per_message=0.022 cache_ms_per_message=0.453 queue_ms_per_message=0.005
2026-08-10 11:42:09,841 INFO predmarket.watch.task - watch_stream_handler_progress messages=1670 messages_delta=38 rate_per_second=1.7 event_counts=price_change:38 event_ms_per_message=price_change:0.588
2026-08-10 11:42:09,911 WARNING predmarket.watch.task - watch_exchange_clock_skew_warning generation=1 token_id=86513298354050467303604090610493094167037526222122426208040554139477198388447 exchange_timestamp=1786332408037 received_timestamp=1786333023265 exchange_clock_skew_ms=-615228 exchange_clock_skew_warning_ms=100 evaluation_continues=true
2026-08-10 11:42:09,956 INFO predmarket.watch.task - watch_evaluation_summary generation=1 tokens=30 generated_targets=60 targets=30 deduplicated_targets=30 persisted_signals=0 market_time=1786333329467 stream_silence_age_ms=1 decisions=ABSENT.PROFIT_BELOW_THRESHOLD:2,NOT_EVALUABLE.ORDERBOOK_STALE.orderbook_stale:28 maximum_exchange_clock_skew_ms=-615228 exchange_clock_skew_warning_ms=100 maximum_exchange_clock_skew_token_id=86513298354050467303604090610493094167037526222122426208040554139477198388447 exchange_timestamp=1786332408037 received_timestamp=1786333023265 best_return_rate=-0.04536338 required_return_rate=0.00750000 best_opportunity_key=BINARY_UNDERPRICED:3436725 best_market_ids=3436725 context_ms=4 strategy_ms=43 signal_apply_ms=0 elapsed_ms=49
2026-08-10 11:42:10,106 INFO predmarket.watch.task - watch_catalog_refresh_completed requested=50 succeeded=50 failed=0 elapsed_ms=19307 trigger=periodic
2026-08-10 11:42:10,200 INFO predmarket.app - strategy_catalog_snapshot_prepared events=18562 markets=138082 tokens=276164 elapsed_ms=93
2026-08-10 11:42:10,209 INFO predmarket.watch.task - watch_market_metadata_refresh_cycle_completed markets=50 snapshot_source=memory context_prepared=True elapsed_ms=19409
2026-08-10 11:42:10,616 INFO predmarket.app - catalog_cleanup_cycle_completed deleted_versions=0 deleted_journal_rows=150 remaining_versions=0 remaining_journal_rows=0
2026-08-10 11:42:20,757 INFO predmarket.polymarket.gateway - market_stream_pump_progress generation=1 sdk_events_total=1928 sdk_events_delta=183 sdk_rate_per_second=16.8 mapped_delta=183 ignored_delta=0 mapping_ms_per_event=0.031 handoff_wait_ms_per_event=0.001 handoff_queue_size=1 handoff_queue_capacity=4096
2026-08-10 11:42:20,757 INFO predmarket.polymarket.gateway - market_stream_consumer_progress generation=1 events_total=1853 events_delta=183 rate_per_second=16.8 queue_size=0 queue_capacity=65536 queue_utilization_pct=0.0 handle_dropped=0 manager_dropped=0
2026-08-10 11:42:20,757 INFO predmarket.watch.task - watch_price_change_progress messages=1729 messages_delta=181 entries_per_message=2.00 book_levels_per_message=190.4 parse_ms_per_message=0.011 cache_ms_per_message=0.245 queue_ms_per_message=0.002
2026-08-10 11:42:20,757 INFO predmarket.watch.task - watch_stream_handler_progress messages=1853 messages_delta=183 rate_per_second=16.8 event_counts=best_bid_ask:2,price_change:181 event_ms_per_message=best_bid_ask:0.002,price_change:0.301
2026-08-10 11:42:20,762 WARNING predmarket.watch.task - watch_exchange_clock_skew_warning generation=1 token_id=86513298354050467303604090610493094167037526222122426208040554139477198388447 exchange_timestamp=1786332408037 received_timestamp=1786333023265 exchange_clock_skew_ms=-615228 exchange_clock_skew_warning_ms=100 evaluation_continues=true
2026-08-10 11:42:20,786 INFO predmarket.watch.task - watch_evaluation_summary generation=1 tokens=2 generated_targets=4 targets=2 deduplicated_targets=2 persisted_signals=0 market_time=1786333340781 stream_silence_age_ms=1 decisions=ABSENT.PROFIT_BELOW_THRESHOLD:2 maximum_exchange_clock_skew_ms=-615228 exchange_clock_skew_warning_ms=100 maximum_exchange_clock_skew_token_id=86513298354050467303604090610493094167037526222122426208040554139477198388447 exchange_timestamp=1786332408037 received_timestamp=1786333023265 best_return_rate=-0.04536338 required_return_rate=0.00750000 best_opportunity_key=BINARY_UNDERPRICED:3436192 best_market_ids=3436192 context_ms=3 strategy_ms=23 signal_apply_ms=0 elapsed_ms=27
2026-08-10 11:42:21,007 INFO predmarket.app - catalog_cleanup_cycle_completed deleted_versions=0 deleted_journal_rows=0 remaining_versions=0 remaining_journal_rows=0
2026-08-10 11:42:26,666 INFO predmarket.watch.task - watch_evaluation_abort_summary window_aborted=2 reason_counts=dependency_revision_changed:2 stage_counts=after_strategy:1,before_strategy:1 evaluation_requests=1882 evaluation_batches=681 evaluation_coalesced=1868 pending_tokens=2 last_completed_summary_age_ms=5881 maximum_evaluation_elapsed_ms=27 sample_reason=dependency_revision_changed sample_stage=after_strategy sample_token_ids=31629100688475301710039035676793029972891575873328548589488424510522784838245,38540212896209836315571565663577538031322436116097036792994284319281831455382 sample_expected_revisions=31629100688475301710039035676793029972891575873328548589488424510522784838245:15,38540212896209836315571565663577538031322436116097036792994284319281831455382:15 sample_actual_revisions=31629100688475301710039035676793029972891575873328548589488424510522784838245:16,38540212896209836315571565663577538031322436116097036792994284319281831455382:16
2026-08-10 11:42:31,164 INFO predmarket.polymarket.gateway - market_stream_pump_progress generation=1 sdk_events_total=1985 sdk_events_delta=57 sdk_rate_per_second=5.5 mapped_delta=57 ignored_delta=0 mapping_ms_per_event=0.058 handoff_wait_ms_per_event=0.003 handoff_queue_size=1 handoff_queue_capacity=4096
2026-08-10 11:42:31,164 INFO predmarket.polymarket.gateway - market_stream_consumer_progress generation=1 events_total=1910 events_delta=57 rate_per_second=5.5 queue_size=0 queue_capacity=65536 queue_utilization_pct=0.0 handle_dropped=0 manager_dropped=0
2026-08-10 11:42:31,165 INFO predmarket.watch.task - watch_price_change_progress messages=1786 messages_delta=57 entries_per_message=2.00 book_levels_per_message=194.3 parse_ms_per_message=0.020 cache_ms_per_message=0.418 queue_ms_per_message=0.004
2026-08-10 11:42:31,165 INFO predmarket.watch.task - watch_stream_handler_progress messages=1910 messages_delta=57 rate_per_second=5.5 event_counts=price_change:57 event_ms_per_message=price_change:0.515
2026-08-10 11:42:31,168 WARNING predmarket.watch.task - watch_exchange_clock_skew_warning generation=1 token_id=86513298354050467303604090610493094167037526222122426208040554139477198388447 exchange_timestamp=1786332408037 received_timestamp=1786333023265 exchange_clock_skew_ms=-615228 exchange_clock_skew_warning_ms=100 evaluation_continues=true
2026-08-10 11:42:31,193 INFO predmarket.watch.task - watch_evaluation_summary generation=1 tokens=2 generated_targets=4 targets=2 deduplicated_targets=2 persisted_signals=0 market_time=1786333351186 stream_silence_age_ms=0 decisions=ABSENT.PROFIT_BELOW_THRESHOLD:2 maximum_exchange_clock_skew_ms=-615228 exchange_clock_skew_warning_ms=100 maximum_exchange_clock_skew_token_id=86513298354050467303604090610493094167037526222122426208040554139477198388447 exchange_timestamp=1786332408037 received_timestamp=1786333023265 best_return_rate=-0.04536338 required_return_rate=0.00750000 best_opportunity_key=BINARY_UNDERPRICED:3436192 best_market_ids=3436192 context_ms=3 strategy_ms=24 signal_apply_ms=0 elapsed_ms=27
2026-08-10 11:42:31,423 INFO predmarket.app - catalog_cleanup_cycle_completed deleted_versions=0 deleted_journal_rows=0 remaining_versions=0 remaining_journal_rows=0
2026-08-10 11:42:39,978 INFO predmarket.watch.task - watch_stream_progress messages=1942 event_type=price_change generation=1 cache_state=VALID
2026-08-10 11:42:41,653 INFO predmarket.polymarket.gateway - market_stream_pump_progress generation=1 sdk_events_total=2018 sdk_events_delta=33 sdk_rate_per_second=3.1 mapped_delta=33 ignored_delta=0 mapping_ms_per_event=0.070 handoff_wait_ms_per_event=0.003 handoff_queue_size=1 handoff_queue_capacity=4096
2026-08-10 11:42:41,653 INFO predmarket.polymarket.gateway - market_stream_consumer_progress generation=1 events_total=1943 events_delta=33 rate_per_second=3.1 queue_size=0 queue_capacity=65536 queue_utilization_pct=0.0 handle_dropped=0 manager_dropped=0
2026-08-10 11:42:41,654 INFO predmarket.watch.task - watch_price_change_progress messages=1819 messages_delta=33 entries_per_message=2.00 book_levels_per_message=183.8 parse_ms_per_message=0.026 cache_ms_per_message=0.472 queue_ms_per_message=0.005
2026-08-10 11:42:41,654 INFO predmarket.watch.task - watch_stream_handler_progress messages=1943 messages_delta=33 rate_per_second=3.1 event_counts=price_change:33 event_ms_per_message=price_change:0.602
2026-08-10 11:42:41,657 WARNING predmarket.watch.task - watch_exchange_clock_skew_warning generation=1 token_id=86513298354050467303604090610493094167037526222122426208040554139477198388447 exchange_timestamp=1786332408037 received_timestamp=1786333023265 exchange_clock_skew_ms=-615228 exchange_clock_skew_warning_ms=100 evaluation_continues=true
2026-08-10 11:42:41,681 INFO predmarket.watch.task - watch_evaluation_summary generation=1 tokens=2 generated_targets=4 targets=2 deduplicated_targets=2 persisted_signals=0 market_time=1786333361667 stream_silence_age_ms=0 decisions=ABSENT.PROFIT_BELOW_THRESHOLD:2 maximum_exchange_clock_skew_ms=-615228 exchange_clock_skew_warning_ms=100 maximum_exchange_clock_skew_token_id=86513298354050467303604090610493094167037526222122426208040554139477198388447 exchange_timestamp=1786332408037 received_timestamp=1786333023265 best_return_rate=-0.04536338 required_return_rate=0.00750000 best_opportunity_key=BINARY_UNDERPRICED:3436192 best_market_ids=3436192 context_ms=3 strategy_ms=23 signal_apply_ms=0 elapsed_ms=27
2026-08-10 11:42:41,817 INFO predmarket.app - catalog_cleanup_cycle_completed deleted_versions=0 deleted_journal_rows=0 remaining_versions=0 remaining_journal_rows=0
2026-08-10 11:42:51,721 INFO predmarket.polymarket.gateway - market_stream_pump_progress generation=1 sdk_events_total=2036 sdk_events_delta=18 sdk_rate_per_second=1.8 mapped_delta=18 ignored_delta=0 mapping_ms_per_event=0.098 handoff_wait_ms_per_event=0.005 handoff_queue_size=1 handoff_queue_capacity=4096
2026-08-10 11:42:51,724 INFO predmarket.polymarket.gateway - market_stream_consumer_progress generation=1 events_total=1961 events_delta=18 rate_per_second=1.8 queue_size=0 queue_capacity=65536 queue_utilization_pct=0.0 handle_dropped=0 manager_dropped=0
2026-08-10 11:42:51,726 INFO predmarket.watch.task - watch_price_change_progress messages=1837 messages_delta=18 entries_per_message=2.00 book_levels_per_message=196.7 parse_ms_per_message=0.028 cache_ms_per_message=0.590 queue_ms_per_message=0.008
2026-08-10 11:42:51,726 INFO predmarket.watch.task - watch_stream_handler_progress messages=1961 messages_delta=18 rate_per_second=1.8 event_counts=price_change:18 event_ms_per_message=price_change:0.761
2026-08-10 11:42:51,737 WARNING predmarket.watch.task - watch_exchange_clock_skew_warning generation=1 token_id=86513298354050467303604090610493094167037526222122426208040554139477198388447 exchange_timestamp=1786332408037 received_timestamp=1786333023265 exchange_clock_skew_ms=-615228 exchange_clock_skew_warning_ms=100 evaluation_continues=true
2026-08-10 11:42:51,787 INFO predmarket.watch.task - watch_evaluation_summary generation=1 tokens=2 generated_targets=4 targets=2 deduplicated_targets=2 persisted_signals=0 market_time=1786333371736 stream_silence_age_ms=3 decisions=ABSENT.PROFIT_BELOW_THRESHOLD:2 maximum_exchange_clock_skew_ms=-615228 exchange_clock_skew_warning_ms=100 maximum_exchange_clock_skew_token_id=86513298354050467303604090610493094167037526222122426208040554139477198388447 exchange_timestamp=1786332408037 received_timestamp=1786333023265 best_return_rate=-0.04536338 required_return_rate=0.00750000 best_opportunity_key=BINARY_UNDERPRICED:3436192 best_market_ids=3436192 context_ms=8 strategy_ms=48 signal_apply_ms=0 elapsed_ms=58
2026-08-10 11:42:52,184 INFO predmarket.app - catalog_cleanup_cycle_completed deleted_versions=0 deleted_journal_rows=0 remaining_versions=0 remaining_journal_rows=0
2026-08-10 11:42:54,775 INFO predmarket.watch.task - watch_stream_progress messages=2000 event_type=price_change generation=1 cache_state=VALID
2026-08-10 11:43:02,583 INFO predmarket.app - catalog_cleanup_cycle_completed deleted_versions=0 deleted_journal_rows=0 remaining_versions=0 remaining_journal_rows=0
2026-08-10 11:43:02,741 INFO predmarket.polymarket.gateway - market_stream_pump_progress generation=1 sdk_events_total=2086 sdk_events_delta=50 sdk_rate_per_second=4.5 mapped_delta=50 ignored_delta=0 mapping_ms_per_event=0.075 handoff_wait_ms_per_event=0.003 handoff_queue_size=1 handoff_queue_capacity=4096
2026-08-10 11:43:02,742 INFO predmarket.polymarket.gateway - market_stream_consumer_progress generation=1 events_total=2011 events_delta=50 rate_per_second=4.5 queue_size=0 queue_capacity=65536 queue_utilization_pct=0.0 handle_dropped=0 manager_dropped=0
2026-08-10 11:43:02,743 INFO predmarket.watch.task - watch_price_change_progress messages=1885 messages_delta=48 entries_per_message=2.00 book_levels_per_message=186.5 parse_ms_per_message=0.024 cache_ms_per_message=0.515 queue_ms_per_message=0.013
2026-08-10 11:43:02,743 INFO predmarket.watch.task - watch_stream_handler_progress messages=2011 messages_delta=50 rate_per_second=4.5 event_counts=best_bid_ask:2,price_change:48 event_ms_per_message=best_bid_ask:0.005,price_change:0.674
2026-08-10 11:43:02,749 WARNING predmarket.watch.task - watch_exchange_clock_skew_warning generation=1 token_id=86513298354050467303604090610493094167037526222122426208040554139477198388447 exchange_timestamp=1786332408037 received_timestamp=1786333023265 exchange_clock_skew_ms=-615228 exchange_clock_skew_warning_ms=100 evaluation_continues=true
2026-08-10 11:43:02,788 INFO predmarket.watch.task - watch_evaluation_summary generation=1 tokens=2 generated_targets=4 targets=2 deduplicated_targets=2 persisted_signals=0 market_time=1786333382746 stream_silence_age_ms=1 decisions=ABSENT.PROFIT_BELOW_THRESHOLD:2 maximum_exchange_clock_skew_ms=-615228 exchange_clock_skew_warning_ms=100 maximum_exchange_clock_skew_token_id=86513298354050467303604090610493094167037526222122426208040554139477198388447 exchange_timestamp=1786332408037 received_timestamp=1786333023265 best_return_rate=-0.04536338 required_return_rate=0.00750000 best_opportunity_key=BINARY_UNDERPRICED:3436192 best_market_ids=3436192 context_ms=4 strategy_ms=38 signal_apply_ms=0 elapsed_ms=43
2026-08-10 11:43:04,948 INFO predmarket.watch.task - watch_evaluation_abort_summary window_aborted=4 reason_counts=dependency_revision_changed:4 stage_counts=after_strategy:3,before_strategy:1 evaluation_requests=1988 evaluation_batches=730 evaluation_coalesced=1960 pending_tokens=2 last_completed_summary_age_ms=2160 maximum_evaluation_elapsed_ms=64 sample_reason=dependency_revision_changed sample_stage=after_strategy sample_token_ids=42510750590941529190948547648591091159961726742666138609147094754699623789186,9527897186028883866601376291426044887292125040180168165330522910551404848146 sample_expected_revisions=42510750590941529190948547648591091159961726742666138609147094754699623789186:337,9527897186028883866601376291426044887292125040180168165330522910551404848146:337 sample_actual_revisions=42510750590941529190948547648591091159961726742666138609147094754699623789186:338,9527897186028883866601376291426044887292125040180168165330522910551404848146:338
2026-08-10 11:43:12,950 INFO predmarket.app - catalog_cleanup_cycle_completed deleted_versions=0 deleted_journal_rows=0 remaining_versions=0 remaining_journal_rows=0
2026-08-10 11:43:13,247 INFO predmarket.polymarket.gateway - market_stream_pump_progress generation=1 sdk_events_total=2099 sdk_events_delta=13 sdk_rate_per_second=1.2 mapped_delta=13 ignored_delta=0 mapping_ms_per_event=0.116 handoff_wait_ms_per_event=0.005 handoff_queue_size=1 handoff_queue_capacity=4096
2026-08-10 11:43:13,250 INFO predmarket.polymarket.gateway - market_stream_consumer_progress generation=1 events_total=2024 events_delta=13 rate_per_second=1.2 queue_size=0 queue_capacity=65536 queue_utilization_pct=0.0 handle_dropped=0 manager_dropped=0
2026-08-10 11:43:13,251 INFO predmarket.watch.task - watch_price_change_progress messages=1898 messages_delta=13 entries_per_message=2.00 book_levels_per_message=196.2 parse_ms_per_message=0.030 cache_ms_per_message=0.612 queue_ms_per_message=0.009
2026-08-10 11:43:13,252 INFO predmarket.watch.task - watch_stream_handler_progress messages=2024 messages_delta=13 rate_per_second=1.2 event_counts=price_change:13 event_ms_per_message=price_change:0.827
2026-08-10 11:43:13,264 WARNING predmarket.watch.task - watch_exchange_clock_skew_warning generation=1 token_id=86513298354050467303604090610493094167037526222122426208040554139477198388447 exchange_timestamp=1786332408037 received_timestamp=1786333023265 exchange_clock_skew_ms=-615228 exchange_clock_skew_warning_ms=100 evaluation_continues=true
2026-08-10 11:43:13,314 INFO predmarket.watch.task - watch_evaluation_summary generation=1 tokens=2 generated_targets=4 targets=2 deduplicated_targets=2 persisted_signals=0 market_time=1786333393270 stream_silence_age_ms=2 decisions=ABSENT.PROFIT_BELOW_THRESHOLD:2 maximum_exchange_clock_skew_ms=-615228 exchange_clock_skew_warning_ms=100 maximum_exchange_clock_skew_token_id=86513298354050467303604090610493094167037526222122426208040554139477198388447 exchange_timestamp=1786332408037 received_timestamp=1786333023265 best_return_rate=-0.04536338 required_return_rate=0.00750000 best_opportunity_key=BINARY_UNDERPRICED:3436192 best_market_ids=3436192 context_ms=9 strategy_ms=49 signal_apply_ms=0 elapsed_ms=60
2026-08-10 11:43:13,989 INFO predmarket.watch.task - watch_evaluation_queue_progress requests=2000 pending_tokens=2 coalesced_tokens=1966 generation=1
2026-08-10 11:43:23,352 INFO predmarket.app - catalog_cleanup_cycle_completed deleted_versions=0 deleted_journal_rows=0 remaining_versions=0 remaining_journal_rows=0
2026-08-10 11:43:23,846 INFO predmarket.polymarket.gateway - market_stream_pump_progress generation=1 sdk_events_total=2113 sdk_events_delta=14 sdk_rate_per_second=1.3 mapped_delta=14 ignored_delta=0 mapping_ms_per_event=0.168 handoff_wait_ms_per_event=0.009 handoff_queue_size=1 handoff_queue_capacity=4096
2026-08-10 11:43:23,848 INFO predmarket.polymarket.gateway - market_stream_consumer_progress generation=1 events_total=2038 events_delta=14 rate_per_second=1.3 queue_size=0 queue_capacity=65536 queue_utilization_pct=0.0 handle_dropped=0 manager_dropped=0
2026-08-10 11:43:23,851 INFO predmarket.watch.task - watch_price_change_progress messages=1912 messages_delta=14 entries_per_message=2.00 book_levels_per_message=196.6 parse_ms_per_message=0.044 cache_ms_per_message=0.906 queue_ms_per_message=0.074
2026-08-10 11:43:23,852 INFO predmarket.watch.task - watch_stream_handler_progress messages=2038 messages_delta=14 rate_per_second=1.3 event_counts=price_change:14 event_ms_per_message=price_change:1.282
2026-08-10 11:43:23,864 WARNING predmarket.watch.task - watch_exchange_clock_skew_warning generation=1 token_id=86513298354050467303604090610493094167037526222122426208040554139477198388447 exchange_timestamp=1786332408037 received_timestamp=1786333023265 exchange_clock_skew_ms=-615228 exchange_clock_skew_warning_ms=100 evaluation_continues=true
2026-08-10 11:43:23,911 INFO predmarket.watch.task - watch_evaluation_summary generation=1 tokens=2 generated_targets=4 targets=2 deduplicated_targets=2 persisted_signals=0 market_time=1786333403823 stream_silence_age_ms=0 decisions=ABSENT.PROFIT_BELOW_THRESHOLD:2 maximum_exchange_clock_skew_ms=-615228 exchange_clock_skew_warning_ms=100 maximum_exchange_clock_skew_token_id=86513298354050467303604090610493094167037526222122426208040554139477198388447 exchange_timestamp=1786332408037 received_timestamp=1786333023265 best_return_rate=-0.04536338 required_return_rate=0.00750000 best_opportunity_key=BINARY_UNDERPRICED:3436192 best_market_ids=3436192 context_ms=7 strategy_ms=46 signal_apply_ms=0 elapsed_ms=55
2026-08-10 11:43:25,853 INFO predmarket.watch.task - watch_stream_progress messages=2044 event_type=price_change generation=1 cache_state=VALID
2026-08-10 11:43:33,753 INFO predmarket.app - catalog_cleanup_cycle_completed deleted_versions=0 deleted_journal_rows=0 remaining_versions=0 remaining_journal_rows=0
2026-08-10 11:43:34,207 INFO predmarket.polymarket.gateway - market_stream_pump_progress generation=1 sdk_events_total=2127 sdk_events_delta=14 sdk_rate_per_second=1.4 mapped_delta=14 ignored_delta=0 mapping_ms_per_event=0.144 handoff_wait_ms_per_event=0.008 handoff_queue_size=1 handoff_queue_capacity=4096
2026-08-10 11:43:34,209 INFO predmarket.polymarket.gateway - market_stream_consumer_progress generation=1 events_total=2052 events_delta=14 rate_per_second=1.4 queue_size=0 queue_capacity=65536 queue_utilization_pct=0.0 handle_dropped=0 manager_dropped=0
2026-08-10 11:43:34,211 INFO predmarket.watch.task - watch_price_change_progress messages=1926 messages_delta=14 entries_per_message=2.00 book_levels_per_message=181.4 parse_ms_per_message=0.045 cache_ms_per_message=0.736 queue_ms_per_message=0.014
2026-08-10 11:43:34,212 INFO predmarket.watch.task - watch_stream_handler_progress messages=2052 messages_delta=14 rate_per_second=1.4 event_counts=price_change:14 event_ms_per_message=price_change:1.062
2026-08-10 11:43:34,222 WARNING predmarket.watch.task - watch_exchange_clock_skew_warning generation=1 token_id=55117693870079238772824189339305035652702596264303214987988238412221239322103 exchange_timestamp=1786332531583 received_timestamp=1786333023263 exchange_clock_skew_ms=-491680 exchange_clock_skew_warning_ms=100 evaluation_continues=true
2026-08-10 11:43:34,272 INFO predmarket.watch.task - watch_evaluation_summary generation=1 tokens=2 generated_targets=4 targets=2 deduplicated_targets=2 persisted_signals=0 market_time=1786333414228 stream_silence_age_ms=3 decisions=ABSENT.PROFIT_BELOW_THRESHOLD:2 maximum_exchange_clock_skew_ms=-491680 exchange_clock_skew_warning_ms=100 maximum_exchange_clock_skew_token_id=55117693870079238772824189339305035652702596264303214987988238412221239322103 exchange_timestamp=1786332531583 received_timestamp=1786333023263 best_return_rate=-0.04536338 required_return_rate=0.00750000 best_opportunity_key=BINARY_UNDERPRICED:3436192 best_market_ids=3436192 context_ms=7 strategy_ms=48 signal_apply_ms=0 elapsed_ms=57
2026-08-10 11:43:35,848 INFO predmarket.watch.task - watch_evaluation_abort_summary window_aborted=4 reason_counts=dependency_revision_changed:4 stage_counts=after_strategy:4 evaluation_requests=2032 evaluation_batches=766 evaluation_coalesced=1975 pending_tokens=2 last_completed_summary_age_ms=1575 maximum_evaluation_elapsed_ms=57 sample_reason=dependency_revision_changed sample_stage=after_strategy sample_token_ids=100533687727497443541369483933299762930731780669782590957570011016994709318185,104764801815215006840218735731932203523559164204955657612872827684375163040798 sample_expected_revisions=100533687727497443541369483933299762930731780669782590957570011016994709318185:135,104764801815215006840218735731932203523559164204955657612872827684375163040798:134 sample_actual_revisions=100533687727497443541369483933299762930731780669782590957570011016994709318185:137,104764801815215006840218735731932203523559164204955657612872827684375163040798:136
2026-08-10 11:43:44,296 INFO predmarket.app - catalog_cleanup_cycle_completed deleted_versions=0 deleted_journal_rows=0 remaining_versions=0 remaining_journal_rows=0
2026-08-10 11:43:44,676 INFO predmarket.polymarket.gateway - market_stream_pump_progress generation=1 sdk_events_total=2185 sdk_events_delta=58 sdk_rate_per_second=5.5 mapped_delta=53 ignored_delta=5 mapping_ms_per_event=0.102 handoff_wait_ms_per_event=0.005 handoff_queue_size=1 handoff_queue_capacity=4096
2026-08-10 11:43:44,678 INFO predmarket.polymarket.gateway - market_stream_consumer_progress generation=1 events_total=2105 events_delta=53 rate_per_second=5.1 queue_size=0 queue_capacity=65536 queue_utilization_pct=0.0 handle_dropped=0 manager_dropped=0
2026-08-10 11:43:44,681 INFO predmarket.watch.task - watch_price_change_progress messages=1972 messages_delta=46 entries_per_message=2.00 book_levels_per_message=188.1 parse_ms_per_message=0.028 cache_ms_per_message=0.566 queue_ms_per_message=0.007
2026-08-10 11:43:44,681 INFO predmarket.watch.task - watch_stream_handler_progress messages=2105 messages_delta=53 rate_per_second=5.1 event_counts=best_bid_ask:4,book:2,last_trade_price:1,price_change:46 event_ms_per_message=best_bid_ask:0.017,book:0.881,last_trade_price:0.009,price_change:0.760
2026-08-10 11:43:44,692 WARNING predmarket.watch.task - watch_exchange_clock_skew_warning generation=1 token_id=55117693870079238772824189339305035652702596264303214987988238412221239322103 exchange_timestamp=1786332531583 received_timestamp=1786333023263 exchange_clock_skew_ms=-491680 exchange_clock_skew_warning_ms=100 evaluation_continues=true
2026-08-10 11:43:44,730 INFO predmarket.watch.task - watch_evaluation_summary generation=1 tokens=2 generated_targets=4 targets=2 deduplicated_targets=2 persisted_signals=0 market_time=1786333424695 stream_silence_age_ms=2 decisions=ABSENT.PROFIT_BELOW_THRESHOLD:2 maximum_exchange_clock_skew_ms=-491680 exchange_clock_skew_warning_ms=100 maximum_exchange_clock_skew_token_id=55117693870079238772824189339305035652702596264303214987988238412221239322103 exchange_timestamp=1786332531583 received_timestamp=1786333023263 best_return_rate=-0.04536338 required_return_rate=0.00750000 best_opportunity_key=BINARY_UNDERPRICED:3436192 best_market_ids=3436192 context_ms=10 strategy_ms=37 signal_apply_ms=0 elapsed_ms=48
2026-08-10 11:43:47,174 INFO predmarket.watch.task - watch_evaluation_abort_summary window_aborted=3 reason_counts=dependency_revision_changed:3 stage_counts=after_strategy:2,before_strategy:1 evaluation_requests=2099 evaluation_batches=793 evaluation_coalesced=2023 pending_tokens=4 last_completed_summary_age_ms=2444 maximum_evaluation_elapsed_ms=60 sample_reason=dependency_revision_changed sample_stage=before_strategy sample_token_ids=91947488640105949615483017443405502580169589781851812483421045493873497582851,97778838859299636841264641147426977849209388716758308980309133152224569162973 sample_expected_revisions=91947488640105949615483017443405502580169589781851812483421045493873497582851:121,97778838859299636841264641147426977849209388716758308980309133152224569162973:121 sample_actual_revisions=91947488640105949615483017443405502580169589781851812483421045493873497582851:123,97778838859299636841264641147426977849209388716758308980309133152224569162973:123
2026-08-10 11:43:54,801 INFO predmarket.watch.task - watch_evaluation_summary generation=1 tokens=2 generated_targets=4 targets=2 deduplicated_targets=2 persisted_signals=0 market_time=1786333434684 stream_silence_age_ms=6 decisions=ABSENT.PROFIT_BELOW_THRESHOLD:2 maximum_exchange_clock_skew_ms=-491680 exchange_clock_skew_warning_ms=100 maximum_exchange_clock_skew_token_id=55117693870079238772824189339305035652702596264303214987988238412221239322103 exchange_timestamp=1786332531583 received_timestamp=1786333023263 best_return_rate=-0.04536338 required_return_rate=0.00750000 best_opportunity_key=BINARY_UNDERPRICED:3436115 best_market_ids=3436115 context_ms=23 strategy_ms=101 signal_apply_ms=0 elapsed_ms=125
2026-08-10 11:43:54,978 INFO predmarket.polymarket.gateway - market_stream_pump_progress generation=1 sdk_events_total=2292 sdk_events_delta=107 sdk_rate_per_second=10.4 mapped_delta=104 ignored_delta=3 mapping_ms_per_event=0.069 handoff_wait_ms_per_event=0.003 handoff_queue_size=1 handoff_queue_capacity=4096
2026-08-10 11:43:54,981 INFO predmarket.polymarket.gateway - market_stream_consumer_progress generation=1 events_total=2209 events_delta=104 rate_per_second=10.1 queue_size=1 queue_capacity=65536 queue_utilization_pct=0.0 handle_dropped=0 manager_dropped=0
2026-08-10 11:43:54,982 INFO predmarket.watch.task - watch_price_change_progress messages=2072 messages_delta=100 entries_per_message=2.00 book_levels_per_message=182.2 parse_ms_per_message=0.022 cache_ms_per_message=0.428 queue_ms_per_message=0.007
2026-08-10 11:43:54,982 INFO predmarket.watch.task - watch_stream_handler_progress messages=2209 messages_delta=104 rate_per_second=10.1 event_counts=best_bid_ask:4,price_change:100 event_ms_per_message=best_bid_ask:0.009,price_change:0.578
2026-08-10 11:43:55,001 WARNING predmarket.watch.task - watch_exchange_clock_skew_warning generation=1 token_id=55117693870079238772824189339305035652702596264303214987988238412221239322103 exchange_timestamp=1786332531583 received_timestamp=1786333023263 exchange_clock_skew_ms=-491680 exchange_clock_skew_warning_ms=100 evaluation_continues=true
2026-08-10 11:43:55,416 INFO predmarket.app - catalog_cleanup_cycle_completed deleted_versions=0 deleted_journal_rows=0 remaining_versions=0 remaining_journal_rows=0
2026-08-10 11:43:55,994 INFO predmarket.watch.task - watch_stream_progress messages=2215 event_type=price_change generation=1 cache_state=VALID
2026-08-10 11:43:59,825 INFO predmarket.watch.task - watch_evaluation_abort_summary window_aborted=11 reason_counts=dependency_revision_changed:11 stage_counts=after_strategy:2,before_strategy:9 evaluation_requests=2303 evaluation_batches=834 evaluation_coalesced=2283 pending_tokens=2 last_completed_summary_age_ms=5024 maximum_evaluation_elapsed_ms=51 sample_reason=dependency_revision_changed sample_stage=before_strategy sample_token_ids=100533687727497443541369483933299762930731780669782590957570011016994709318185,104764801815215006840218735731932203523559164204955657612872827684375163040798 sample_expected_revisions=100533687727497443541369483933299762930731780669782590957570011016994709318185:178,104764801815215006840218735731932203523559164204955657612872827684375163040798:177 sample_actual_revisions=100533687727497443541369483933299762930731780669782590957570011016994709318185:180,104764801815215006840218735731932203523559164204955657612872827684375163040798:179
2026-08-10 11:44:05,818 INFO predmarket.polymarket.gateway - market_stream_pump_progress generation=1 sdk_events_total=2476 sdk_events_delta=184 sdk_rate_per_second=17.0 mapped_delta=184 ignored_delta=0 mapping_ms_per_event=0.050 handoff_wait_ms_per_event=0.002 handoff_queue_size=1 handoff_queue_capacity=4096
2026-08-10 11:44:05,819 INFO predmarket.polymarket.gateway - market_stream_consumer_progress generation=1 events_total=2393 events_delta=184 rate_per_second=17.0 queue_size=0 queue_capacity=65536 queue_utilization_pct=0.0 handle_dropped=0 manager_dropped=0
2026-08-10 11:44:05,819 INFO predmarket.watch.task - watch_price_change_progress messages=2248 messages_delta=176 entries_per_message=2.00 book_levels_per_message=189.4 parse_ms_per_message=0.017 cache_ms_per_message=0.364 queue_ms_per_message=0.004
2026-08-10 11:44:05,819 INFO predmarket.watch.task - watch_stream_handler_progress messages=2393 messages_delta=184 rate_per_second=17.0 event_counts=best_bid_ask:8,price_change:176 event_ms_per_message=best_bid_ask:0.007,price_change:0.455
2026-08-10 11:44:05,822 INFO predmarket.app - catalog_cleanup_cycle_completed deleted_versions=0 deleted_journal_rows=0 remaining_versions=0 remaining_journal_rows=0
2026-08-10 11:44:05,823 WARNING predmarket.watch.task - watch_exchange_clock_skew_warning generation=1 token_id=55117693870079238772824189339305035652702596264303214987988238412221239322103 exchange_timestamp=1786332531583 received_timestamp=1786333023263 exchange_clock_skew_ms=-491680 exchange_clock_skew_warning_ms=100 evaluation_continues=true
2026-08-10 11:44:05,846 INFO predmarket.watch.task - watch_evaluation_summary generation=1 tokens=2 generated_targets=4 targets=2 deduplicated_targets=2 persisted_signals=0 market_time=1786333445803 stream_silence_age_ms=1 decisions=ABSENT.PROFIT_BELOW_THRESHOLD:2 maximum_exchange_clock_skew_ms=-491680 exchange_clock_skew_warning_ms=100 maximum_exchange_clock_skew_token_id=55117693870079238772824189339305035652702596264303214987988238412221239322103 exchange_timestamp=1786332531583 received_timestamp=1786333023263 best_return_rate=-0.04536338 required_return_rate=0.00750000 best_opportunity_key=BINARY_UNDERPRICED:3436192 best_market_ids=3436192 context_ms=3 strategy_ms=23 signal_apply_ms=0 elapsed_ms=26
2026-08-10 11:44:10,065 INFO predmarket.watch.task - watch_evaluation_abort_summary window_aborted=5 reason_counts=dependency_revision_changed:5 stage_counts=after_strategy:1,before_strategy:4 evaluation_requests=2358 evaluation_batches=856 evaluation_coalesced=2335 pending_tokens=2 last_completed_summary_age_ms=4219 maximum_evaluation_elapsed_ms=63 sample_reason=dependency_revision_changed sample_stage=before_strategy sample_token_ids=42510750590941529190948547648591091159961726742666138609147094754699623789186,9527897186028883866601376291426044887292125040180168165330522910551404848146 sample_expected_revisions=42510750590941529190948547648591091159961726742666138609147094754699623789186:393,9527897186028883866601376291426044887292125040180168165330522910551404848146:393 sample_actual_revisions=42510750590941529190948547648591091159961726742666138609147094754699623789186:394,9527897186028883866601376291426044887292125040180168165330522910551404848146:394
2026-08-10 11:44:16,061 INFO predmarket.polymarket.gateway - market_stream_pump_progress generation=1 sdk_events_total=2491 sdk_events_delta=15 sdk_rate_per_second=1.5 mapped_delta=15 ignored_delta=0 mapping_ms_per_event=0.203 handoff_wait_ms_per_event=0.008 handoff_queue_size=1 handoff_queue_capacity=4096
2026-08-10 11:44:16,061 INFO predmarket.polymarket.gateway - market_stream_consumer_progress generation=1 events_total=2408 events_delta=15 rate_per_second=1.5 queue_size=0 queue_capacity=65536 queue_utilization_pct=0.0 handle_dropped=0 manager_dropped=0
2026-08-10 11:44:16,062 INFO predmarket.watch.task - watch_price_change_progress messages=2263 messages_delta=15 entries_per_message=2.00 book_levels_per_message=168.5 parse_ms_per_message=0.039 cache_ms_per_message=0.646 queue_ms_per_message=0.011
2026-08-10 11:44:16,062 INFO predmarket.watch.task - watch_stream_handler_progress messages=2408 messages_delta=15 rate_per_second=1.5 event_counts=price_change:15 event_ms_per_message=price_change:0.849
2026-08-10 11:44:16,066 WARNING predmarket.watch.task - watch_exchange_clock_skew_warning generation=1 token_id=55117693870079238772824189339305035652702596264303214987988238412221239322103 exchange_timestamp=1786332531583 received_timestamp=1786333023263 exchange_clock_skew_ms=-491680 exchange_clock_skew_warning_ms=100 evaluation_continues=true
2026-08-10 11:44:16,082 INFO predmarket.watch.task - watch_evaluation_summary generation=1 tokens=2 generated_targets=4 targets=2 deduplicated_targets=2 persisted_signals=0 market_time=1786333456000 stream_silence_age_ms=0 decisions=ABSENT.PROFIT_BELOW_THRESHOLD:2 maximum_exchange_clock_skew_ms=-491680 exchange_clock_skew_warning_ms=100 maximum_exchange_clock_skew_token_id=55117693870079238772824189339305035652702596264303214987988238412221239322103 exchange_timestamp=1786332531583 received_timestamp=1786333023263 best_return_rate=-0.05440750 required_return_rate=0.00750000 best_opportunity_key=BINARY_UNDERPRICED:3436837 best_market_ids=3436837 context_ms=3 strategy_ms=15 signal_apply_ms=0 elapsed_ms=19
2026-08-10 11:44:16,231 INFO predmarket.app - catalog_cleanup_cycle_completed deleted_versions=0 deleted_journal_rows=0 remaining_versions=0 remaining_journal_rows=0
2026-08-10 11:44:26,659 INFO predmarket.app - catalog_cleanup_cycle_completed deleted_versions=0 deleted_journal_rows=0 remaining_versions=0 remaining_journal_rows=0
2026-08-10 11:44:26,807 INFO predmarket.polymarket.gateway - market_stream_pump_progress generation=1 sdk_events_total=2571 sdk_events_delta=80 sdk_rate_per_second=7.4 mapped_delta=80 ignored_delta=0 mapping_ms_per_event=0.058 handoff_wait_ms_per_event=0.002 handoff_queue_size=1 handoff_queue_capacity=4096
2026-08-10 11:44:26,807 INFO predmarket.polymarket.gateway - market_stream_consumer_progress generation=1 events_total=2488 events_delta=80 rate_per_second=7.4 queue_size=0 queue_capacity=65536 queue_utilization_pct=0.0 handle_dropped=0 manager_dropped=0
2026-08-10 11:44:26,808 INFO predmarket.watch.task - watch_stream_progress messages=2488 event_type=price_change generation=1 cache_state=VALID
2026-08-10 11:44:26,809 INFO predmarket.watch.task - watch_price_change_progress messages=2343 messages_delta=80 entries_per_message=2.00 book_levels_per_message=188.4 parse_ms_per_message=0.020 cache_ms_per_message=0.376 queue_ms_per_message=0.004
2026-08-10 11:44:26,809 INFO predmarket.watch.task - watch_stream_handler_progress messages=2488 messages_delta=80 rate_per_second=7.4 event_counts=price_change:80 event_ms_per_message=price_change:0.486
2026-08-10 11:44:26,813 WARNING predmarket.watch.task - watch_exchange_clock_skew_warning generation=1 token_id=55117693870079238772824189339305035652702596264303214987988238412221239322103 exchange_timestamp=1786332531583 received_timestamp=1786333023263 exchange_clock_skew_ms=-491680 exchange_clock_skew_warning_ms=100 evaluation_continues=true
2026-08-10 11:44:26,851 INFO predmarket.watch.task - watch_evaluation_summary generation=1 tokens=2 generated_targets=4 targets=2 deduplicated_targets=2 persisted_signals=0 market_time=1786333466830 stream_silence_age_ms=1 decisions=ABSENT.PROFIT_BELOW_THRESHOLD:2 maximum_exchange_clock_skew_ms=-491680 exchange_clock_skew_warning_ms=100 maximum_exchange_clock_skew_token_id=55117693870079238772824189339305035652702596264303214987988238412221239322103 exchange_timestamp=1786332531583 received_timestamp=1786333023263 best_return_rate=-0.04536338 required_return_rate=0.00750000 best_opportunity_key=BINARY_UNDERPRICED:3436192 best_market_ids=3436192 context_ms=3 strategy_ms=36 signal_apply_ms=0 elapsed_ms=41
2026-08-10 11:44:37,063 INFO predmarket.app - catalog_cleanup_cycle_completed deleted_versions=0 deleted_journal_rows=0 remaining_versions=0 remaining_journal_rows=0
2026-08-10 11:44:37,360 INFO predmarket.polymarket.gateway - market_stream_pump_progress generation=1 sdk_events_total=2584 sdk_events_delta=13 sdk_rate_per_second=1.2 mapped_delta=13 ignored_delta=0 mapping_ms_per_event=0.163 handoff_wait_ms_per_event=0.007 handoff_queue_size=1 handoff_queue_capacity=4096
2026-08-10 11:44:37,363 INFO predmarket.polymarket.gateway - market_stream_consumer_progress generation=1 events_total=2501 events_delta=13 rate_per_second=1.2 queue_size=0 queue_capacity=65536 queue_utilization_pct=0.0 handle_dropped=0 manager_dropped=0
2026-08-10 11:44:37,365 INFO predmarket.watch.task - watch_price_change_progress messages=2356 messages_delta=13 entries_per_message=2.00 book_levels_per_message=197.4 parse_ms_per_message=0.069 cache_ms_per_message=0.870 queue_ms_per_message=0.016
2026-08-10 11:44:37,365 INFO predmarket.watch.task - watch_stream_handler_progress messages=2501 messages_delta=13 rate_per_second=1.2 event_counts=price_change:13 event_ms_per_message=price_change:1.219
2026-08-10 11:44:37,376 WARNING predmarket.watch.task - watch_exchange_clock_skew_warning generation=1 token_id=55117693870079238772824189339305035652702596264303214987988238412221239322103 exchange_timestamp=1786332531583 received_timestamp=1786333023263 exchange_clock_skew_ms=-491680 exchange_clock_skew_warning_ms=100 evaluation_continues=true
2026-08-10 11:44:37,427 INFO predmarket.watch.task - watch_evaluation_abort_summary window_aborted=3 reason_counts=dependency_revision_changed:3 stage_counts=after_strategy:1,before_strategy:2 evaluation_requests=2458 evaluation_batches=893 evaluation_coalesced=2457 pending_tokens=2 last_completed_summary_age_ms=10576 maximum_evaluation_elapsed_ms=59 sample_reason=dependency_revision_changed sample_stage=after_strategy sample_token_ids=42510750590941529190948547648591091159961726742666138609147094754699623789186,9527897186028883866601376291426044887292125040180168165330522910551404848146 sample_expected_revisions=42510750590941529190948547648591091159961726742666138609147094754699623789186:418,9527897186028883866601376291426044887292125040180168165330522910551404848146:418 sample_actual_revisions=42510750590941529190948547648591091159961726742666138609147094754699623789186:419,9527897186028883866601376291426044887292125040180168165330522910551404848146:419
2026-08-10 11:44:37,456 INFO predmarket.watch.task - watch_evaluation_summary generation=1 tokens=2 generated_targets=4 targets=2 deduplicated_targets=2 persisted_signals=0 market_time=1786333477408 stream_silence_age_ms=1 decisions=ABSENT.PROFIT_BELOW_THRESHOLD:2 maximum_exchange_clock_skew_ms=-491680 exchange_clock_skew_warning_ms=100 maximum_exchange_clock_skew_token_id=55117693870079238772824189339305035652702596264303214987988238412221239322103 exchange_timestamp=1786332531583 received_timestamp=1786333023263 best_return_rate=-0.04536338 required_return_rate=0.00750000 best_opportunity_key=BINARY_UNDERPRICED:3436192 best_market_ids=3436192 context_ms=2 strategy_ms=26 signal_apply_ms=0 elapsed_ms=29
2026-08-10 11:44:40,209 INFO predmarket.watch.task - watch_catalog_refresh_started markets=50 concurrency=10 trigger=periodic
2026-08-10 11:45:00,089 INFO predmarket.polymarket.gateway - market_stream_pump_progress generation=1 sdk_events_total=2594 sdk_events_delta=10 sdk_rate_per_second=0.4 mapped_delta=10 ignored_delta=0 mapping_ms_per_event=0.070 handoff_wait_ms_per_event=0.004 handoff_queue_size=1 handoff_queue_capacity=4096
2026-08-10 11:45:00,092 INFO predmarket.polymarket.gateway - market_stream_consumer_progress generation=1 events_total=2511 events_delta=10 rate_per_second=0.4 queue_size=0 queue_capacity=65536 queue_utilization_pct=0.0 handle_dropped=0 manager_dropped=0
2026-08-10 11:45:00,092 INFO predmarket.watch.task - watch_stream_progress messages=2511 event_type=price_change generation=1 cache_state=VALID
2026-08-10 11:45:00,092 INFO predmarket.watch.task - watch_price_change_progress messages=2366 messages_delta=10 entries_per_message=2.00 book_levels_per_message=188.6 parse_ms_per_message=0.017 cache_ms_per_message=0.322 queue_ms_per_message=0.004
2026-08-10 11:45:00,092 INFO predmarket.watch.task - watch_stream_handler_progress messages=2511 messages_delta=10 rate_per_second=0.4 event_counts=price_change:10 event_ms_per_message=price_change:0.425
2026-08-10 11:45:00,172 WARNING predmarket.watch.task - watch_exchange_clock_skew_warning generation=1 token_id=55117693870079238772824189339305035652702596264303214987988238412221239322103 exchange_timestamp=1786332531583 received_timestamp=1786333023263 exchange_clock_skew_ms=-491680 exchange_clock_skew_warning_ms=100 evaluation_continues=true
2026-08-10 11:45:00,217 INFO predmarket.watch.task - watch_evaluation_abort_summary window_aborted=3 reason_counts=dependency_revision_changed:3 stage_counts=before_strategy:3 evaluation_requests=2572 evaluation_batches=902 evaluation_coalesced=2631 pending_tokens=2 last_completed_summary_age_ms=22762 maximum_evaluation_elapsed_ms=774 sample_reason=dependency_revision_changed sample_stage=before_strategy sample_token_ids=42510750590941529190948547648591091159961726742666138609147094754699623789186,9527897186028883866601376291426044887292125040180168165330522910551404848146 sample_expected_revisions=42510750590941529190948547648591091159961726742666138609147094754699623789186:440,9527897186028883866601376291426044887292125040180168165330522910551404848146:440 sample_actual_revisions=42510750590941529190948547648591091159961726742666138609147094754699623789186:442,9527897186028883866601376291426044887292125040180168165330522910551404848146:442
2026-08-10 11:45:00,408 INFO predmarket.watch.task - watch_catalog_refresh_completed requested=50 succeeded=50 failed=0 elapsed_ms=20198 trigger=periodic
2026-08-10 11:45:00,520 INFO predmarket.app - strategy_catalog_snapshot_prepared events=18562 markets=138082 tokens=276164 elapsed_ms=111
2026-08-10 11:45:00,530 INFO predmarket.watch.task - watch_market_metadata_refresh_cycle_completed markets=50 snapshot_source=memory context_prepared=True elapsed_ms=20320
2026-08-10 11:45:00,565 INFO predmarket.watch.task - watch_evaluation_summary generation=1 tokens=2 generated_targets=4 targets=2 deduplicated_targets=2 persisted_signals=0 market_time=1786333500532 stream_silence_age_ms=4 decisions=ABSENT.PROFIT_BELOW_THRESHOLD:2 maximum_exchange_clock_skew_ms=-491680 exchange_clock_skew_warning_ms=100 maximum_exchange_clock_skew_token_id=55117693870079238772824189339305035652702596264303214987988238412221239322103 exchange_timestamp=1786332531583 received_timestamp=1786333023263 best_return_rate=-0.04536338 required_return_rate=0.00750000 best_opportunity_key=BINARY_UNDERPRICED:3436192 best_market_ids=3436192 context_ms=3 strategy_ms=24 signal_apply_ms=0 elapsed_ms=28
2026-08-10 11:45:01,063 INFO predmarket.app - catalog_cleanup_cycle_completed deleted_versions=0 deleted_journal_rows=150 remaining_versions=0 remaining_journal_rows=0
2026-08-10 11:45:10,176 INFO predmarket.polymarket.gateway - market_stream_pump_progress generation=1 sdk_events_total=2983 sdk_events_delta=389 sdk_rate_per_second=38.6 mapped_delta=389 ignored_delta=0 mapping_ms_per_event=0.031 handoff_wait_ms_per_event=0.001 handoff_queue_size=1 handoff_queue_capacity=4096
2026-08-10 11:45:10,178 INFO predmarket.polymarket.gateway - market_stream_consumer_progress generation=1 events_total=2900 events_delta=389 rate_per_second=38.6 queue_size=0 queue_capacity=65536 queue_utilization_pct=0.0 handle_dropped=0 manager_dropped=0
2026-08-10 11:45:10,181 INFO predmarket.watch.task - watch_price_change_progress messages=2717 messages_delta=351 entries_per_message=2.00 book_levels_per_message=188.6 parse_ms_per_message=0.012 cache_ms_per_message=0.268 queue_ms_per_message=0.002
2026-08-10 11:45:10,182 INFO predmarket.watch.task - watch_stream_handler_progress messages=2900 messages_delta=389 rate_per_second=38.6 event_counts=best_bid_ask:32,book:4,last_trade_price:2,price_change:351 event_ms_per_message=best_bid_ask:0.005,book:0.355,last_trade_price:0.004,price_change:0.326
2026-08-10 11:45:10,191 WARNING predmarket.watch.task - watch_exchange_clock_skew_warning generation=1 token_id=55117693870079238772824189339305035652702596264303214987988238412221239322103 exchange_timestamp=1786332531583 received_timestamp=1786333023263 exchange_clock_skew_ms=-491680 exchange_clock_skew_warning_ms=100 evaluation_continues=true
2026-08-10 11:45:11,025 INFO predmarket.watch.task - watch_evaluation_summary generation=1 tokens=2 generated_targets=4 targets=2 deduplicated_targets=2 persisted_signals=0 market_time=1786333510971 stream_silence_age_ms=2 decisions=ABSENT.PROFIT_BELOW_THRESHOLD:2 maximum_exchange_clock_skew_ms=-491680 exchange_clock_skew_warning_ms=100 maximum_exchange_clock_skew_token_id=55117693870079238772824189339305035652702596264303214987988238412221239322103 exchange_timestamp=1786332531583 received_timestamp=1786333023263 best_return_rate=-0.04536338 required_return_rate=0.00750000 best_opportunity_key=BINARY_UNDERPRICED:3436192 best_market_ids=3436192 context_ms=16 strategy_ms=53 signal_apply_ms=0 elapsed_ms=70
2026-08-10 11:45:11,423 INFO predmarket.app - catalog_cleanup_cycle_completed deleted_versions=0 deleted_journal_rows=0 remaining_versions=0 remaining_journal_rows=0
2026-08-10 11:45:11,896 INFO predmarket.watch.task - watch_evaluation_abort_summary window_aborted=13 reason_counts=dependency_revision_changed:13 stage_counts=after_strategy:6,before_strategy:7 evaluation_requests=2823 evaluation_batches=991 evaluation_coalesced=2894 pending_tokens=2 last_completed_summary_age_ms=871 maximum_evaluation_elapsed_ms=318 sample_reason=dependency_revision_changed sample_stage=before_strategy sample_token_ids=42510750590941529190948547648591091159961726742666138609147094754699623789186,9527897186028883866601376291426044887292125040180168165330522910551404848146 sample_expected_revisions=42510750590941529190948547648591091159961726742666138609147094754699623789186:458,9527897186028883866601376291426044887292125040180168165330522910551404848146:458 sample_actual_revisions=42510750590941529190948547648591091159961726742666138609147094754699623789186:459,9527897186028883866601376291426044887292125040180168165330522910551404848146:459
2026-08-10 11:45:14,483 INFO predmarket.watch.task - watch_evaluation_batch_completed batch=1000 tokens=2 pending_tokens=0 generation=1 elapsed_ms=42
2026-08-10 11:45:20,634 INFO predmarket.polymarket.gateway - market_stream_pump_progress generation=1 sdk_events_total=3053 sdk_events_delta=70 sdk_rate_per_second=6.7 mapped_delta=70 ignored_delta=0 mapping_ms_per_event=0.084 handoff_wait_ms_per_event=0.004 handoff_queue_size=1 handoff_queue_capacity=4096
2026-08-10 11:45:20,634 INFO predmarket.polymarket.gateway - market_stream_consumer_progress generation=1 events_total=2970 events_delta=70 rate_per_second=6.7 queue_size=0 queue_capacity=65536 queue_utilization_pct=0.0 handle_dropped=0 manager_dropped=0
2026-08-10 11:45:20,634 INFO predmarket.watch.task - watch_price_change_progress messages=2783 messages_delta=66 entries_per_message=2.00 book_levels_per_message=190.7 parse_ms_per_message=0.029 cache_ms_per_message=0.596 queue_ms_per_message=0.007
2026-08-10 11:45:20,635 INFO predmarket.watch.task - watch_stream_handler_progress messages=2970 messages_delta=70 rate_per_second=6.7 event_counts=best_bid_ask:4,price_change:66 event_ms_per_message=best_bid_ask:0.010,price_change:0.751
2026-08-10 11:45:20,637 WARNING predmarket.watch.task - watch_exchange_clock_skew_warning generation=1 token_id=55117693870079238772824189339305035652702596264303214987988238412221239322103 exchange_timestamp=1786332531583 received_timestamp=1786333023263 exchange_clock_skew_ms=-491680 exchange_clock_skew_warning_ms=100 evaluation_continues=true
2026-08-10 11:45:21,028 INFO predmarket.watch.task - watch_evaluation_summary generation=1 tokens=2 generated_targets=4 targets=2 deduplicated_targets=2 persisted_signals=0 market_time=1786333521004 stream_silence_age_ms=0 decisions=ABSENT.PROFIT_BELOW_THRESHOLD:2 maximum_exchange_clock_skew_ms=-491680 exchange_clock_skew_warning_ms=100 maximum_exchange_clock_skew_token_id=55117693870079238772824189339305035652702596264303214987988238412221239322103 exchange_timestamp=1786332531583 received_timestamp=1786333023263 best_return_rate=-0.04536338 required_return_rate=0.00750000 best_opportunity_key=BINARY_UNDERPRICED:3436194 best_market_ids=3436194 context_ms=2 strategy_ms=21 signal_apply_ms=0 elapsed_ms=23
2026-08-10 11:45:21,824 INFO predmarket.app - catalog_cleanup_cycle_completed deleted_versions=0 deleted_journal_rows=0 remaining_versions=0 remaining_journal_rows=0
2026-08-10 11:45:25,016 INFO predmarket.watch.task - watch_stream_progress messages=3000 event_type=price_change generation=1 cache_state=VALID
2026-08-10 11:45:27,197 INFO predmarket.watch.task - watch_evaluation_abort_summary window_aborted=5 reason_counts=dependency_revision_changed:5 stage_counts=after_strategy:2,before_strategy:3 evaluation_requests=2960 evaluation_batches=1062 evaluation_coalesced=3012 pending_tokens=4 last_completed_summary_age_ms=6170 maximum_evaluation_elapsed_ms=26 sample_reason=dependency_revision_changed sample_stage=before_strategy sample_token_ids=41819099635206806421678839889216601721599587298342595817800398742697034385981,7123601298568756724480355527346245891227193022488122134384346684378750789964 sample_expected_revisions=41819099635206806421678839889216601721599587298342595817800398742697034385981:55,7123601298568756724480355527346245891227193022488122134384346684378750789964:55 sample_actual_revisions=41819099635206806421678839889216601721599587298342595817800398742697034385981:56,7123601298568756724480355527346245891227193022488122134384346684378750789964:56
2026-08-10 11:45:30,861 INFO predmarket.polymarket.gateway - market_stream_pump_progress generation=1 sdk_events_total=3144 sdk_events_delta=91 sdk_rate_per_second=8.9 mapped_delta=91 ignored_delta=0 mapping_ms_per_event=0.062 handoff_wait_ms_per_event=0.003 handoff_queue_size=1 handoff_queue_capacity=4096
2026-08-10 11:45:30,863 INFO predmarket.polymarket.gateway - market_stream_consumer_progress generation=1 events_total=3061 events_delta=91 rate_per_second=8.9 queue_size=0 queue_capacity=65536 queue_utilization_pct=0.0 handle_dropped=0 manager_dropped=0
2026-08-10 11:45:30,865 INFO predmarket.watch.task - watch_price_change_progress messages=2874 messages_delta=91 entries_per_message=2.00 book_levels_per_message=191.9 parse_ms_per_message=0.018 cache_ms_per_message=0.389 queue_ms_per_message=0.005
2026-08-10 11:45:30,866 INFO predmarket.watch.task - watch_stream_handler_progress messages=3061 messages_delta=91 rate_per_second=8.9 event_counts=price_change:91 event_ms_per_message=price_change:0.514
2026-08-10 11:45:30,878 WARNING predmarket.watch.task - watch_exchange_clock_skew_warning generation=1 token_id=55117693870079238772824189339305035652702596264303214987988238412221239322103 exchange_timestamp=1786332531583 received_timestamp=1786333023263 exchange_clock_skew_ms=-491680 exchange_clock_skew_warning_ms=100 evaluation_continues=true
2026-08-10 11:45:31,274 INFO predmarket.watch.task - watch_evaluation_queue_progress requests=3000 pending_tokens=2 coalesced_tokens=3052 generation=1
2026-08-10 11:45:31,318 INFO predmarket.watch.task - watch_evaluation_summary generation=1 tokens=2 generated_targets=4 targets=2 deduplicated_targets=2 persisted_signals=0 market_time=1786333531272 stream_silence_age_ms=1 decisions=ABSENT.PROFIT_BELOW_THRESHOLD:2 maximum_exchange_clock_skew_ms=-491680 exchange_clock_skew_warning_ms=100 maximum_exchange_clock_skew_token_id=55117693870079238772824189339305035652702596264303214987988238412221239322103 exchange_timestamp=1786332531583 received_timestamp=1786333023263 best_return_rate=-0.06326783 required_return_rate=0.00750000 best_opportunity_key=BINARY_UNDERPRICED:3436705 best_market_ids=3436705 context_ms=6 strategy_ms=41 signal_apply_ms=0 elapsed_ms=49
2026-08-10 11:45:32,266 INFO predmarket.app - catalog_cleanup_cycle_completed deleted_versions=0 deleted_journal_rows=0 remaining_versions=0 remaining_journal_rows=0
2026-08-10 11:45:40,167 INFO predmarket.watch.task - watch_evaluation_abort_summary window_aborted=4 reason_counts=dependency_revision_changed:4 stage_counts=after_strategy:2,before_strategy:2 evaluation_requests=3097 evaluation_batches=1116 evaluation_coalesced=3158 pending_tokens=2 last_completed_summary_age_ms=8849 maximum_evaluation_elapsed_ms=24 sample_reason=dependency_revision_changed sample_stage=after_strategy sample_token_ids=25245913298754954080113862998342384723319981253261233745889938663440853708067,85749127670724227697811792869935971993129391306512089218777460177497605770729 sample_expected_revisions=25245913298754954080113862998342384723319981253261233745889938663440853708067:20,85749127670724227697811792869935971993129391306512089218777460177497605770729:20 sample_actual_revisions=25245913298754954080113862998342384723319981253261233745889938663440853708067:22,85749127670724227697811792869935971993129391306512089218777460177497605770729:22
2026-08-10 11:45:40,931 INFO predmarket.polymarket.gateway - market_stream_pump_progress generation=1 sdk_events_total=3372 sdk_events_delta=228 sdk_rate_per_second=22.6 mapped_delta=193 ignored_delta=35 mapping_ms_per_event=0.038 handoff_wait_ms_per_event=0.002 handoff_queue_size=1 handoff_queue_capacity=4096
2026-08-10 11:45:40,932 INFO predmarket.polymarket.gateway - market_stream_consumer_progress generation=1 events_total=3254 events_delta=193 rate_per_second=19.2 queue_size=0 queue_capacity=65536 queue_utilization_pct=0.0 handle_dropped=0 manager_dropped=0
2026-08-10 11:45:40,932 INFO predmarket.watch.task - watch_price_change_progress messages=3067 messages_delta=193 entries_per_message=2.00 book_levels_per_message=192.4 parse_ms_per_message=0.015 cache_ms_per_message=0.344 queue_ms_per_message=0.006
2026-08-10 11:45:40,933 INFO predmarket.watch.task - watch_stream_handler_progress messages=3254 messages_delta=193 rate_per_second=19.2 event_counts=price_change:193 event_ms_per_message=price_change:0.428
2026-08-10 11:45:40,941 WARNING predmarket.watch.task - watch_exchange_clock_skew_warning generation=1 token_id=55117693870079238772824189339305035652702596264303214987988238412221239322103 exchange_timestamp=1786332531583 received_timestamp=1786333023263 exchange_clock_skew_ms=-491680 exchange_clock_skew_warning_ms=100 evaluation_continues=true
2026-08-10 11:45:41,893 INFO predmarket.watch.task - watch_evaluation_summary generation=1 tokens=2 generated_targets=4 targets=2 deduplicated_targets=2 persisted_signals=0 market_time=1786333541868 stream_silence_age_ms=1 decisions=ABSENT.PROFIT_BELOW_THRESHOLD:2 maximum_exchange_clock_skew_ms=-491680 exchange_clock_skew_warning_ms=100 maximum_exchange_clock_skew_token_id=55117693870079238772824189339305035652702596264303214987988238412221239322103 exchange_timestamp=1786332531583 received_timestamp=1786333023263 best_return_rate=-0.04536338 required_return_rate=0.00750000 best_opportunity_key=BINARY_UNDERPRICED:3436711 best_market_ids=3436711 context_ms=6 strategy_ms=36 signal_apply_ms=0 elapsed_ms=43
2026-08-10 11:45:42,630 INFO predmarket.app - catalog_cleanup_cycle_completed deleted_versions=0 deleted_journal_rows=0 remaining_versions=0 remaining_journal_rows=0
2026-08-10 11:45:50,975 INFO predmarket.polymarket.gateway - market_stream_pump_progress generation=1 sdk_events_total=3463 sdk_events_delta=91 sdk_rate_per_second=9.1 mapped_delta=72 ignored_delta=19 mapping_ms_per_event=0.056 handoff_wait_ms_per_event=0.003 handoff_queue_size=1 handoff_queue_capacity=4096
2026-08-10 11:45:50,977 INFO predmarket.polymarket.gateway - market_stream_consumer_progress generation=1 events_total=3326 events_delta=72 rate_per_second=7.2 queue_size=0 queue_capacity=65536 queue_utilization_pct=0.0 handle_dropped=0 manager_dropped=0
2026-08-10 11:45:50,978 INFO predmarket.watch.task - watch_price_change_progress messages=3139 messages_delta=72 entries_per_message=2.00 book_levels_per_message=195.4 parse_ms_per_message=0.022 cache_ms_per_message=0.483 queue_ms_per_message=0.005
2026-08-10 11:45:50,979 INFO predmarket.watch.task - watch_stream_handler_progress messages=3326 messages_delta=72 rate_per_second=7.2 event_counts=price_change:72 event_ms_per_message=price_change:0.611
2026-08-10 11:45:51,001 WARNING predmarket.watch.task - watch_exchange_clock_skew_warning generation=1 token_id=55117693870079238772824189339305035652702596264303214987988238412221239322103 exchange_timestamp=1786332531583 received_timestamp=1786333023263 exchange_clock_skew_ms=-491680 exchange_clock_skew_warning_ms=100 evaluation_continues=true
2026-08-10 11:45:52,153 INFO predmarket.watch.task - watch_evaluation_summary generation=1 tokens=2 generated_targets=4 targets=2 deduplicated_targets=2 persisted_signals=0 market_time=1786333552136 stream_silence_age_ms=0 decisions=ABSENT.PROFIT_BELOW_THRESHOLD:2 maximum_exchange_clock_skew_ms=-491680 exchange_clock_skew_warning_ms=100 maximum_exchange_clock_skew_token_id=55117693870079238772824189339305035652702596264303214987988238412221239322103 exchange_timestamp=1786332531583 received_timestamp=1786333023263 best_return_rate=-0.04536338 required_return_rate=0.00750000 best_opportunity_key=BINARY_UNDERPRICED:3436711 best_market_ids=3436711 context_ms=3 strategy_ms=35 signal_apply_ms=0 elapsed_ms=39
2026-08-10 11:45:53,151 INFO predmarket.app - catalog_cleanup_cycle_completed deleted_versions=0 deleted_journal_rows=0 remaining_versions=0 remaining_journal_rows=0
2026-08-10 11:45:55,083 INFO predmarket.watch.task - watch_stream_progress messages=3361 event_type=price_change generation=1 cache_state=VALID
2026-08-10 11:45:59,426 INFO predmarket.watch.task - watch_evaluation_abort_summary window_aborted=3 reason_counts=dependency_revision_changed:3 stage_counts=after_strategy:1,before_strategy:2 evaluation_requests=3311 evaluation_batches=1185 evaluation_coalesced=3380 pending_tokens=2 last_completed_summary_age_ms=7273 maximum_evaluation_elapsed_ms=72 sample_reason=dependency_revision_changed sample_stage=after_strategy sample_token_ids=72065801637974788575455008332024696940618792010158911752705147821658917563767,88583721522651638518049577143949820329834557176529177001987262540704875260402 sample_expected_revisions=72065801637974788575455008332024696940618792010158911752705147821658917563767:20,88583721522651638518049577143949820329834557176529177001987262540704875260402:20 sample_actual_revisions=72065801637974788575455008332024696940618792010158911752705147821658917563767:21,88583721522651638518049577143949820329834557176529177001987262540704875260402:21
2026-08-10 11:46:01,096 INFO predmarket.polymarket.gateway - market_stream_pump_progress generation=1 sdk_events_total=3565 sdk_events_delta=102 sdk_rate_per_second=10.1 mapped_delta=80 ignored_delta=22 mapping_ms_per_event=0.055 handoff_wait_ms_per_event=0.003 handoff_queue_size=0 handoff_queue_capacity=4096
2026-08-10 11:46:02,047 INFO predmarket.polymarket.gateway - market_stream_consumer_progress generation=1 events_total=3407 events_delta=81 rate_per_second=7.3 queue_size=0 queue_capacity=65536 queue_utilization_pct=0.0 handle_dropped=0 manager_dropped=0
2026-08-10 11:46:02,049 INFO predmarket.watch.task - watch_price_change_progress messages=3220 messages_delta=81 entries_per_message=2.00 book_levels_per_message=194.4 parse_ms_per_message=0.025 cache_ms_per_message=0.483 queue_ms_per_message=0.006
2026-08-10 11:46:02,050 INFO predmarket.watch.task - watch_stream_handler_progress messages=3407 messages_delta=81 rate_per_second=7.3 event_counts=price_change:81 event_ms_per_message=price_change:0.638
2026-08-10 11:46:02,061 WARNING predmarket.watch.task - watch_exchange_clock_skew_warning generation=1 token_id=55117693870079238772824189339305035652702596264303214987988238412221239322103 exchange_timestamp=1786332531583 received_timestamp=1786333023263 exchange_clock_skew_ms=-491680 exchange_clock_skew_warning_ms=100 evaluation_continues=true
2026-08-10 11:46:02,182 INFO predmarket.watch.task - watch_evaluation_summary generation=1 tokens=2 generated_targets=4 targets=2 deduplicated_targets=2 persisted_signals=0 market_time=1786333562164 stream_silence_age_ms=1 decisions=ABSENT.PROFIT_BELOW_THRESHOLD:2 maximum_exchange_clock_skew_ms=-491680 exchange_clock_skew_warning_ms=100 maximum_exchange_clock_skew_token_id=55117693870079238772824189339305035652702596264303214987988238412221239322103 exchange_timestamp=1786332531583 received_timestamp=1786333023263 best_return_rate=-0.04536338 required_return_rate=0.00750000 best_opportunity_key=BINARY_UNDERPRICED:3436192 best_market_ids=3436192 context_ms=3 strategy_ms=33 signal_apply_ms=0 elapsed_ms=37
2026-08-10 11:46:03,551 INFO predmarket.app - catalog_cleanup_cycle_completed deleted_versions=0 deleted_journal_rows=0 remaining_versions=0 remaining_journal_rows=0
2026-08-10 11:46:12,124 INFO predmarket.polymarket.gateway - market_stream_pump_progress generation=1 sdk_events_total=3607 sdk_events_delta=42 sdk_rate_per_second=3.8 mapped_delta=38 ignored_delta=4 mapping_ms_per_event=0.138 handoff_wait_ms_per_event=0.007 handoff_queue_size=1 handoff_queue_capacity=4096
2026-08-10 11:46:12,126 INFO predmarket.polymarket.gateway - market_stream_consumer_progress generation=1 events_total=3444 events_delta=37 rate_per_second=3.7 queue_size=0 queue_capacity=65536 queue_utilization_pct=0.0 handle_dropped=0 manager_dropped=0
2026-08-10 11:46:12,128 INFO predmarket.watch.task - watch_price_change_progress messages=3257 messages_delta=37 entries_per_message=2.00 book_levels_per_message=194.2 parse_ms_per_message=0.040 cache_ms_per_message=0.713 queue_ms_per_message=0.013
2026-08-10 11:46:12,128 INFO predmarket.watch.task - watch_stream_handler_progress messages=3444 messages_delta=37 rate_per_second=3.7 event_counts=price_change:37 event_ms_per_message=price_change:0.970
2026-08-10 11:46:12,136 WARNING predmarket.watch.task - watch_exchange_clock_skew_warning generation=1 token_id=55117693870079238772824189339305035652702596264303214987988238412221239322103 exchange_timestamp=1786332531583 received_timestamp=1786333023263 exchange_clock_skew_ms=-491680 exchange_clock_skew_warning_ms=100 evaluation_continues=true
2026-08-10 11:46:12,187 INFO predmarket.watch.task - watch_evaluation_summary generation=1 tokens=2 generated_targets=4 targets=2 deduplicated_targets=2 persisted_signals=0 market_time=1786333572148 stream_silence_age_ms=2 decisions=ABSENT.PROFIT_BELOW_THRESHOLD:2 maximum_exchange_clock_skew_ms=-491680 exchange_clock_skew_warning_ms=100 maximum_exchange_clock_skew_token_id=55117693870079238772824189339305035652702596264303214987988238412221239322103 exchange_timestamp=1786332531583 received_timestamp=1786333023263 best_return_rate=-0.04536338 required_return_rate=0.00750000 best_opportunity_key=BINARY_UNDERPRICED:3436711 best_market_ids=3436711 context_ms=6 strategy_ms=49 signal_apply_ms=0 elapsed_ms=57
2026-08-10 11:46:13,950 INFO predmarket.app - catalog_cleanup_cycle_completed deleted_versions=0 deleted_journal_rows=0 remaining_versions=0 remaining_journal_rows=0
2026-08-10 11:46:23,180 INFO predmarket.polymarket.gateway - market_stream_pump_progress generation=1 sdk_events_total=3626 sdk_events_delta=19 sdk_rate_per_second=1.7 mapped_delta=19 ignored_delta=0 mapping_ms_per_event=0.147 handoff_wait_ms_per_event=0.008 handoff_queue_size=1 handoff_queue_capacity=4096
2026-08-10 11:46:23,182 INFO predmarket.polymarket.gateway - market_stream_consumer_progress generation=1 events_total=3463 events_delta=19 rate_per_second=1.7 queue_size=0 queue_capacity=65536 queue_utilization_pct=0.0 handle_dropped=0 manager_dropped=0
2026-08-10 11:46:23,183 INFO predmarket.watch.task - watch_price_change_progress messages=3274 messages_delta=17 entries_per_message=2.00 book_levels_per_message=173.8 parse_ms_per_message=0.050 cache_ms_per_message=0.845 queue_ms_per_message=0.014
2026-08-10 11:46:23,183 INFO predmarket.watch.task - watch_stream_handler_progress messages=3463 messages_delta=19 rate_per_second=1.7 event_counts=best_bid_ask:2,price_change:17 event_ms_per_message=best_bid_ask:0.014,price_change:1.139
2026-08-10 11:46:23,191 WARNING predmarket.watch.task - watch_exchange_clock_skew_warning generation=1 token_id=55117693870079238772824189339305035652702596264303214987988238412221239322103 exchange_timestamp=1786332531583 received_timestamp=1786333023263 exchange_clock_skew_ms=-491680 exchange_clock_skew_warning_ms=100 evaluation_continues=true
2026-08-10 11:46:23,327 INFO predmarket.watch.task - watch_evaluation_summary generation=1 tokens=2 generated_targets=4 targets=2 deduplicated_targets=2 persisted_signals=0 market_time=1786333583260 stream_silence_age_ms=6 decisions=ABSENT.PROFIT_BELOW_THRESHOLD:2 maximum_exchange_clock_skew_ms=-491680 exchange_clock_skew_warning_ms=100 maximum_exchange_clock_skew_token_id=55117693870079238772824189339305035652702596264303214987988238412221239322103 exchange_timestamp=1786332531583 received_timestamp=1786333023263 best_return_rate=-0.04536338 required_return_rate=0.00750000 best_opportunity_key=BINARY_UNDERPRICED:3436192 best_market_ids=3436192 context_ms=10 strategy_ms=57 signal_apply_ms=0 elapsed_ms=68
2026-08-10 11:46:24,357 INFO predmarket.app - catalog_cleanup_cycle_completed deleted_versions=0 deleted_journal_rows=0 remaining_versions=0 remaining_journal_rows=0
2026-08-10 11:46:25,288 INFO predmarket.watch.task - watch_stream_progress messages=3467 event_type=price_change generation=1 cache_state=VALID
2026-08-10 11:46:33,700 INFO predmarket.polymarket.gateway - market_stream_pump_progress generation=1 sdk_events_total=3643 sdk_events_delta=17 sdk_rate_per_second=1.6 mapped_delta=17 ignored_delta=0 mapping_ms_per_event=0.491 handoff_wait_ms_per_event=0.006 handoff_queue_size=1 handoff_queue_capacity=4096
2026-08-10 11:46:33,703 INFO predmarket.polymarket.gateway - market_stream_consumer_progress generation=1 events_total=3480 events_delta=17 rate_per_second=1.6 queue_size=0 queue_capacity=65536 queue_utilization_pct=0.0 handle_dropped=0 manager_dropped=0
2026-08-10 11:46:33,708 INFO predmarket.watch.task - watch_price_change_progress messages=3289 messages_delta=15 entries_per_message=2.00 book_levels_per_message=159.9 parse_ms_per_message=0.044 cache_ms_per_message=0.631 queue_ms_per_message=0.010
2026-08-10 11:46:33,708 INFO predmarket.watch.task - watch_stream_handler_progress messages=3480 messages_delta=17 rate_per_second=1.6 event_counts=best_bid_ask:2,price_change:15 event_ms_per_message=best_bid_ask:0.016,price_change:1.031
2026-08-10 11:46:33,727 WARNING predmarket.watch.task - watch_exchange_clock_skew_warning generation=1 token_id=55117693870079238772824189339305035652702596264303214987988238412221239322103 exchange_timestamp=1786332531583 received_timestamp=1786333023263 exchange_clock_skew_ms=-491680 exchange_clock_skew_warning_ms=100 evaluation_continues=true
2026-08-10 11:46:33,805 INFO predmarket.watch.task - watch_evaluation_abort_summary window_aborted=3 reason_counts=dependency_revision_changed:3 stage_counts=after_strategy:3 evaluation_requests=3392 evaluation_batches=1255 evaluation_coalesced=3396 pending_tokens=2 last_completed_summary_age_ms=10478 maximum_evaluation_elapsed_ms=95 sample_reason=dependency_revision_changed sample_stage=after_strategy sample_token_ids=42510750590941529190948547648591091159961726742666138609147094754699623789186,9527897186028883866601376291426044887292125040180168165330522910551404848146 sample_expected_revisions=42510750590941529190948547648591091159961726742666138609147094754699623789186:541,9527897186028883866601376291426044887292125040180168165330522910551404848146:541 sample_actual_revisions=42510750590941529190948547648591091159961726742666138609147094754699623789186:542,9527897186028883866601376291426044887292125040180168165330522910551404848146:542
2026-08-10 11:46:33,889 INFO predmarket.watch.task - watch_evaluation_summary generation=1 tokens=2 generated_targets=4 targets=2 deduplicated_targets=2 persisted_signals=0 market_time=1786333593785 stream_silence_age_ms=4 decisions=ABSENT.PROFIT_BELOW_THRESHOLD:2 maximum_exchange_clock_skew_ms=-491680 exchange_clock_skew_warning_ms=100 maximum_exchange_clock_skew_token_id=55117693870079238772824189339305035652702596264303214987988238412221239322103 exchange_timestamp=1786332531583 received_timestamp=1786333023263 best_return_rate=-0.04536338 required_return_rate=0.00750000 best_opportunity_key=BINARY_UNDERPRICED:3436192 best_market_ids=3436192 context_ms=26 strategy_ms=56 signal_apply_ms=0 elapsed_ms=83
2026-08-10 11:46:34,986 INFO predmarket.app - catalog_cleanup_cycle_completed deleted_versions=0 deleted_journal_rows=0 remaining_versions=0 remaining_journal_rows=0
2026-08-10 11:46:43,724 INFO predmarket.polymarket.gateway - market_stream_pump_progress generation=1 sdk_events_total=3751 sdk_events_delta=108 sdk_rate_per_second=10.8 mapped_delta=108 ignored_delta=0 mapping_ms_per_event=0.057 handoff_wait_ms_per_event=0.002 handoff_queue_size=1 handoff_queue_capacity=4096
2026-08-10 11:46:43,724 INFO predmarket.polymarket.gateway - market_stream_consumer_progress generation=1 events_total=3588 events_delta=108 rate_per_second=10.8 queue_size=0 queue_capacity=65536 queue_utilization_pct=0.0 handle_dropped=0 manager_dropped=0
2026-08-10 11:46:43,725 INFO predmarket.watch.task - watch_price_change_progress messages=3393 messages_delta=104 entries_per_message=2.00 book_levels_per_message=193.3 parse_ms_per_message=0.023 cache_ms_per_message=0.530 queue_ms_per_message=0.008
2026-08-10 11:46:43,725 INFO predmarket.watch.task - watch_stream_handler_progress messages=3588 messages_delta=108 rate_per_second=10.8 event_counts=best_bid_ask:4,price_change:104 event_ms_per_message=best_bid_ask:0.002,price_change:0.674
2026-08-10 11:46:43,732 WARNING predmarket.watch.task - watch_exchange_clock_skew_warning generation=1 token_id=55117693870079238772824189339305035652702596264303214987988238412221239322103 exchange_timestamp=1786332531583 received_timestamp=1786333023263 exchange_clock_skew_ms=-491680 exchange_clock_skew_warning_ms=100 evaluation_continues=true
2026-08-10 11:46:43,896 INFO predmarket.watch.task - watch_evaluation_summary generation=1 tokens=6 generated_targets=12 targets=6 deduplicated_targets=6 persisted_signals=0 market_time=1786333603674 stream_silence_age_ms=2 decisions=ABSENT.PROFIT_BELOW_THRESHOLD:6 maximum_exchange_clock_skew_ms=-491680 exchange_clock_skew_warning_ms=100 maximum_exchange_clock_skew_token_id=55117693870079238772824189339305035652702596264303214987988238412221239322103 exchange_timestamp=1786332531583 received_timestamp=1786333023263 best_return_rate=-0.05440750 required_return_rate=0.00750000 best_opportunity_key=BINARY_UNDERPRICED:3436115 best_market_ids=3436115 context_ms=1 strategy_ms=70 signal_apply_ms=0 elapsed_ms=72
2026-08-10 11:46:45,396 INFO predmarket.app - catalog_cleanup_cycle_completed deleted_versions=0 deleted_journal_rows=0 remaining_versions=0 remaining_journal_rows=0
2026-08-10 11:46:46,259 INFO predmarket.watch.task - watch_evaluation_abort_summary window_aborted=10 reason_counts=dependency_revision_changed:10 stage_counts=after_strategy:2,before_strategy:8 evaluation_requests=3672 evaluation_batches=1295 evaluation_coalesced=3838 pending_tokens=2 last_completed_summary_age_ms=2363 maximum_evaluation_elapsed_ms=79 sample_reason=dependency_revision_changed sample_stage=before_strategy sample_token_ids=91947488640105949615483017443405502580169589781851812483421045493873497582851,97778838859299636841264641147426977849209388716758308980309133152224569162973 sample_expected_revisions=91947488640105949615483017443405502580169589781851812483421045493873497582851:175,97778838859299636841264641147426977849209388716758308980309133152224569162973:175 sample_actual_revisions=91947488640105949615483017443405502580169589781851812483421045493873497582851:182,97778838859299636841264641147426977849209388716758308980309133152224569162973:182
2026-08-10 11:46:54,680 INFO predmarket.polymarket.gateway - market_stream_pump_progress generation=1 sdk_events_total=4006 sdk_events_delta=255 sdk_rate_per_second=23.3 mapped_delta=255 ignored_delta=0 mapping_ms_per_event=0.043 handoff_wait_ms_per_event=0.002 handoff_queue_size=1 handoff_queue_capacity=4096
2026-08-10 11:46:54,682 INFO predmarket.polymarket.gateway - market_stream_consumer_progress generation=1 events_total=3843 events_delta=255 rate_per_second=23.3 queue_size=0 queue_capacity=65536 queue_utilization_pct=0.0 handle_dropped=0 manager_dropped=0
2026-08-10 11:46:54,684 INFO predmarket.watch.task - watch_price_change_progress messages=3644 messages_delta=251 entries_per_message=2.00 book_levels_per_message=185.5 parse_ms_per_message=0.017 cache_ms_per_message=0.399 queue_ms_per_message=0.003
2026-08-10 11:46:54,685 INFO predmarket.watch.task - watch_stream_handler_progress messages=3843 messages_delta=255 rate_per_second=23.3 event_counts=best_bid_ask:4,price_change:251 event_ms_per_message=best_bid_ask:0.006,price_change:0.487
2026-08-10 11:46:54,695 WARNING predmarket.watch.task - watch_exchange_clock_skew_warning generation=1 token_id=55117693870079238772824189339305035652702596264303214987988238412221239322103 exchange_timestamp=1786332531583 received_timestamp=1786333023263 exchange_clock_skew_ms=-491680 exchange_clock_skew_warning_ms=100 evaluation_continues=true
2026-08-10 11:46:54,745 INFO predmarket.watch.task - watch_evaluation_summary generation=1 tokens=2 generated_targets=4 targets=2 deduplicated_targets=2 persisted_signals=0 market_time=1786333614704 stream_silence_age_ms=2 decisions=ABSENT.PROFIT_BELOW_THRESHOLD:2 maximum_exchange_clock_skew_ms=-491680 exchange_clock_skew_warning_ms=100 maximum_exchange_clock_skew_token_id=55117693870079238772824189339305035652702596264303214987988238412221239322103 exchange_timestamp=1786332531583 received_timestamp=1786333023263 best_return_rate=-0.04536338 required_return_rate=0.00750000 best_opportunity_key=BINARY_UNDERPRICED:3436192 best_market_ids=3436192 context_ms=8 strategy_ms=48 signal_apply_ms=0 elapsed_ms=58
2026-08-10 11:46:55,318 INFO predmarket.watch.task - watch_stream_progress messages=3844 event_type=price_change generation=1 cache_state=VALID
2026-08-10 11:46:55,767 INFO predmarket.app - catalog_cleanup_cycle_completed deleted_versions=0 deleted_journal_rows=0 remaining_versions=0 remaining_journal_rows=0
2026-08-10 11:47:03,640 INFO predmarket.watch.task - watch_evaluation_abort_summary window_aborted=6 reason_counts=dependency_revision_changed:6 stage_counts=after_strategy:1,before_strategy:5 evaluation_requests=3807 evaluation_batches=1335 evaluation_coalesced=3990 pending_tokens=8 last_completed_summary_age_ms=8895 maximum_evaluation_elapsed_ms=82 sample_reason=dependency_revision_changed sample_stage=before_strategy sample_token_ids=109077064265911698308447693489210062710385235422725333233376984942622645861203,47026039906272739025820416233789701333043808274821291111666395828511940852745 sample_expected_revisions=109077064265911698308447693489210062710385235422725333233376984942622645861203:71,47026039906272739025820416233789701333043808274821291111666395828511940852745:71 sample_actual_revisions=109077064265911698308447693489210062710385235422725333233376984942622645861203:75,47026039906272739025820416233789701333043808274821291111666395828511940852745:75
2026-08-10 11:47:05,159 INFO predmarket.polymarket.gateway - market_stream_pump_progress generation=1 sdk_events_total=4151 sdk_events_delta=145 sdk_rate_per_second=13.8 mapped_delta=145 ignored_delta=0 mapping_ms_per_event=0.041 handoff_wait_ms_per_event=0.002 handoff_queue_size=1 handoff_queue_capacity=4096
2026-08-10 11:47:05,162 INFO predmarket.polymarket.gateway - market_stream_consumer_progress generation=1 events_total=3988 events_delta=145 rate_per_second=13.8 queue_size=0 queue_capacity=65536 queue_utilization_pct=0.0 handle_dropped=0 manager_dropped=0
2026-08-10 11:47:05,164 INFO predmarket.watch.task - watch_price_change_progress messages=3789 messages_delta=145 entries_per_message=2.00 book_levels_per_message=193.4 parse_ms_per_message=0.018 cache_ms_per_message=0.366 queue_ms_per_message=0.004
2026-08-10 11:47:05,165 INFO predmarket.watch.task - watch_stream_handler_progress messages=3988 messages_delta=145 rate_per_second=13.8 event_counts=price_change:145 event_ms_per_message=price_change:0.469
2026-08-10 11:47:05,176 WARNING predmarket.watch.task - watch_exchange_clock_skew_warning generation=1 token_id=55117693870079238772824189339305035652702596264303214987988238412221239322103 exchange_timestamp=1786332531583 received_timestamp=1786333023263 exchange_clock_skew_ms=-491680 exchange_clock_skew_warning_ms=100 evaluation_continues=true
2026-08-10 11:47:05,226 INFO predmarket.watch.task - watch_evaluation_summary generation=1 tokens=2 generated_targets=4 targets=2 deduplicated_targets=2 persisted_signals=0 market_time=1786333625184 stream_silence_age_ms=3 decisions=ABSENT.PROFIT_BELOW_THRESHOLD:2 maximum_exchange_clock_skew_ms=-491680 exchange_clock_skew_warning_ms=100 maximum_exchange_clock_skew_token_id=55117693870079238772824189339305035652702596264303214987988238412221239322103 exchange_timestamp=1786332531583 received_timestamp=1786333023263 best_return_rate=-0.04536338 required_return_rate=0.00750000 best_opportunity_key=BINARY_UNDERPRICED:3436192 best_market_ids=3436192 context_ms=8 strategy_ms=49 signal_apply_ms=0 elapsed_ms=58
2026-08-10 11:47:05,429 INFO predmarket.watch.task - watch_stream_progress messages=4000 event_type=price_change generation=1 cache_state=VALID
2026-08-10 11:47:06,171 INFO predmarket.app - catalog_cleanup_cycle_completed deleted_versions=0 deleted_journal_rows=0 remaining_versions=0 remaining_journal_rows=0
2026-08-10 11:47:15,676 INFO predmarket.polymarket.gateway - market_stream_pump_progress generation=1 sdk_events_total=4206 sdk_events_delta=55 sdk_rate_per_second=5.2 mapped_delta=55 ignored_delta=0 mapping_ms_per_event=0.091 handoff_wait_ms_per_event=0.004 handoff_queue_size=1 handoff_queue_capacity=4096
2026-08-10 11:47:15,678 INFO predmarket.polymarket.gateway - market_stream_consumer_progress generation=1 events_total=4043 events_delta=55 rate_per_second=5.2 queue_size=0 queue_capacity=65536 queue_utilization_pct=0.0 handle_dropped=0 manager_dropped=0
2026-08-10 11:47:15,680 INFO predmarket.watch.task - watch_price_change_progress messages=3844 messages_delta=55 entries_per_message=2.00 book_levels_per_message=196.4 parse_ms_per_message=0.025 cache_ms_per_message=0.517 queue_ms_per_message=0.007
2026-08-10 11:47:15,681 INFO predmarket.watch.task - watch_stream_handler_progress messages=4043 messages_delta=55 rate_per_second=5.2 event_counts=price_change:55 event_ms_per_message=price_change:0.667
2026-08-10 11:47:15,691 WARNING predmarket.watch.task - watch_exchange_clock_skew_warning generation=1 token_id=55117693870079238772824189339305035652702596264303214987988238412221239322103 exchange_timestamp=1786332531583 received_timestamp=1786333023263 exchange_clock_skew_ms=-491680 exchange_clock_skew_warning_ms=100 evaluation_continues=true
2026-08-10 11:47:15,741 INFO predmarket.watch.task - watch_evaluation_summary generation=1 tokens=2 generated_targets=4 targets=2 deduplicated_targets=2 persisted_signals=0 market_time=1786333635702 stream_silence_age_ms=2 decisions=ABSENT.PROFIT_BELOW_THRESHOLD:2 maximum_exchange_clock_skew_ms=-491680 exchange_clock_skew_warning_ms=100 maximum_exchange_clock_skew_token_id=55117693870079238772824189339305035652702596264303214987988238412221239322103 exchange_timestamp=1786332531583 received_timestamp=1786333023263 best_return_rate=-0.04536338 required_return_rate=0.00750000 best_opportunity_key=BINARY_UNDERPRICED:3436192 best_market_ids=3436192 context_ms=7 strategy_ms=50 signal_apply_ms=0 elapsed_ms=59
2026-08-10 11:47:16,579 INFO predmarket.app - catalog_cleanup_cycle_completed deleted_versions=0 deleted_journal_rows=0 remaining_versions=0 remaining_journal_rows=0
2026-08-10 11:47:26,147 INFO predmarket.polymarket.gateway - market_stream_pump_progress generation=1 sdk_events_total=4233 sdk_events_delta=27 sdk_rate_per_second=2.6 mapped_delta=27 ignored_delta=0 mapping_ms_per_event=0.097 handoff_wait_ms_per_event=0.005 handoff_queue_size=1 handoff_queue_capacity=4096
2026-08-10 11:47:26,150 INFO predmarket.polymarket.gateway - market_stream_consumer_progress generation=1 events_total=4070 events_delta=27 rate_per_second=2.6 queue_size=0 queue_capacity=65536 queue_utilization_pct=0.0 handle_dropped=0 manager_dropped=0
2026-08-10 11:47:26,152 INFO predmarket.watch.task - watch_price_change_progress messages=3869 messages_delta=25 entries_per_message=2.00 book_levels_per_message=180.9 parse_ms_per_message=0.029 cache_ms_per_message=0.569 queue_ms_per_message=0.011
2026-08-10 11:47:26,153 INFO predmarket.watch.task - watch_stream_handler_progress messages=4070 messages_delta=27 rate_per_second=2.6 event_counts=best_bid_ask:2,price_change:25 event_ms_per_message=best_bid_ask:0.011,price_change:0.773
2026-08-10 11:47:26,165 WARNING predmarket.watch.task - watch_exchange_clock_skew_warning generation=1 token_id=55117693870079238772824189339305035652702596264303214987988238412221239322103 exchange_timestamp=1786332531583 received_timestamp=1786333023263 exchange_clock_skew_ms=-491680 exchange_clock_skew_warning_ms=100 evaluation_continues=true
2026-08-10 11:47:26,216 INFO predmarket.watch.task - watch_evaluation_summary generation=1 tokens=2 generated_targets=4 targets=2 deduplicated_targets=2 persisted_signals=0 market_time=1786333646171 stream_silence_age_ms=3 decisions=ABSENT.PROFIT_BELOW_THRESHOLD:2 maximum_exchange_clock_skew_ms=-491680 exchange_clock_skew_warning_ms=100 maximum_exchange_clock_skew_token_id=55117693870079238772824189339305035652702596264303214987988238412221239322103 exchange_timestamp=1786332531583 received_timestamp=1786333023263 best_return_rate=-0.04536338 required_return_rate=0.00750000 best_opportunity_key=BINARY_UNDERPRICED:3436192 best_market_ids=3436192 context_ms=9 strategy_ms=50 signal_apply_ms=0 elapsed_ms=61
2026-08-10 11:47:26,982 INFO predmarket.app - catalog_cleanup_cycle_completed deleted_versions=0 deleted_journal_rows=0 remaining_versions=0 remaining_journal_rows=0
2026-08-10 11:47:30,530 INFO predmarket.watch.task - watch_catalog_refresh_started markets=50 concurrency=10 trigger=periodic
2026-08-10 11:47:49,965 INFO predmarket.polymarket.gateway - market_stream_pump_progress generation=1 sdk_events_total=4245 sdk_events_delta=12 sdk_rate_per_second=0.5 mapped_delta=12 ignored_delta=0 mapping_ms_per_event=0.050 handoff_wait_ms_per_event=0.002 handoff_queue_size=1 handoff_queue_capacity=4096
2026-08-10 11:47:49,967 INFO predmarket.polymarket.gateway - market_stream_consumer_progress generation=1 events_total=4082 events_delta=12 rate_per_second=0.5 queue_size=0 queue_capacity=65536 queue_utilization_pct=0.0 handle_dropped=0 manager_dropped=0
2026-08-10 11:47:49,967 INFO predmarket.watch.task - watch_stream_progress messages=4082 event_type=price_change generation=1 cache_state=VALID
2026-08-10 11:47:49,968 INFO predmarket.watch.task - watch_price_change_progress messages=3879 messages_delta=10 entries_per_message=2.00 book_levels_per_message=141.6 parse_ms_per_message=0.014 cache_ms_per_message=0.184 queue_ms_per_message=0.005
2026-08-10 11:47:49,968 INFO predmarket.watch.task - watch_stream_handler_progress messages=4082 messages_delta=12 rate_per_second=0.5 event_counts=best_bid_ask:2,price_change:10 event_ms_per_message=best_bid_ask:0.003,price_change:0.276
2026-08-10 11:47:49,978 INFO predmarket.watch.task - watch_evaluation_queue_progress requests=4000 pending_tokens=6 coalesced_tokens=4244 generation=1
2026-08-10 11:47:50,011 WARNING predmarket.watch.task - watch_exchange_clock_skew_warning generation=1 token_id=55117693870079238772824189339305035652702596264303214987988238412221239322103 exchange_timestamp=1786332531583 received_timestamp=1786333023263 exchange_clock_skew_ms=-491680 exchange_clock_skew_warning_ms=100 evaluation_continues=true
2026-08-10 11:47:50,046 INFO predmarket.watch.task - watch_evaluation_summary generation=1 tokens=16 generated_targets=32 targets=16 deduplicated_targets=16 persisted_signals=0 market_time=1786333669255 stream_silence_age_ms=1 decisions=ABSENT.PROFIT_BELOW_THRESHOLD:2,NOT_EVALUABLE.ORDERBOOK_STALE.orderbook_stale:14 maximum_exchange_clock_skew_ms=-491680 exchange_clock_skew_warning_ms=100 maximum_exchange_clock_skew_token_id=55117693870079238772824189339305035652702596264303214987988238412221239322103 exchange_timestamp=1786332531583 received_timestamp=1786333023263 best_return_rate=-0.04536338 required_return_rate=0.00750000 best_opportunity_key=BINARY_UNDERPRICED:3436192 best_market_ids=3436192 context_ms=4 strategy_ms=34 signal_apply_ms=0 elapsed_ms=39
2026-08-10 11:47:50,192 INFO predmarket.watch.task - watch_catalog_refresh_completed requested=50 succeeded=50 failed=0 elapsed_ms=19662 trigger=periodic
2026-08-10 11:47:50,287 INFO predmarket.app - strategy_catalog_snapshot_prepared events=18562 markets=138082 tokens=276164 elapsed_ms=94
2026-08-10 11:47:50,296 INFO predmarket.watch.task - watch_market_metadata_refresh_cycle_completed markets=50 snapshot_source=memory context_prepared=True elapsed_ms=19766
2026-08-10 11:47:50,659 INFO predmarket.app - catalog_cleanup_cycle_completed deleted_versions=0 deleted_journal_rows=150 remaining_versions=0 remaining_journal_rows=0
2026-08-10 11:47:52,396 INFO predmarket.watch.task - watch_evaluation_abort_summary window_aborted=6 reason_counts=dependency_revision_changed:6 stage_counts=after_strategy:2,before_strategy:4 evaluation_requests=4072 evaluation_batches=1395 evaluation_coalesced=4362 pending_tokens=2 last_completed_summary_age_ms=2350 maximum_evaluation_elapsed_ms=42 sample_reason=dependency_revision_changed sample_stage=before_strategy sample_token_ids=42510750590941529190948547648591091159961726742666138609147094754699623789186,9527897186028883866601376291426044887292125040180168165330522910551404848146 sample_expected_revisions=42510750590941529190948547648591091159961726742666138609147094754699623789186:611,9527897186028883866601376291426044887292125040180168165330522910551404848146:611 sample_actual_revisions=42510750590941529190948547648591091159961726742666138609147094754699623789186:620,9527897186028883866601376291426044887292125040180168165330522910551404848146:620
2026-08-10 11:48:00,331 INFO predmarket.polymarket.gateway - market_stream_pump_progress generation=1 sdk_events_total=4429 sdk_events_delta=184 sdk_rate_per_second=17.8 mapped_delta=184 ignored_delta=0 mapping_ms_per_event=0.058 handoff_wait_ms_per_event=0.002 handoff_queue_size=1 handoff_queue_capacity=4096
2026-08-10 11:48:00,333 INFO predmarket.polymarket.gateway - market_stream_consumer_progress generation=1 events_total=4266 events_delta=184 rate_per_second=17.8 queue_size=0 queue_capacity=65536 queue_utilization_pct=0.0 handle_dropped=0 manager_dropped=0
2026-08-10 11:48:00,334 INFO predmarket.watch.task - watch_price_change_progress messages=4063 messages_delta=184 entries_per_message=2.00 book_levels_per_message=195.9 parse_ms_per_message=0.021 cache_ms_per_message=0.461 queue_ms_per_message=0.005
2026-08-10 11:48:00,334 INFO predmarket.watch.task - watch_stream_handler_progress messages=4266 messages_delta=184 rate_per_second=17.8 event_counts=price_change:184 event_ms_per_message=price_change:0.571
2026-08-10 11:48:00,363 WARNING predmarket.watch.task - watch_exchange_clock_skew_warning generation=1 token_id=55117693870079238772824189339305035652702596264303214987988238412221239322103 exchange_timestamp=1786332531583 received_timestamp=1786333023263 exchange_clock_skew_ms=-491680 exchange_clock_skew_warning_ms=100 evaluation_continues=true
2026-08-10 11:48:00,395 INFO predmarket.watch.task - watch_evaluation_summary generation=1 tokens=2 generated_targets=4 targets=2 deduplicated_targets=2 persisted_signals=0 market_time=1786333680382 stream_silence_age_ms=1 decisions=ABSENT.PROFIT_BELOW_THRESHOLD:2 maximum_exchange_clock_skew_ms=-491680 exchange_clock_skew_warning_ms=100 maximum_exchange_clock_skew_token_id=55117693870079238772824189339305035652702596264303214987988238412221239322103 exchange_timestamp=1786332531583 received_timestamp=1786333023263 best_return_rate=-0.04536338 required_return_rate=0.00750000 best_opportunity_key=BINARY_UNDERPRICED:3436192 best_market_ids=3436192 context_ms=3 strategy_ms=30 signal_apply_ms=0 elapsed_ms=34
2026-08-10 11:48:01,487 INFO predmarket.app - catalog_cleanup_cycle_completed deleted_versions=0 deleted_journal_rows=0 remaining_versions=0 remaining_journal_rows=0
2026-08-10 11:48:03,397 INFO predmarket.watch.task - watch_evaluation_abort_summary window_aborted=16 reason_counts=dependency_revision_changed:16 stage_counts=after_strategy:2,before_strategy:14 evaluation_requests=4206 evaluation_batches=1435 evaluation_coalesced=4526 pending_tokens=2 last_completed_summary_age_ms=3002 maximum_evaluation_elapsed_ms=128 sample_reason=dependency_revision_changed sample_stage=before_strategy sample_token_ids=42510750590941529190948547648591091159961726742666138609147094754699623789186,9527897186028883866601376291426044887292125040180168165330522910551404848146 sample_expected_revisions=42510750590941529190948547648591091159961726742666138609147094754699623789186:732,9527897186028883866601376291426044887292125040180168165330522910551404848146:732 sample_actual_revisions=42510750590941529190948547648591091159961726742666138609147094754699623789186:739,9527897186028883866601376291426044887292125040180168165330522910551404848146:739
2026-08-10 11:48:10,331 INFO predmarket.polymarket.gateway - market_stream_pump_progress generation=1 sdk_events_total=4591 sdk_events_delta=162 sdk_rate_per_second=16.2 mapped_delta=162 ignored_delta=0 mapping_ms_per_event=0.074 handoff_wait_ms_per_event=0.003 handoff_queue_size=1 handoff_queue_capacity=4096
2026-08-10 11:48:10,361 INFO predmarket.polymarket.gateway - market_stream_consumer_progress generation=1 events_total=4429 events_delta=163 rate_per_second=16.3 queue_size=1 queue_capacity=65536 queue_utilization_pct=0.0 handle_dropped=0 manager_dropped=0
2026-08-10 11:48:10,361 INFO predmarket.watch.task - watch_price_change_progress messages=4226 messages_delta=163 entries_per_message=2.00 book_levels_per_message=197.7 parse_ms_per_message=0.022 cache_ms_per_message=0.490 queue_ms_per_message=0.005
2026-08-10 11:48:10,362 INFO predmarket.watch.task - watch_stream_handler_progress messages=4429 messages_delta=163 rate_per_second=16.3 event_counts=price_change:163 event_ms_per_message=price_change:0.603
2026-08-10 11:48:10,368 WARNING predmarket.watch.task - watch_exchange_clock_skew_warning generation=1 token_id=55117693870079238772824189339305035652702596264303214987988238412221239322103 exchange_timestamp=1786332531583 received_timestamp=1786333023263 exchange_clock_skew_ms=-491680 exchange_clock_skew_warning_ms=100 evaluation_continues=true
2026-08-10 11:48:10,420 INFO predmarket.watch.task - watch_evaluation_summary generation=1 tokens=2 generated_targets=4 targets=2 deduplicated_targets=2 persisted_signals=0 market_time=1786333690390 stream_silence_age_ms=1 decisions=ABSENT.PROFIT_BELOW_THRESHOLD:2 maximum_exchange_clock_skew_ms=-491680 exchange_clock_skew_warning_ms=100 maximum_exchange_clock_skew_token_id=55117693870079238772824189339305035652702596264303214987988238412221239322103 exchange_timestamp=1786332531583 received_timestamp=1786333023263 best_return_rate=-0.04536338 required_return_rate=0.00750000 best_opportunity_key=BINARY_UNDERPRICED:3436192 best_market_ids=3436192 context_ms=2 strategy_ms=24 signal_apply_ms=0 elapsed_ms=26
2026-08-10 11:48:11,866 INFO predmarket.app - catalog_cleanup_cycle_completed deleted_versions=0 deleted_journal_rows=0 remaining_versions=0 remaining_journal_rows=0
2026-08-10 11:48:14,384 INFO predmarket.watch.task - watch_evaluation_abort_summary window_aborted=21 reason_counts=dependency_revision_changed:21 stage_counts=after_strategy:7,before_strategy:14 evaluation_requests=4374 evaluation_batches=1481 evaluation_coalesced=4764 pending_tokens=2 last_completed_summary_age_ms=3964 maximum_evaluation_elapsed_ms=44 sample_reason=dependency_revision_changed sample_stage=after_strategy sample_token_ids=42510750590941529190948547648591091159961726742666138609147094754699623789186,9527897186028883866601376291426044887292125040180168165330522910551404848146 sample_expected_revisions=42510750590941529190948547648591091159961726742666138609147094754699623789186:855,9527897186028883866601376291426044887292125040180168165330522910551404848146:855 sample_actual_revisions=42510750590941529190948547648591091159961726742666138609147094754699623789186:859,9527897186028883866601376291426044887292125040180168165330522910551404848146:859
2026-08-10 11:48:19,980 INFO predmarket.watch.task - watch_stream_progress messages=4554 event_type=price_change generation=1 cache_state=VALID
2026-08-10 11:48:20,345 INFO predmarket.polymarket.gateway - market_stream_pump_progress generation=1 sdk_events_total=4719 sdk_events_delta=128 sdk_rate_per_second=12.8 mapped_delta=128 ignored_delta=0 mapping_ms_per_event=0.080 handoff_wait_ms_per_event=0.004 handoff_queue_size=1 handoff_queue_capacity=4096
2026-08-10 11:48:20,365 INFO predmarket.polymarket.gateway - market_stream_consumer_progress generation=1 events_total=4561 events_delta=132 rate_per_second=13.2 queue_size=0 queue_capacity=65536 queue_utilization_pct=0.0 handle_dropped=0 manager_dropped=0
2026-08-10 11:48:20,367 INFO predmarket.watch.task - watch_price_change_progress messages=4356 messages_delta=130 entries_per_message=2.00 book_levels_per_message=194.3 parse_ms_per_message=0.028 cache_ms_per_message=0.582 queue_ms_per_message=0.006
2026-08-10 11:48:20,367 INFO predmarket.watch.task - watch_stream_handler_progress messages=4561 messages_delta=132 rate_per_second=13.2 event_counts=best_bid_ask:2,price_change:130 event_ms_per_message=best_bid_ask:0.007,price_change:0.742
2026-08-10 11:48:20,385 WARNING predmarket.watch.task - watch_exchange_clock_skew_warning generation=1 token_id=55117693870079238772824189339305035652702596264303214987988238412221239322103 exchange_timestamp=1786332531583 received_timestamp=1786333023263 exchange_clock_skew_ms=-491680 exchange_clock_skew_warning_ms=100 evaluation_continues=true
2026-08-10 11:48:20,430 INFO predmarket.watch.task - watch_evaluation_summary generation=1 tokens=2 generated_targets=4 targets=2 deduplicated_targets=2 persisted_signals=0 market_time=1786333700391 stream_silence_age_ms=6 decisions=ABSENT.PROFIT_BELOW_THRESHOLD:2 maximum_exchange_clock_skew_ms=-491680 exchange_clock_skew_warning_ms=100 maximum_exchange_clock_skew_token_id=55117693870079238772824189339305035652702596264303214987988238412221239322103 exchange_timestamp=1786332531583 received_timestamp=1786333023263 best_return_rate=-0.04536338 required_return_rate=0.00750000 best_opportunity_key=BINARY_UNDERPRICED:3436192 best_market_ids=3436192 context_ms=3 strategy_ms=44 signal_apply_ms=0 elapsed_ms=48
2026-08-10 11:48:22,264 INFO predmarket.app - catalog_cleanup_cycle_completed deleted_versions=0 deleted_journal_rows=0 remaining_versions=0 remaining_journal_rows=0
2026-08-10 11:48:25,371 INFO predmarket.watch.task - watch_evaluation_abort_summary window_aborted=21 reason_counts=dependency_revision_changed:21 stage_counts=after_strategy:5,before_strategy:16 evaluation_requests=4546 evaluation_batches=1549 evaluation_coalesced=4962 pending_tokens=2 last_completed_summary_age_ms=4941 maximum_evaluation_elapsed_ms=42 sample_reason=dependency_revision_changed sample_stage=before_strategy sample_token_ids=42510750590941529190948547648591091159961726742666138609147094754699623789186,9527897186028883866601376291426044887292125040180168165330522910551404848146 sample_expected_revisions=42510750590941529190948547648591091159961726742666138609147094754699623789186:981,9527897186028883866601376291426044887292125040180168165330522910551404848146:981 sample_actual_revisions=42510750590941529190948547648591091159961726742666138609147094754699623789186:982,9527897186028883866601376291426044887292125040180168165330522910551404848146:982
2026-08-10 11:48:30,350 INFO predmarket.polymarket.gateway - market_stream_pump_progress generation=1 sdk_events_total=4865 sdk_events_delta=146 sdk_rate_per_second=14.6 mapped_delta=146 ignored_delta=0 mapping_ms_per_event=0.090 handoff_wait_ms_per_event=0.004 handoff_queue_size=1 handoff_queue_capacity=4096
2026-08-10 11:48:30,410 INFO predmarket.polymarket.gateway - market_stream_consumer_progress generation=1 events_total=4706 events_delta=145 rate_per_second=14.4 queue_size=0 queue_capacity=65536 queue_utilization_pct=0.0 handle_dropped=0 manager_dropped=0
2026-08-10 11:48:30,411 INFO predmarket.watch.task - watch_price_change_progress messages=4501 messages_delta=145 entries_per_message=2.00 book_levels_per_message=194.8 parse_ms_per_message=0.026 cache_ms_per_message=0.525 queue_ms_per_message=0.006
2026-08-10 11:48:30,411 INFO predmarket.watch.task - watch_stream_handler_progress messages=4706 messages_delta=145 rate_per_second=14.4 event_counts=price_change:145 event_ms_per_message=price_change:0.664
2026-08-10 11:48:30,414 WARNING predmarket.watch.task - watch_exchange_clock_skew_warning generation=1 token_id=55117693870079238772824189339305035652702596264303214987988238412221239322103 exchange_timestamp=1786332531583 received_timestamp=1786333023263 exchange_clock_skew_ms=-491680 exchange_clock_skew_warning_ms=100 evaluation_continues=true
2026-08-10 11:48:30,438 INFO predmarket.watch.task - watch_evaluation_summary generation=1 tokens=2 generated_targets=4 targets=2 deduplicated_targets=2 persisted_signals=0 market_time=1786333710387 stream_silence_age_ms=0 decisions=ABSENT.PROFIT_BELOW_THRESHOLD:2 maximum_exchange_clock_skew_ms=-491680 exchange_clock_skew_warning_ms=100 maximum_exchange_clock_skew_token_id=55117693870079238772824189339305035652702596264303214987988238412221239322103 exchange_timestamp=1786332531583 received_timestamp=1786333023263 best_return_rate=-0.04536338 required_return_rate=0.00750000 best_opportunity_key=BINARY_UNDERPRICED:3436192 best_market_ids=3436192 context_ms=2 strategy_ms=23 signal_apply_ms=0 elapsed_ms=26
2026-08-10 11:48:32,684 INFO predmarket.app - catalog_cleanup_cycle_completed deleted_versions=0 deleted_journal_rows=0 remaining_versions=0 remaining_journal_rows=0
2026-08-10 11:48:38,865 INFO predmarket.watch.task - watch_evaluation_abort_summary window_aborted=23 reason_counts=dependency_revision_changed:23 stage_counts=after_strategy:7,before_strategy:16 evaluation_requests=4678 evaluation_batches=1596 evaluation_coalesced=5128 pending_tokens=2 last_completed_summary_age_ms=8427 maximum_evaluation_elapsed_ms=45 sample_reason=dependency_revision_changed sample_stage=after_strategy sample_token_ids=42510750590941529190948547648591091159961726742666138609147094754699623789186,9527897186028883866601376291426044887292125040180168165330522910551404848146 sample_expected_revisions=42510750590941529190948547648591091159961726742666138609147094754699623789186:1092,9527897186028883866601376291426044887292125040180168165330522910551404848146:1092 sample_actual_revisions=42510750590941529190948547648591091159961726742666138609147094754699623789186:1096,9527897186028883866601376291426044887292125040180168165330522910551404848146:1096
2026-08-10 11:48:40,356 INFO predmarket.polymarket.gateway - market_stream_pump_progress generation=1 sdk_events_total=5092 sdk_events_delta=227 sdk_rate_per_second=22.7 mapped_delta=224 ignored_delta=3 mapping_ms_per_event=0.043 handoff_wait_ms_per_event=0.002 handoff_queue_size=1 handoff_queue_capacity=4096
2026-08-10 11:48:40,877 INFO predmarket.polymarket.gateway - market_stream_consumer_progress generation=1 events_total=4931 events_delta=225 rate_per_second=21.5 queue_size=0 queue_capacity=65536 queue_utilization_pct=0.0 handle_dropped=0 manager_dropped=0
2026-08-10 11:48:40,879 INFO predmarket.watch.task - watch_price_change_progress messages=4726 messages_delta=225 entries_per_message=2.00 book_levels_per_message=191.7 parse_ms_per_message=0.015 cache_ms_per_message=0.327 queue_ms_per_message=0.003
2026-08-10 11:48:40,879 INFO predmarket.watch.task - watch_stream_handler_progress messages=4931 messages_delta=225 rate_per_second=21.5 event_counts=price_change:225 event_ms_per_message=price_change:0.405
2026-08-10 11:48:40,890 WARNING predmarket.watch.task - watch_exchange_clock_skew_warning generation=1 token_id=55117693870079238772824189339305035652702596264303214987988238412221239322103 exchange_timestamp=1786332531583 received_timestamp=1786333023263 exchange_clock_skew_ms=-491680 exchange_clock_skew_warning_ms=100 evaluation_continues=true
2026-08-10 11:48:40,942 INFO predmarket.watch.task - watch_evaluation_summary generation=1 tokens=2 generated_targets=4 targets=2 deduplicated_targets=2 persisted_signals=0 market_time=1786333720886 stream_silence_age_ms=1 decisions=ABSENT.PROFIT_BELOW_THRESHOLD:2 maximum_exchange_clock_skew_ms=-491680 exchange_clock_skew_warning_ms=100 maximum_exchange_clock_skew_token_id=55117693870079238772824189339305035652702596264303214987988238412221239322103 exchange_timestamp=1786332531583 received_timestamp=1786333023263 best_return_rate=-0.04536338 required_return_rate=0.00750000 best_opportunity_key=BINARY_UNDERPRICED:3436192 best_market_ids=3436192 context_ms=8 strategy_ms=51 signal_apply_ms=0 elapsed_ms=60
2026-08-10 11:48:43,113 INFO predmarket.app - catalog_cleanup_cycle_completed deleted_versions=0 deleted_journal_rows=0 remaining_versions=0 remaining_journal_rows=0
2026-08-10 11:48:45,363 INFO predmarket.watch.task - watch_stream_progress messages=5000 event_type=price_change generation=1 cache_state=VALID
2026-08-10 11:48:49,336 INFO predmarket.watch.task - watch_evaluation_abort_summary window_aborted=16 reason_counts=dependency_revision_changed:16 stage_counts=after_strategy:4,before_strategy:12 evaluation_requests=4951 evaluation_batches=1648 evaluation_coalesced=5532 pending_tokens=2 last_completed_summary_age_ms=8395 maximum_evaluation_elapsed_ms=52 sample_reason=dependency_revision_changed sample_stage=before_strategy sample_token_ids=42510750590941529190948547648591091159961726742666138609147094754699623789186,9527897186028883866601376291426044887292125040180168165330522910551404848146 sample_expected_revisions=42510750590941529190948547648591091159961726742666138609147094754699623789186:1234,9527897186028883866601376291426044887292125040180168165330522910551404848146:1234 sample_actual_revisions=42510750590941529190948547648591091159961726742666138609147094754699623789186:1237,9527897186028883866601376291426044887292125040180168165330522910551404848146:1237
2026-08-10 11:48:50,937 INFO predmarket.polymarket.gateway - market_stream_pump_progress generation=1 sdk_events_total=5246 sdk_events_delta=154 sdk_rate_per_second=14.6 mapped_delta=151 ignored_delta=3 mapping_ms_per_event=0.086 handoff_wait_ms_per_event=0.004 handoff_queue_size=1 handoff_queue_capacity=4096
2026-08-10 11:48:50,937 INFO predmarket.polymarket.gateway - market_stream_consumer_progress generation=1 events_total=5077 events_delta=146 rate_per_second=14.5 queue_size=0 queue_capacity=65536 queue_utilization_pct=0.0 handle_dropped=0 manager_dropped=0
2026-08-10 11:48:50,937 INFO predmarket.watch.task - watch_stream_handler_progress messages=5077 messages_delta=146 rate_per_second=14.5 event_counts=best_bid_ask:3,price_change:143 event_ms_per_message=best_bid_ask:0.017,price_change:0.734
2026-08-10 11:48:50,939 INFO predmarket.watch.task - watch_price_change_progress messages=4870 messages_delta=144 entries_per_message=2.00 book_levels_per_message=193.9 parse_ms_per_message=0.028 cache_ms_per_message=0.584 queue_ms_per_message=0.006
2026-08-10 11:48:50,942 WARNING predmarket.watch.task - watch_exchange_clock_skew_warning generation=1 token_id=55117693870079238772824189339305035652702596264303214987988238412221239322103 exchange_timestamp=1786332531583 received_timestamp=1786333023263 exchange_clock_skew_ms=-491680 exchange_clock_skew_warning_ms=100 evaluation_continues=true
2026-08-10 11:48:50,969 INFO predmarket.watch.task - watch_evaluation_summary generation=1 tokens=2 generated_targets=4 targets=2 deduplicated_targets=2 persisted_signals=0 market_time=1786333730959 stream_silence_age_ms=0 decisions=ABSENT.PROFIT_BELOW_THRESHOLD:2 maximum_exchange_clock_skew_ms=-491680 exchange_clock_skew_warning_ms=100 maximum_exchange_clock_skew_token_id=55117693870079238772824189339305035652702596264303214987988238412221239322103 exchange_timestamp=1786332531583 received_timestamp=1786333023263 best_return_rate=-0.05440750 required_return_rate=0.00750000 best_opportunity_key=BINARY_UNDERPRICED:3436115 best_market_ids=3436115 context_ms=2 strategy_ms=26 signal_apply_ms=0 elapsed_ms=29
2026-08-10 11:48:52,467 INFO predmarket.watch.task - watch_evaluation_queue_progress requests=5000 pending_tokens=2 coalesced_tokens=5604 generation=1
2026-08-10 11:48:53,515 INFO predmarket.app - catalog_cleanup_cycle_completed deleted_versions=0 deleted_journal_rows=0 remaining_versions=0 remaining_journal_rows=0
2026-08-10 11:49:00,356 INFO predmarket.watch.task - watch_evaluation_abort_summary window_aborted=9 reason_counts=dependency_revision_changed:9 stage_counts=after_strategy:1,before_strategy:8 evaluation_requests=5111 evaluation_batches=1687 evaluation_coalesced=5770 pending_tokens=2 last_completed_summary_age_ms=9387 maximum_evaluation_elapsed_ms=37 sample_reason=dependency_revision_changed sample_stage=before_strategy sample_token_ids=42510750590941529190948547648591091159961726742666138609147094754699623789186,9527897186028883866601376291426044887292125040180168165330522910551404848146 sample_expected_revisions=42510750590941529190948547648591091159961726742666138609147094754699623789186:1352,9527897186028883866601376291426044887292125040180168165330522910551404848146:1352 sample_actual_revisions=42510750590941529190948547648591091159961726742666138609147094754699623789186:1357,9527897186028883866601376291426044887292125040180168165330522910551404848146:1357
2026-08-10 11:49:01,141 INFO predmarket.polymarket.gateway - market_stream_pump_progress generation=1 sdk_events_total=5396 sdk_events_delta=150 sdk_rate_per_second=14.7 mapped_delta=148 ignored_delta=2 mapping_ms_per_event=0.081 handoff_wait_ms_per_event=0.003 handoff_queue_size=1 handoff_queue_capacity=4096
2026-08-10 11:49:01,144 INFO predmarket.polymarket.gateway - market_stream_consumer_progress generation=1 events_total=5225 events_delta=148 rate_per_second=14.5 queue_size=0 queue_capacity=65536 queue_utilization_pct=0.0 handle_dropped=0 manager_dropped=0
2026-08-10 11:49:01,146 INFO predmarket.watch.task - watch_price_change_progress messages=5014 messages_delta=144 entries_per_message=2.00 book_levels_per_message=196.5 parse_ms_per_message=0.027 cache_ms_per_message=0.641 queue_ms_per_message=0.011
2026-08-10 11:49:01,147 INFO predmarket.watch.task - watch_stream_handler_progress messages=5225 messages_delta=148 rate_per_second=14.5 event_counts=best_bid_ask:3,price_change:145 event_ms_per_message=best_bid_ask:0.005,price_change:0.779
2026-08-10 11:49:01,158 WARNING predmarket.watch.task - watch_exchange_clock_skew_warning generation=1 token_id=55117693870079238772824189339305035652702596264303214987988238412221239322103 exchange_timestamp=1786332531583 received_timestamp=1786333023263 exchange_clock_skew_ms=-491680 exchange_clock_skew_warning_ms=100 evaluation_continues=true
2026-08-10 11:49:01,209 INFO predmarket.watch.task - watch_evaluation_summary generation=1 tokens=2 generated_targets=4 targets=2 deduplicated_targets=2 persisted_signals=0 market_time=1786333741139 stream_silence_age_ms=3 decisions=ABSENT.PROFIT_BELOW_THRESHOLD:2 maximum_exchange_clock_skew_ms=-491680 exchange_clock_skew_warning_ms=100 maximum_exchange_clock_skew_token_id=55117693870079238772824189339305035652702596264303214987988238412221239322103 exchange_timestamp=1786332531583 received_timestamp=1786333023263 best_return_rate=-0.04536338 required_return_rate=0.00750000 best_opportunity_key=BINARY_UNDERPRICED:3436555 best_market_ids=3436555 context_ms=9 strategy_ms=49 signal_apply_ms=0 elapsed_ms=60
2026-08-10 11:49:03,886 INFO predmarket.app - catalog_cleanup_cycle_completed deleted_versions=0 deleted_journal_rows=0 remaining_versions=0 remaining_journal_rows=0
2026-08-10 11:49:10,368 INFO predmarket.watch.task - watch_evaluation_abort_summary window_aborted=24 reason_counts=dependency_revision_changed:24 stage_counts=after_strategy:10,before_strategy:14 evaluation_requests=5562 evaluation_batches=1737 evaluation_coalesced=6536 pending_tokens=2 last_completed_summary_age_ms=9160 maximum_evaluation_elapsed_ms=132 sample_reason=dependency_revision_changed sample_stage=after_strategy sample_token_ids=42510750590941529190948547648591091159961726742666138609147094754699623789186,9527897186028883866601376291426044887292125040180168165330522910551404848146 sample_expected_revisions=42510750590941529190948547648591091159961726742666138609147094754699623789186:1461,9527897186028883866601376291426044887292125040180168165330522910551404848146:1461 sample_actual_revisions=42510750590941529190948547648591091159961726742666138609147094754699623789186:1469,9527897186028883866601376291426044887292125040180168165330522910551404848146:1469
2026-08-10 11:49:11,337 INFO predmarket.polymarket.gateway - market_stream_pump_progress generation=1 sdk_events_total=5845 sdk_events_delta=449 sdk_rate_per_second=44.0 mapped_delta=449 ignored_delta=0 mapping_ms_per_event=0.032 handoff_wait_ms_per_event=0.001 handoff_queue_size=1 handoff_queue_capacity=4096
2026-08-10 11:49:11,340 INFO predmarket.polymarket.gateway - market_stream_consumer_progress generation=1 events_total=5674 events_delta=449 rate_per_second=44.0 queue_size=0 queue_capacity=65536 queue_utilization_pct=0.0 handle_dropped=0 manager_dropped=0
2026-08-10 11:49:11,342 INFO predmarket.watch.task - watch_price_change_progress messages=5463 messages_delta=449 entries_per_message=2.00 book_levels_per_message=191.8 parse_ms_per_message=0.010 cache_ms_per_message=0.336 queue_ms_per_message=0.002
2026-08-10 11:49:11,342 INFO predmarket.watch.task - watch_stream_handler_progress messages=5674 messages_delta=449 rate_per_second=44.0 event_counts=price_change:449 event_ms_per_message=price_change:0.391
2026-08-10 11:49:11,375 WARNING predmarket.watch.task - watch_exchange_clock_skew_warning generation=1 token_id=55117693870079238772824189339305035652702596264303214987988238412221239322103 exchange_timestamp=1786332531583 received_timestamp=1786333023263 exchange_clock_skew_ms=-491680 exchange_clock_skew_warning_ms=100 evaluation_continues=true
2026-08-10 11:49:11,413 INFO predmarket.watch.task - watch_evaluation_summary generation=1 tokens=2 generated_targets=4 targets=2 deduplicated_targets=2 persisted_signals=0 market_time=1786333751378 stream_silence_age_ms=6 decisions=ABSENT.PROFIT_BELOW_THRESHOLD:2 maximum_exchange_clock_skew_ms=-491680 exchange_clock_skew_warning_ms=100 maximum_exchange_clock_skew_token_id=55117693870079238772824189339305035652702596264303214987988238412221239322103 exchange_timestamp=1786332531583 received_timestamp=1786333023263 best_return_rate=-0.04536338 required_return_rate=0.00750000 best_opportunity_key=BINARY_UNDERPRICED:3436192 best_market_ids=3436192 context_ms=3 strategy_ms=37 signal_apply_ms=0 elapsed_ms=41
2026-08-10 11:49:14,323 INFO predmarket.app - catalog_cleanup_cycle_completed deleted_versions=0 deleted_journal_rows=0 remaining_versions=0 remaining_journal_rows=0
2026-08-10 11:49:15,381 INFO predmarket.watch.task - watch_stream_progress messages=5741 event_type=price_change generation=1 cache_state=VALID
2026-08-10 11:49:21,338 INFO predmarket.polymarket.gateway - market_stream_pump_progress generation=1 sdk_events_total=5993 sdk_events_delta=148 sdk_rate_per_second=14.8 mapped_delta=148 ignored_delta=0 mapping_ms_per_event=0.079 handoff_wait_ms_per_event=0.003 handoff_queue_size=1 handoff_queue_capacity=4096
2026-08-10 11:49:21,342 INFO predmarket.polymarket.gateway - market_stream_consumer_progress generation=1 events_total=5823 events_delta=149 rate_per_second=14.9 queue_size=0 queue_capacity=65536 queue_utilization_pct=0.0 handle_dropped=0 manager_dropped=0
2026-08-10 11:49:21,343 INFO predmarket.watch.task - watch_price_change_progress messages=5610 messages_delta=147 entries_per_message=2.00 book_levels_per_message=192.4 parse_ms_per_message=0.029 cache_ms_per_message=0.594 queue_ms_per_message=0.006
2026-08-10 11:49:21,343 INFO predmarket.watch.task - watch_stream_handler_progress messages=5823 messages_delta=149 rate_per_second=14.9 event_counts=best_bid_ask:2,price_change:147 event_ms_per_message=best_bid_ask:0.004,price_change:0.755
2026-08-10 11:49:21,420 INFO predmarket.watch.task - watch_evaluation_summary generation=1 tokens=2 generated_targets=4 targets=2 deduplicated_targets=2 persisted_signals=0 market_time=1786333761387 stream_silence_age_ms=1 decisions=ABSENT.PROFIT_BELOW_THRESHOLD:2 maximum_exchange_clock_skew_ms=-491680 exchange_clock_skew_warning_ms=100 maximum_exchange_clock_skew_token_id=55117693870079238772824189339305035652702596264303214987988238412221239322103 exchange_timestamp=1786332531583 received_timestamp=1786333023263 best_return_rate=-0.04536338 required_return_rate=0.00750000 best_opportunity_key=BINARY_UNDERPRICED:3436192 best_market_ids=3436192 context_ms=3 strategy_ms=49 signal_apply_ms=0 elapsed_ms=53
2026-08-10 11:49:22,349 INFO predmarket.watch.task - watch_evaluation_abort_summary window_aborted=17 reason_counts=dependency_revision_changed:17 stage_counts=after_strategy:4,before_strategy:13 evaluation_requests=5724 evaluation_batches=1787 evaluation_coalesced=6758 pending_tokens=2 last_completed_summary_age_ms=928 maximum_evaluation_elapsed_ms=54 sample_reason=dependency_revision_changed sample_stage=before_strategy sample_token_ids=42510750590941529190948547648591091159961726742666138609147094754699623789186,9527897186028883866601376291426044887292125040180168165330522910551404848146 sample_expected_revisions=42510750590941529190948547648591091159961726742666138609147094754699623789186:1584,9527897186028883866601376291426044887292125040180168165330522910551404848146:1584 sample_actual_revisions=42510750590941529190948547648591091159961726742666138609147094754699623789186:1588,9527897186028883866601376291426044887292125040180168165330522910551404848146:1588
2026-08-10 11:49:22,354 WARNING predmarket.watch.task - watch_exchange_clock_skew_warning generation=1 token_id=55117693870079238772824189339305035652702596264303214987988238412221239322103 exchange_timestamp=1786332531583 received_timestamp=1786333023263 exchange_clock_skew_ms=-491680 exchange_clock_skew_warning_ms=100 evaluation_continues=true
2026-08-10 11:49:24,729 INFO predmarket.app - catalog_cleanup_cycle_completed deleted_versions=0 deleted_journal_rows=0 remaining_versions=0 remaining_journal_rows=0
2026-08-10 11:49:31,338 INFO predmarket.polymarket.gateway - market_stream_pump_progress generation=1 sdk_events_total=6123 sdk_events_delta=130 sdk_rate_per_second=13.0 mapped_delta=130 ignored_delta=0 mapping_ms_per_event=0.095 handoff_wait_ms_per_event=0.005 handoff_queue_size=1 handoff_queue_capacity=4096
2026-08-10 11:49:31,384 INFO predmarket.polymarket.gateway - market_stream_consumer_progress generation=1 events_total=5953 events_delta=130 rate_per_second=12.9 queue_size=3 queue_capacity=65536 queue_utilization_pct=0.0 handle_dropped=0 manager_dropped=0
2026-08-10 11:49:31,384 INFO predmarket.watch.task - watch_price_change_progress messages=5740 messages_delta=130 entries_per_message=2.00 book_levels_per_message=196.2 parse_ms_per_message=0.030 cache_ms_per_message=0.590 queue_ms_per_message=0.006
2026-08-10 11:49:31,384 INFO predmarket.watch.task - watch_stream_handler_progress messages=5953 messages_delta=130 rate_per_second=12.9 event_counts=price_change:130 event_ms_per_message=price_change:0.741
2026-08-10 11:49:31,568 INFO predmarket.watch.task - watch_evaluation_summary generation=1 tokens=2 generated_targets=4 targets=2 deduplicated_targets=2 persisted_signals=0 market_time=1786333771385 stream_silence_age_ms=0 decisions=ABSENT.PROFIT_BELOW_THRESHOLD:2 maximum_exchange_clock_skew_ms=-491680 exchange_clock_skew_warning_ms=100 maximum_exchange_clock_skew_token_id=55117693870079238772824189339305035652702596264303214987988238412221239322103 exchange_timestamp=1786332531583 received_timestamp=1786333023263 best_return_rate=-0.04536338 required_return_rate=0.00750000 best_opportunity_key=BINARY_UNDERPRICED:3436723 best_market_ids=3436723 context_ms=2 strategy_ms=30 signal_apply_ms=0 elapsed_ms=33
2026-08-10 11:49:32,378 WARNING predmarket.watch.task - watch_exchange_clock_skew_warning generation=1 token_id=55117693870079238772824189339305035652702596264303214987988238412221239322103 exchange_timestamp=1786332531583 received_timestamp=1786333023263 exchange_clock_skew_ms=-491680 exchange_clock_skew_warning_ms=100 evaluation_continues=true
2026-08-10 11:49:34,368 INFO predmarket.watch.task - watch_evaluation_abort_summary window_aborted=15 reason_counts=dependency_revision_changed:15 stage_counts=after_strategy:3,before_strategy:12 evaluation_requests=5883 evaluation_batches=1835 evaluation_coalesced=6978 pending_tokens=2 last_completed_summary_age_ms=2799 maximum_evaluation_elapsed_ms=111 sample_reason=dependency_revision_changed sample_stage=before_strategy sample_token_ids=42510750590941529190948547648591091159961726742666138609147094754699623789186,9527897186028883866601376291426044887292125040180168165330522910551404848146 sample_expected_revisions=42510750590941529190948547648591091159961726742666138609147094754699623789186:1707,9527897186028883866601376291426044887292125040180168165330522910551404848146:1707 sample_actual_revisions=42510750590941529190948547648591091159961726742666138609147094754699623789186:1713,9527897186028883866601376291426044887292125040180168165330522910551404848146:1713
2026-08-10 11:49:34,974 INFO predmarket.watch.task - watch_stream_progress messages=6000 event_type=price_change generation=1 cache_state=VALID
2026-08-10 11:49:35,222 INFO predmarket.app - catalog_cleanup_cycle_completed deleted_versions=0 deleted_journal_rows=0 remaining_versions=0 remaining_journal_rows=0
2026-08-10 11:49:37,431 INFO predmarket.watch.task - watch_evaluation_queue_progress requests=6000 pending_tokens=6 coalesced_tokens=7160 generation=1
2026-08-10 11:49:41,387 INFO predmarket.polymarket.gateway - market_stream_pump_progress generation=1 sdk_events_total=6364 sdk_events_delta=241 sdk_rate_per_second=24.0 mapped_delta=241 ignored_delta=0 mapping_ms_per_event=0.043 handoff_wait_ms_per_event=0.002 handoff_queue_size=1 handoff_queue_capacity=4096
2026-08-10 11:49:41,391 INFO predmarket.polymarket.gateway - market_stream_consumer_progress generation=1 events_total=6193 events_delta=240 rate_per_second=24.0 queue_size=0 queue_capacity=65536 queue_utilization_pct=0.0 handle_dropped=0 manager_dropped=0
2026-08-10 11:49:41,392 INFO predmarket.watch.task - watch_price_change_progress messages=5978 messages_delta=238 entries_per_message=2.00 book_levels_per_message=190.7 parse_ms_per_message=0.017 cache_ms_per_message=0.346 queue_ms_per_message=0.006
2026-08-10 11:49:41,393 INFO predmarket.watch.task - watch_stream_handler_progress messages=6193 messages_delta=240 rate_per_second=24.0 event_counts=best_bid_ask:2,price_change:238 event_ms_per_message=best_bid_ask:0.011,price_change:0.438
2026-08-10 11:49:41,814 INFO predmarket.watch.task - watch_evaluation_summary generation=1 tokens=2 generated_targets=4 targets=2 deduplicated_targets=2 persisted_signals=0 market_time=1786333781790 stream_silence_age_ms=1 decisions=ABSENT.PROFIT_BELOW_THRESHOLD:2 maximum_exchange_clock_skew_ms=-491680 exchange_clock_skew_warning_ms=100 maximum_exchange_clock_skew_token_id=55117693870079238772824189339305035652702596264303214987988238412221239322103 exchange_timestamp=1786332531583 received_timestamp=1786333023263 best_return_rate=-0.04536338 required_return_rate=0.00750000 best_opportunity_key=BINARY_UNDERPRICED:3436723 best_market_ids=3436723 context_ms=4 strategy_ms=43 signal_apply_ms=0 elapsed_ms=48
2026-08-10 11:49:43,204 WARNING predmarket.watch.task - watch_exchange_clock_skew_warning generation=1 token_id=55117693870079238772824189339305035652702596264303214987988238412221239322103 exchange_timestamp=1786332531583 received_timestamp=1786333023263 exchange_clock_skew_ms=-491680 exchange_clock_skew_warning_ms=100 evaluation_continues=true
2026-08-10 11:49:45,359 INFO predmarket.watch.task - watch_evaluation_abort_summary window_aborted=22 reason_counts=dependency_revision_changed:22 stage_counts=after_strategy:6,before_strategy:16 evaluation_requests=6166 evaluation_batches=1891 evaluation_coalesced=7384 pending_tokens=2 last_completed_summary_age_ms=3545 maximum_evaluation_elapsed_ms=42 sample_reason=dependency_revision_changed sample_stage=after_strategy sample_token_ids=42510750590941529190948547648591091159961726742666138609147094754699623789186,9527897186028883866601376291426044887292125040180168165330522910551404848146 sample_expected_revisions=42510750590941529190948547648591091159961726742666138609147094754699623789186:1815,9527897186028883866601376291426044887292125040180168165330522910551404848146:1815 sample_actual_revisions=42510750590941529190948547648591091159961726742666138609147094754699623789186:1820,9527897186028883866601376291426044887292125040180168165330522910551404848146:1820
2026-08-10 11:49:45,878 INFO predmarket.app - catalog_cleanup_cycle_completed deleted_versions=0 deleted_journal_rows=0 remaining_versions=0 remaining_journal_rows=0
2026-08-10 11:49:51,392 INFO predmarket.polymarket.gateway - market_stream_consumer_progress generation=1 events_total=6472 events_delta=279 rate_per_second=27.9 queue_size=0 queue_capacity=65536 queue_utilization_pct=0.0 handle_dropped=0 manager_dropped=0
2026-08-10 11:49:51,392 INFO predmarket.watch.task - watch_price_change_progress messages=6257 messages_delta=279 entries_per_message=2.00 book_levels_per_message=192.9 parse_ms_per_message=0.021 cache_ms_per_message=0.449 queue_ms_per_message=0.004
2026-08-10 11:49:51,393 INFO predmarket.watch.task - watch_stream_handler_progress messages=6473 messages_delta=280 rate_per_second=28.0 event_counts=price_change:280 event_ms_per_message=price_change:0.561
2026-08-10 11:49:51,766 INFO predmarket.polymarket.gateway - market_stream_pump_progress generation=1 sdk_events_total=6646 sdk_events_delta=282 sdk_rate_per_second=27.2 mapped_delta=282 ignored_delta=0 mapping_ms_per_event=0.059 handoff_wait_ms_per_event=0.002 handoff_queue_size=1 handoff_queue_capacity=4096
2026-08-10 11:49:51,870 INFO predmarket.watch.task - watch_evaluation_summary generation=1 tokens=2 generated_targets=4 targets=2 deduplicated_targets=2 persisted_signals=0 market_time=1786333791858 stream_silence_age_ms=2 decisions=ABSENT.PROFIT_BELOW_THRESHOLD:2 maximum_exchange_clock_skew_ms=-491680 exchange_clock_skew_warning_ms=100 maximum_exchange_clock_skew_token_id=55117693870079238772824189339305035652702596264303214987988238412221239322103 exchange_timestamp=1786332531583 received_timestamp=1786333023263 best_return_rate=-0.05440750 required_return_rate=0.00750000 best_opportunity_key=BINARY_UNDERPRICED:3436710 best_market_ids=3436710 context_ms=2 strategy_ms=26 signal_apply_ms=0 elapsed_ms=28
2026-08-10 11:49:53,368 WARNING predmarket.watch.task - watch_exchange_clock_skew_warning generation=1 token_id=55117693870079238772824189339305035652702596264303214987988238412221239322103 exchange_timestamp=1786332531583 received_timestamp=1786333023263 exchange_clock_skew_ms=-491680 exchange_clock_skew_warning_ms=100 evaluation_continues=true
2026-08-10 11:49:55,366 INFO predmarket.watch.task - watch_evaluation_abort_summary window_aborted=22 reason_counts=dependency_revision_changed:22 stage_counts=after_strategy:8,before_strategy:14 evaluation_requests=6416 evaluation_batches=1947 evaluation_coalesced=7722 pending_tokens=2 last_completed_summary_age_ms=3496 maximum_evaluation_elapsed_ms=194 sample_reason=dependency_revision_changed sample_stage=before_strategy sample_token_ids=42510750590941529190948547648591091159961726742666138609147094754699623789186,9527897186028883866601376291426044887292125040180168165330522910551404848146 sample_expected_revisions=42510750590941529190948547648591091159961726742666138609147094754699623789186:1920,9527897186028883866601376291426044887292125040180168165330522910551404848146:1920 sample_actual_revisions=42510750590941529190948547648591091159961726742666138609147094754699623789186:1922,9527897186028883866601376291426044887292125040180168165330522910551404848146:1922
2026-08-10 11:49:56,283 INFO predmarket.app - catalog_cleanup_cycle_completed deleted_versions=0 deleted_journal_rows=0 remaining_versions=0 remaining_journal_rows=0
2026-08-10 11:50:01,429 INFO predmarket.polymarket.gateway - market_stream_consumer_progress generation=1 events_total=6677 events_delta=205 rate_per_second=20.4 queue_size=0 queue_capacity=65536 queue_utilization_pct=0.0 handle_dropped=0 manager_dropped=0
2026-08-10 11:50:01,431 INFO predmarket.watch.task - watch_price_change_progress messages=6458 messages_delta=201 entries_per_message=2.00 book_levels_per_message=192.9 parse_ms_per_message=0.020 cache_ms_per_message=0.402 queue_ms_per_message=0.005
2026-08-10 11:50:01,431 INFO predmarket.watch.task - watch_stream_handler_progress messages=6677 messages_delta=204 rate_per_second=20.3 event_counts=best_bid_ask:4,price_change:200 event_ms_per_message=best_bid_ask:0.016,price_change:0.510
2026-08-10 11:50:01,799 INFO predmarket.polymarket.gateway - market_stream_pump_progress generation=1 sdk_events_total=6857 sdk_events_delta=211 sdk_rate_per_second=21.0 mapped_delta=211 ignored_delta=0 mapping_ms_per_event=0.057 handoff_wait_ms_per_event=0.003 handoff_queue_size=1 handoff_queue_capacity=4096
2026-08-10 11:50:01,884 INFO predmarket.watch.task - watch_evaluation_summary generation=1 tokens=2 generated_targets=4 targets=2 deduplicated_targets=2 persisted_signals=0 market_time=1786333801883 stream_silence_age_ms=1 decisions=ABSENT.PROFIT_BELOW_THRESHOLD:2 maximum_exchange_clock_skew_ms=-491680 exchange_clock_skew_warning_ms=100 maximum_exchange_clock_skew_token_id=55117693870079238772824189339305035652702596264303214987988238412221239322103 exchange_timestamp=1786332531583 received_timestamp=1786333023263 best_return_rate=-0.04536338 required_return_rate=0.00750000 best_opportunity_key=BINARY_UNDERPRICED:3436553 best_market_ids=3436553 context_ms=1 strategy_ms=21 signal_apply_ms=0 elapsed_ms=23
2026-08-10 11:50:02,057 INFO predmarket.watch.task - watch_evaluation_batch_completed batch=2000 tokens=2 pending_tokens=0 generation=1 elapsed_ms=23
2026-08-10 11:50:03,375 WARNING predmarket.watch.task - watch_exchange_clock_skew_warning generation=1 token_id=55117693870079238772824189339305035652702596264303214987988238412221239322103 exchange_timestamp=1786332531583 received_timestamp=1786333023263 exchange_clock_skew_ms=-491680 exchange_clock_skew_warning_ms=100 evaluation_continues=true
2026-08-10 11:50:05,318 INFO predmarket.watch.task - watch_stream_progress messages=6771 event_type=price_change generation=1 cache_state=VALID
2026-08-10 11:50:06,341 INFO predmarket.watch.task - watch_evaluation_abort_summary window_aborted=18 reason_counts=dependency_revision_changed:18 stage_counts=after_strategy:3,before_strategy:15 evaluation_requests=6670 evaluation_batches=2040 evaluation_coalesced=8016 pending_tokens=2 last_completed_summary_age_ms=4457 maximum_evaluation_elapsed_ms=46 sample_reason=dependency_revision_changed sample_stage=before_strategy sample_token_ids=42510750590941529190948547648591091159961726742666138609147094754699623789186,9527897186028883866601376291426044887292125040180168165330522910551404848146 sample_expected_revisions=42510750590941529190948547648591091159961726742666138609147094754699623789186:2028,9527897186028883866601376291426044887292125040180168165330522910551404848146:2028 sample_actual_revisions=42510750590941529190948547648591091159961726742666138609147094754699623789186:2032,9527897186028883866601376291426044887292125040180168165330522910551404848146:2032
2026-08-10 11:50:06,704 INFO predmarket.app - catalog_cleanup_cycle_completed deleted_versions=0 deleted_journal_rows=0 remaining_versions=0 remaining_journal_rows=0
2026-08-10 11:50:11,502 INFO predmarket.polymarket.gateway - market_stream_consumer_progress generation=1 events_total=6854 events_delta=177 rate_per_second=17.6 queue_size=0 queue_capacity=65536 queue_utilization_pct=0.0 handle_dropped=0 manager_dropped=0
2026-08-10 11:50:11,502 INFO predmarket.watch.task - watch_price_change_progress messages=6633 messages_delta=175 entries_per_message=2.00 book_levels_per_message=191.4 parse_ms_per_message=0.020 cache_ms_per_message=0.391 queue_ms_per_message=0.005
2026-08-10 11:50:11,502 INFO predmarket.watch.task - watch_stream_handler_progress messages=6854 messages_delta=177 rate_per_second=17.6 event_counts=best_bid_ask:2,price_change:175 event_ms_per_message=best_bid_ask:0.013,price_change:0.509
2026-08-10 11:50:12,326 INFO predmarket.polymarket.gateway - market_stream_pump_progress generation=1 sdk_events_total=7028 sdk_events_delta=171 sdk_rate_per_second=16.2 mapped_delta=171 ignored_delta=0 mapping_ms_per_event=0.067 handoff_wait_ms_per_event=0.003 handoff_queue_size=1 handoff_queue_capacity=4096
2026-08-10 11:50:12,357 INFO predmarket.watch.task - watch_evaluation_summary generation=1 tokens=2 generated_targets=4 targets=2 deduplicated_targets=2 persisted_signals=0 market_time=1786333812359 stream_silence_age_ms=1 decisions=ABSENT.PROFIT_BELOW_THRESHOLD:2 maximum_exchange_clock_skew_ms=-491680 exchange_clock_skew_warning_ms=100 maximum_exchange_clock_skew_token_id=55117693870079238772824189339305035652702596264303214987988238412221239322103 exchange_timestamp=1786332531583 received_timestamp=1786333023263 best_return_rate=-0.04536338 required_return_rate=0.00750000 best_opportunity_key=BINARY_UNDERPRICED:3436192 best_market_ids=3436192 context_ms=1 strategy_ms=23 signal_apply_ms=0 elapsed_ms=25
2026-08-10 11:50:13,514 WARNING predmarket.watch.task - watch_exchange_clock_skew_warning generation=1 token_id=55117693870079238772824189339305035652702596264303214987988238412221239322103 exchange_timestamp=1786332531583 received_timestamp=1786333023263 exchange_clock_skew_ms=-491680 exchange_clock_skew_warning_ms=100 evaluation_continues=true
2026-08-10 11:50:16,357 INFO predmarket.watch.task - watch_evaluation_abort_summary window_aborted=14 reason_counts=dependency_revision_changed:14 stage_counts=after_strategy:4,before_strategy:10 evaluation_requests=6802 evaluation_batches=2086 evaluation_coalesced=8184 pending_tokens=2 last_completed_summary_age_ms=4001 maximum_evaluation_elapsed_ms=288 sample_reason=dependency_revision_changed sample_stage=before_strategy sample_token_ids=42510750590941529190948547648591091159961726742666138609147094754699623789186,9527897186028883866601376291426044887292125040180168165330522910551404848146 sample_expected_revisions=42510750590941529190948547648591091159961726742666138609147094754699623789186:2129,9527897186028883866601376291426044887292125040180168165330522910551404848146:2129 sample_actual_revisions=42510750590941529190948547648591091159961726742666138609147094754699623789186:2134,9527897186028883866601376291426044887292125040180168165330522910551404848146:2134
2026-08-10 11:50:17,104 INFO predmarket.app - catalog_cleanup_cycle_completed deleted_versions=0 deleted_journal_rows=0 remaining_versions=0 remaining_journal_rows=0
2026-08-10 11:50:20,296 INFO predmarket.watch.task - watch_catalog_refresh_started markets=50 concurrency=10 trigger=periodic
2026-08-10 11:50:22,328 INFO predmarket.polymarket.gateway - market_stream_pump_progress generation=1 sdk_events_total=7164 sdk_events_delta=136 sdk_rate_per_second=13.6 mapped_delta=136 ignored_delta=0 mapping_ms_per_event=0.079 handoff_wait_ms_per_event=0.004 handoff_queue_size=1 handoff_queue_capacity=4096
2026-08-10 11:50:22,328 INFO predmarket.polymarket.gateway - market_stream_consumer_progress generation=1 events_total=6993 events_delta=139 rate_per_second=12.8 queue_size=0 queue_capacity=65536 queue_utilization_pct=0.0 handle_dropped=0 manager_dropped=0
2026-08-10 11:50:22,329 INFO predmarket.watch.task - watch_price_change_progress messages=6770 messages_delta=137 entries_per_message=2.00 book_levels_per_message=196.8 parse_ms_per_message=0.026 cache_ms_per_message=0.547 queue_ms_per_message=0.005
2026-08-10 11:50:22,329 INFO predmarket.watch.task - watch_stream_handler_progress messages=6993 messages_delta=139 rate_per_second=12.8 event_counts=best_bid_ask:2,price_change:137 event_ms_per_message=best_bid_ask:0.023,price_change:0.678
2026-08-10 11:50:22,358 INFO predmarket.watch.task - watch_stream_progress messages=7000 event_type=price_change generation=1 cache_state=VALID
2026-08-10 11:50:22,407 INFO predmarket.watch.task - watch_evaluation_summary generation=1 tokens=2 generated_targets=4 targets=2 deduplicated_targets=2 persisted_signals=0 market_time=1786333822382 stream_silence_age_ms=2 decisions=ABSENT.PROFIT_BELOW_THRESHOLD:2 maximum_exchange_clock_skew_ms=-491680 exchange_clock_skew_warning_ms=100 maximum_exchange_clock_skew_token_id=55117693870079238772824189339305035652702596264303214987988238412221239322103 exchange_timestamp=1786332531583 received_timestamp=1786333023263 best_return_rate=-0.04536338 required_return_rate=0.00750000 best_opportunity_key=BINARY_UNDERPRICED:3436192 best_market_ids=3436192 context_ms=2 strategy_ms=40 signal_apply_ms=0 elapsed_ms=43
2026-08-10 11:50:38,290 INFO predmarket.polymarket.gateway - market_stream_pump_progress generation=1 sdk_events_total=7176 sdk_events_delta=12 sdk_rate_per_second=0.8 mapped_delta=12 ignored_delta=0 mapping_ms_per_event=0.025 handoff_wait_ms_per_event=0.001 handoff_queue_size=1 handoff_queue_capacity=4096
2026-08-10 11:50:38,294 INFO predmarket.polymarket.gateway - market_stream_consumer_progress generation=1 events_total=7005 events_delta=12 rate_per_second=0.8 queue_size=0 queue_capacity=65536 queue_utilization_pct=0.0 handle_dropped=0 manager_dropped=0
2026-08-10 11:50:38,294 INFO predmarket.watch.task - watch_price_change_progress messages=6782 messages_delta=12 entries_per_message=2.00 book_levels_per_message=197.3 parse_ms_per_message=0.008 cache_ms_per_message=0.190 queue_ms_per_message=0.001
2026-08-10 11:50:38,295 INFO predmarket.watch.task - watch_stream_handler_progress messages=7005 messages_delta=12 rate_per_second=0.8 event_counts=price_change:12 event_ms_per_message=price_change:0.246
2026-08-10 11:50:38,355 INFO predmarket.watch.task - watch_evaluation_queue_progress requests=7000 pending_tokens=10 coalesced_tokens=8526 generation=1
2026-08-10 11:50:38,414 WARNING predmarket.watch.task - watch_exchange_clock_skew_warning generation=1 token_id=55117693870079238772824189339305035652702596264303214987988238412221239322103 exchange_timestamp=1786332531583 received_timestamp=1786333023263 exchange_clock_skew_ms=-491680 exchange_clock_skew_warning_ms=100 evaluation_continues=true
2026-08-10 11:50:38,416 INFO predmarket.watch.task - watch_evaluation_abort_summary window_aborted=8 reason_counts=dependency_revision_changed:8 stage_counts=after_strategy:1,before_strategy:7 evaluation_requests=7107 evaluation_batches=2108 evaluation_coalesced=8732 pending_tokens=4 last_completed_summary_age_ms=16010 maximum_evaluation_elapsed_ms=43 sample_reason=dependency_revision_changed sample_stage=before_strategy sample_token_ids=106429334050090823328330576377733997987187180651908724756846683786451073001502,84246002852984326313320894134338110351752801388857359944367702168519509348440 sample_expected_revisions=106429334050090823328330576377733997987187180651908724756846683786451073001502:118,84246002852984326313320894134338110351752801388857359944367702168519509348440:118 sample_actual_revisions=106429334050090823328330576377733997987187180651908724756846683786451073001502:119,84246002852984326313320894134338110351752801388857359944367702168519509348440:119
2026-08-10 11:50:38,557 INFO predmarket.watch.task - watch_catalog_refresh_completed requested=50 succeeded=50 failed=0 elapsed_ms=18260 trigger=periodic
2026-08-10 11:50:38,649 INFO predmarket.app - strategy_catalog_snapshot_prepared events=18562 markets=138082 tokens=276164 elapsed_ms=91
2026-08-10 11:50:38,657 INFO predmarket.watch.task - watch_market_metadata_refresh_cycle_completed markets=50 snapshot_source=memory context_prepared=True elapsed_ms=18361
2026-08-10 11:50:38,741 INFO predmarket.watch.task - watch_evaluation_summary generation=1 tokens=4 generated_targets=8 targets=4 deduplicated_targets=4 persisted_signals=0 market_time=1786333838547 stream_silence_age_ms=0 decisions=ABSENT.PROFIT_BELOW_THRESHOLD:4 maximum_exchange_clock_skew_ms=-491680 exchange_clock_skew_warning_ms=100 maximum_exchange_clock_skew_token_id=55117693870079238772824189339305035652702596264303214987988238412221239322103 exchange_timestamp=1786332531583 received_timestamp=1786333023263 best_return_rate=-0.04536338 required_return_rate=0.00750000 best_opportunity_key=BINARY_UNDERPRICED:3436723 best_market_ids=3436723 context_ms=3 strategy_ms=45 signal_apply_ms=0 elapsed_ms=49
2026-08-10 11:50:39,077 INFO predmarket.app - catalog_cleanup_cycle_completed deleted_versions=0 deleted_journal_rows=150 remaining_versions=0 remaining_journal_rows=0
2026-08-10 11:50:48,297 INFO predmarket.polymarket.gateway - market_stream_pump_progress generation=1 sdk_events_total=7641 sdk_events_delta=465 sdk_rate_per_second=46.5 mapped_delta=465 ignored_delta=0 mapping_ms_per_event=0.032 handoff_wait_ms_per_event=0.001 handoff_queue_size=1 handoff_queue_capacity=4096
2026-08-10 11:50:48,298 INFO predmarket.polymarket.gateway - market_stream_consumer_progress generation=1 events_total=7470 events_delta=465 rate_per_second=46.5 queue_size=0 queue_capacity=65536 queue_utilization_pct=0.0 handle_dropped=0 manager_dropped=0
2026-08-10 11:50:48,300 INFO predmarket.watch.task - watch_price_change_progress messages=7247 messages_delta=465 entries_per_message=2.00 book_levels_per_message=195.6 parse_ms_per_message=0.009 cache_ms_per_message=0.258 queue_ms_per_message=0.002
2026-08-10 11:50:48,301 INFO predmarket.watch.task - watch_stream_handler_progress messages=7470 messages_delta=465 rate_per_second=46.5 event_counts=price_change:465 event_ms_per_message=price_change:0.305
2026-08-10 11:50:48,746 WARNING predmarket.watch.task - watch_exchange_clock_skew_warning generation=1 token_id=55117693870079238772824189339305035652702596264303214987988238412221239322103 exchange_timestamp=1786332531583 received_timestamp=1786333023263 exchange_clock_skew_ms=-491680 exchange_clock_skew_warning_ms=100 evaluation_continues=true
2026-08-10 11:50:48,793 INFO predmarket.watch.task - watch_evaluation_summary generation=1 tokens=2 generated_targets=4 targets=2 deduplicated_targets=2 persisted_signals=0 market_time=1786333848756 stream_silence_age_ms=1 decisions=ABSENT.PROFIT_BELOW_THRESHOLD:2 maximum_exchange_clock_skew_ms=-491680 exchange_clock_skew_warning_ms=100 maximum_exchange_clock_skew_token_id=55117693870079238772824189339305035652702596264303214987988238412221239322103 exchange_timestamp=1786332531583 received_timestamp=1786333023263 best_return_rate=-0.04536338 required_return_rate=0.00750000 best_opportunity_key=BINARY_UNDERPRICED:3436723 best_market_ids=3436723 context_ms=13 strategy_ms=46 signal_apply_ms=0 elapsed_ms=62
2026-08-10 11:50:49,334 INFO predmarket.watch.task - watch_evaluation_abort_summary window_aborted=26 reason_counts=dependency_revision_changed:26 stage_counts=after_strategy:10,before_strategy:16 evaluation_requests=7371 evaluation_batches=2193 evaluation_coalesced=9064 pending_tokens=2 last_completed_summary_age_ms=541 maximum_evaluation_elapsed_ms=275 sample_reason=dependency_revision_changed sample_stage=before_strategy sample_token_ids=42510750590941529190948547648591091159961726742666138609147094754699623789186,9527897186028883866601376291426044887292125040180168165330522910551404848146 sample_expected_revisions=42510750590941529190948547648591091159961726742666138609147094754699623789186:2458,9527897186028883866601376291426044887292125040180168165330522910551404848146:2458 sample_actual_revisions=42510750590941529190948547648591091159961726742666138609147094754699623789186:2462,9527897186028883866601376291426044887292125040180168165330522910551404848146:2462
2026-08-10 11:50:49,488 INFO predmarket.app - catalog_cleanup_cycle_completed deleted_versions=0 deleted_journal_rows=0 remaining_versions=0 remaining_journal_rows=0
2026-08-10 11:50:52,517 INFO predmarket.watch.task - watch_stream_progress messages=7559 event_type=price_change generation=1 cache_state=VALID
2026-08-10 11:50:58,327 INFO predmarket.polymarket.gateway - market_stream_pump_progress generation=1 sdk_events_total=7881 sdk_events_delta=240 sdk_rate_per_second=23.9 mapped_delta=240 ignored_delta=0 mapping_ms_per_event=0.063 handoff_wait_ms_per_event=0.006 handoff_queue_size=1 handoff_queue_capacity=4096
2026-08-10 11:50:58,330 INFO predmarket.polymarket.gateway - market_stream_consumer_progress generation=1 events_total=7710 events_delta=240 rate_per_second=23.9 queue_size=0 queue_capacity=65536 queue_utilization_pct=0.0 handle_dropped=0 manager_dropped=0
2026-08-10 11:50:58,332 INFO predmarket.watch.task - watch_price_change_progress messages=7483 messages_delta=236 entries_per_message=2.00 book_levels_per_message=190.6 parse_ms_per_message=0.017 cache_ms_per_message=0.396 queue_ms_per_message=0.004
2026-08-10 11:50:58,333 INFO predmarket.watch.task - watch_stream_handler_progress messages=7710 messages_delta=240 rate_per_second=23.9 event_counts=best_bid_ask:4,price_change:236 event_ms_per_message=best_bid_ask:0.003,price_change:0.493
2026-08-10 11:50:58,828 WARNING predmarket.watch.task - watch_exchange_clock_skew_warning generation=1 token_id=59964118787490379580342667392807189555421642113912784221037405342418714918833 exchange_timestamp=1786333832003 received_timestamp=1786333838292 exchange_clock_skew_ms=-6289 exchange_clock_skew_warning_ms=100 evaluation_continues=true
2026-08-10 11:50:58,874 INFO predmarket.watch.task - watch_evaluation_summary generation=1 tokens=2 generated_targets=4 targets=2 deduplicated_targets=2 persisted_signals=0 market_time=1786333858846 stream_silence_age_ms=1 decisions=ABSENT.PROFIT_BELOW_THRESHOLD:2 maximum_exchange_clock_skew_ms=-6289 exchange_clock_skew_warning_ms=100 maximum_exchange_clock_skew_token_id=59964118787490379580342667392807189555421642113912784221037405342418714918833 exchange_timestamp=1786333832003 received_timestamp=1786333838292 best_return_rate=-0.04536338 required_return_rate=0.00750000 best_opportunity_key=BINARY_UNDERPRICED:3436717 best_market_ids=3436717 context_ms=8 strategy_ms=45 signal_apply_ms=0 elapsed_ms=54
2026-08-10 11:50:59,864 INFO predmarket.app - catalog_cleanup_cycle_completed deleted_versions=0 deleted_journal_rows=0 remaining_versions=0 remaining_journal_rows=0
2026-08-10 11:51:00,761 INFO predmarket.watch.task - watch_evaluation_abort_summary window_aborted=26 reason_counts=dependency_revision_changed:26 stage_counts=after_strategy:9,before_strategy:17 evaluation_requests=7695 evaluation_batches=2284 evaluation_coalesced=9502 pending_tokens=2 last_completed_summary_age_ms=1887 maximum_evaluation_elapsed_ms=52 sample_reason=dependency_revision_changed sample_stage=before_strategy sample_token_ids=14827069324818972667846730021305849423983649779987819621641377579069676255615,60867862524943850677449383715585553448659920879555043505079615338421071710024 sample_expected_revisions=14827069324818972667846730021305849423983649779987819621641377579069676255615:142,60867862524943850677449383715585553448659920879555043505079615338421071710024:142 sample_actual_revisions=14827069324818972667846730021305849423983649779987819621641377579069676255615:146,60867862524943850677449383715585553448659920879555043505079615338421071710024:146
2026-08-10 11:51:07,306 INFO predmarket.watch.task - watch_stream_progress messages=8000 event_type=price_change generation=1 cache_state=VALID
2026-08-10 11:51:08,328 INFO predmarket.polymarket.gateway - market_stream_pump_progress generation=1 sdk_events_total=8217 sdk_events_delta=336 sdk_rate_per_second=33.6 mapped_delta=336 ignored_delta=0 mapping_ms_per_event=0.048 handoff_wait_ms_per_event=0.002 handoff_queue_size=1 handoff_queue_capacity=4096
2026-08-10 11:51:08,331 INFO predmarket.polymarket.gateway - market_stream_consumer_progress generation=1 events_total=8046 events_delta=336 rate_per_second=33.6 queue_size=0 queue_capacity=65536 queue_utilization_pct=0.0 handle_dropped=0 manager_dropped=0
2026-08-10 11:51:08,333 INFO predmarket.watch.task - watch_price_change_progress messages=7813 messages_delta=330 entries_per_message=2.00 book_levels_per_message=189.4 parse_ms_per_message=0.017 cache_ms_per_message=0.391 queue_ms_per_message=0.003
2026-08-10 11:51:08,334 INFO predmarket.watch.task - watch_stream_handler_progress messages=8046 messages_delta=336 rate_per_second=33.6 event_counts=best_bid_ask:6,price_change:330 event_ms_per_message=best_bid_ask:0.009,price_change:0.477
2026-08-10 11:51:09,156 WARNING predmarket.watch.task - watch_exchange_clock_skew_warning generation=1 token_id=59964118787490379580342667392807189555421642113912784221037405342418714918833 exchange_timestamp=1786333832003 received_timestamp=1786333838292 exchange_clock_skew_ms=-6289 exchange_clock_skew_warning_ms=100 evaluation_continues=true
2026-08-10 11:51:09,197 INFO predmarket.watch.task - watch_evaluation_summary generation=1 tokens=2 generated_targets=4 targets=2 deduplicated_targets=2 persisted_signals=0 market_time=1786333869089 stream_silence_age_ms=1 decisions=ABSENT.PROFIT_BELOW_THRESHOLD:2 maximum_exchange_clock_skew_ms=-6289 exchange_clock_skew_warning_ms=100 maximum_exchange_clock_skew_token_id=59964118787490379580342667392807189555421642113912784221037405342418714918833 exchange_timestamp=1786333832003 received_timestamp=1786333838292 best_return_rate=-0.04536338 required_return_rate=0.00750000 best_opportunity_key=BINARY_UNDERPRICED:3436717 best_market_ids=3436717 context_ms=7 strategy_ms=39 signal_apply_ms=0 elapsed_ms=48
2026-08-10 11:51:10,277 INFO predmarket.app - catalog_cleanup_cycle_completed deleted_versions=0 deleted_journal_rows=0 remaining_versions=0 remaining_journal_rows=0
2026-08-10 11:51:11,032 INFO predmarket.watch.task - watch_evaluation_queue_progress requests=8000 pending_tokens=2 coalesced_tokens=9934 generation=1
2026-08-10 11:51:11,336 INFO predmarket.watch.task - watch_evaluation_abort_summary window_aborted=37 reason_counts=dependency_revision_changed:37 stage_counts=after_strategy:6,before_strategy:31 evaluation_requests=8019 evaluation_batches=2372 evaluation_coalesced=9962 pending_tokens=2 last_completed_summary_age_ms=2139 maximum_evaluation_elapsed_ms=41 sample_reason=dependency_revision_changed sample_stage=before_strategy sample_token_ids=42510750590941529190948547648591091159961726742666138609147094754699623789186,9527897186028883866601376291426044887292125040180168165330522910551404848146 sample_expected_revisions=42510750590941529190948547648591091159961726742666138609147094754699623789186:2693,9527897186028883866601376291426044887292125040180168165330522910551404848146:2693 sample_actual_revisions=42510750590941529190948547648591091159961726742666138609147094754699623789186:2696,9527897186028883866601376291426044887292125040180168165330522910551404848146:2696
2026-08-10 11:51:18,354 INFO predmarket.polymarket.gateway - market_stream_pump_progress generation=1 sdk_events_total=8544 sdk_events_delta=327 sdk_rate_per_second=32.6 mapped_delta=327 ignored_delta=0 mapping_ms_per_event=0.054 handoff_wait_ms_per_event=0.002 handoff_queue_size=1 handoff_queue_capacity=4096
2026-08-10 11:51:18,355 INFO predmarket.polymarket.gateway - market_stream_consumer_progress generation=1 events_total=8373 events_delta=327 rate_per_second=32.6 queue_size=0 queue_capacity=65536 queue_utilization_pct=0.0 handle_dropped=0 manager_dropped=0
2026-08-10 11:51:18,355 INFO predmarket.watch.task - watch_price_change_progress messages=8136 messages_delta=323 entries_per_message=2.00 book_levels_per_message=189.6 parse_ms_per_message=0.017 cache_ms_per_message=0.355 queue_ms_per_message=0.004
2026-08-10 11:51:18,356 INFO predmarket.watch.task - watch_stream_handler_progress messages=8373 messages_delta=327 rate_per_second=32.6 event_counts=best_bid_ask:4,price_change:323 event_ms_per_message=best_bid_ask:0.007,price_change:0.439
2026-08-10 11:51:19,380 WARNING predmarket.watch.task - watch_exchange_clock_skew_warning generation=1 token_id=59964118787490379580342667392807189555421642113912784221037405342418714918833 exchange_timestamp=1786333832003 received_timestamp=1786333838292 exchange_clock_skew_ms=-6289 exchange_clock_skew_warning_ms=100 evaluation_continues=true
2026-08-10 11:51:19,437 INFO predmarket.watch.task - watch_evaluation_summary generation=1 tokens=4 generated_targets=8 targets=4 deduplicated_targets=4 persisted_signals=0 market_time=1786333879391 stream_silence_age_ms=4 decisions=ABSENT.PROFIT_BELOW_THRESHOLD:4 maximum_exchange_clock_skew_ms=-6289 exchange_clock_skew_warning_ms=100 maximum_exchange_clock_skew_token_id=59964118787490379580342667392807189555421642113912784221037405342418714918833 exchange_timestamp=1786333832003 received_timestamp=1786333838292 best_return_rate=-0.04536338 required_return_rate=0.00750000 best_opportunity_key=BINARY_UNDERPRICED:3436192 best_market_ids=3436192 context_ms=2 strategy_ms=55 signal_apply_ms=0 elapsed_ms=58
2026-08-10 11:51:20,676 INFO predmarket.app - catalog_cleanup_cycle_completed deleted_versions=0 deleted_journal_rows=0 remaining_versions=0 remaining_journal_rows=0
2026-08-10 11:51:24,438 INFO predmarket.watch.task - watch_evaluation_abort_summary window_aborted=32 reason_counts=dependency_revision_changed:32 stage_counts=after_strategy:6,before_strategy:26 evaluation_requests=8343 evaluation_batches=2459 evaluation_coalesced=10422 pending_tokens=2 last_completed_summary_age_ms=5002 maximum_evaluation_elapsed_ms=61 sample_reason=dependency_revision_changed sample_stage=before_strategy sample_token_ids=42510750590941529190948547648591091159961726742666138609147094754699623789186,9527897186028883866601376291426044887292125040180168165330522910551404848146 sample_expected_revisions=42510750590941529190948547648591091159961726742666138609147094754699623789186:2827,9527897186028883866601376291426044887292125040180168165330522910551404848146:2827 sample_actual_revisions=42510750590941529190948547648591091159961726742666138609147094754699623789186:2831,9527897186028883866601376291426044887292125040180168165330522910551404848146:2831
2026-08-10 11:51:28,357 INFO predmarket.polymarket.gateway - market_stream_pump_progress generation=1 sdk_events_total=8698 sdk_events_delta=154 sdk_rate_per_second=15.4 mapped_delta=154 ignored_delta=0 mapping_ms_per_event=0.075 handoff_wait_ms_per_event=0.003 handoff_queue_size=1 handoff_queue_capacity=4096
2026-08-10 11:51:28,358 INFO predmarket.polymarket.gateway - market_stream_consumer_progress generation=1 events_total=8527 events_delta=154 rate_per_second=15.4 queue_size=0 queue_capacity=65536 queue_utilization_pct=0.0 handle_dropped=0 manager_dropped=0
2026-08-10 11:51:28,359 INFO predmarket.watch.task - watch_price_change_progress messages=8288 messages_delta=152 entries_per_message=2.00 book_levels_per_message=193.2 parse_ms_per_message=0.026 cache_ms_per_message=0.522 queue_ms_per_message=0.006
2026-08-10 11:51:28,359 INFO predmarket.watch.task - watch_stream_handler_progress messages=8527 messages_delta=154 rate_per_second=15.4 event_counts=best_bid_ask:2,price_change:152 event_ms_per_message=best_bid_ask:0.011,price_change:0.663
2026-08-10 11:51:29,902 WARNING predmarket.watch.task - watch_exchange_clock_skew_warning generation=1 token_id=48727517318278121806920421060407479481182545936653618534353847097491316977954 exchange_timestamp=1786333791004 received_timestamp=1786333791185 exchange_clock_skew_ms=-181 exchange_clock_skew_warning_ms=100 evaluation_continues=true
2026-08-10 11:51:29,942 INFO predmarket.watch.task - watch_evaluation_summary generation=1 tokens=2 generated_targets=4 targets=2 deduplicated_targets=2 persisted_signals=0 market_time=1786333889903 stream_silence_age_ms=8 decisions=ABSENT.PROFIT_BELOW_THRESHOLD:2 maximum_exchange_clock_skew_ms=-181 exchange_clock_skew_warning_ms=100 maximum_exchange_clock_skew_token_id=48727517318278121806920421060407479481182545936653618534353847097491316977954 exchange_timestamp=1786333791004 received_timestamp=1786333791185 best_return_rate=-0.04536338 required_return_rate=0.00750000 best_opportunity_key=BINARY_UNDERPRICED:3436706 best_market_ids=3436706 context_ms=7 strategy_ms=39 signal_apply_ms=0 elapsed_ms=47
2026-08-10 11:51:31,111 INFO predmarket.app - catalog_cleanup_cycle_completed deleted_versions=0 deleted_journal_rows=0 remaining_versions=0 remaining_journal_rows=0
2026-08-10 11:51:35,362 INFO predmarket.watch.task - watch_evaluation_abort_summary window_aborted=25 reason_counts=dependency_revision_changed:25 stage_counts=after_strategy:4,before_strategy:21 evaluation_requests=8506 evaluation_batches=2516 evaluation_coalesced=10632 pending_tokens=2 last_completed_summary_age_ms=5421 maximum_evaluation_elapsed_ms=54 sample_reason=dependency_revision_changed sample_stage=before_strategy sample_token_ids=42510750590941529190948547648591091159961726742666138609147094754699623789186,9527897186028883866601376291426044887292125040180168165330522910551404848146 sample_expected_revisions=42510750590941529190948547648591091159961726742666138609147094754699623789186:2933,9527897186028883866601376291426044887292125040180168165330522910551404848146:2933 sample_actual_revisions=42510750590941529190948547648591091159961726742666138609147094754699623789186:2942,9527897186028883866601376291426044887292125040180168165330522910551404848146:2942
2026-08-10 11:51:37,414 INFO predmarket.watch.task - watch_stream_progress messages=8670 event_type=price_change generation=1 cache_state=VALID
2026-08-10 11:51:38,359 INFO predmarket.polymarket.gateway - market_stream_consumer_progress generation=1 events_total=8699 events_delta=172 rate_per_second=17.2 queue_size=0 queue_capacity=65536 queue_utilization_pct=0.0 handle_dropped=0 manager_dropped=0
2026-08-10 11:51:38,360 INFO predmarket.watch.task - watch_price_change_progress messages=8460 messages_delta=172 entries_per_message=2.00 book_levels_per_message=193.7 parse_ms_per_message=0.027 cache_ms_per_message=0.550 queue_ms_per_message=0.006
2026-08-10 11:51:38,361 INFO predmarket.watch.task - watch_stream_handler_progress messages=8699 messages_delta=172 rate_per_second=17.2 event_counts=price_change:172 event_ms_per_message=price_change:0.702
2026-08-10 11:51:38,362 INFO predmarket.polymarket.gateway - market_stream_pump_progress generation=1 sdk_events_total=8871 sdk_events_delta=173 sdk_rate_per_second=17.3 mapped_delta=173 ignored_delta=0 mapping_ms_per_event=0.080 handoff_wait_ms_per_event=0.004 handoff_queue_size=1 handoff_queue_capacity=4096
2026-08-10 11:51:40,411 WARNING predmarket.watch.task - watch_exchange_clock_skew_warning generation=1 token_id=48727517318278121806920421060407479481182545936653618534353847097491316977954 exchange_timestamp=1786333791004 received_timestamp=1786333791185 exchange_clock_skew_ms=-181 exchange_clock_skew_warning_ms=100 evaluation_continues=true
2026-08-10 11:51:40,451 INFO predmarket.watch.task - watch_evaluation_summary generation=1 tokens=2 generated_targets=4 targets=2 deduplicated_targets=2 persisted_signals=0 market_time=1786333900381 stream_silence_age_ms=0 decisions=ABSENT.PROFIT_BELOW_THRESHOLD:2 maximum_exchange_clock_skew_ms=-181 exchange_clock_skew_warning_ms=100 maximum_exchange_clock_skew_token_id=48727517318278121806920421060407479481182545936653618534353847097491316977954 exchange_timestamp=1786333791004 received_timestamp=1786333791185 best_return_rate=-0.04536338 required_return_rate=0.00750000 best_opportunity_key=BINARY_UNDERPRICED:3436192 best_market_ids=3436192 context_ms=5 strategy_ms=39 signal_apply_ms=0 elapsed_ms=45
2026-08-10 11:51:41,511 INFO predmarket.app - catalog_cleanup_cycle_completed deleted_versions=0 deleted_journal_rows=0 remaining_versions=0 remaining_journal_rows=0
2026-08-10 11:51:47,280 INFO predmarket.watch.task - watch_evaluation_abort_summary window_aborted=16 reason_counts=dependency_revision_changed:16 stage_counts=after_strategy:5,before_strategy:11 evaluation_requests=8756 evaluation_batches=2567 evaluation_coalesced=11024 pending_tokens=2 last_completed_summary_age_ms=6829 maximum_evaluation_elapsed_ms=60 sample_reason=dependency_revision_changed sample_stage=after_strategy sample_token_ids=50940646408963453238635113892643295795715943123124267182415357448530392214022,66484835772642281574260105084083260613874850000865828870340716696170084116122 sample_expected_revisions=50940646408963453238635113892643295795715943123124267182415357448530392214022:1118,66484835772642281574260105084083260613874850000865828870340716696170084116122:1118 sample_actual_revisions=50940646408963453238635113892643295795715943123124267182415357448530392214022:1127,66484835772642281574260105084083260613874850000865828870340716696170084116122:1127
2026-08-10 11:51:48,359 INFO predmarket.polymarket.gateway - market_stream_consumer_progress generation=1 events_total=8930 events_delta=231 rate_per_second=23.1 queue_size=0 queue_capacity=65536 queue_utilization_pct=0.0 handle_dropped=0 manager_dropped=0
2026-08-10 11:51:48,361 INFO predmarket.watch.task - watch_price_change_progress messages=8689 messages_delta=229 entries_per_message=2.00 book_levels_per_message=190.6 parse_ms_per_message=0.020 cache_ms_per_message=0.453 queue_ms_per_message=0.004
2026-08-10 11:51:48,361 INFO predmarket.watch.task - watch_stream_handler_progress messages=8932 messages_delta=233 rate_per_second=23.3 event_counts=best_bid_ask:4,price_change:229 event_ms_per_message=best_bid_ask:0.011,price_change:0.550
2026-08-10 11:51:49,079 INFO predmarket.polymarket.gateway - market_stream_pump_progress generation=1 sdk_events_total=9105 sdk_events_delta=234 sdk_rate_per_second=21.8 mapped_delta=234 ignored_delta=0 mapping_ms_per_event=0.055 handoff_wait_ms_per_event=0.002 handoff_queue_size=1 handoff_queue_capacity=4096
2026-08-10 11:51:50,412 WARNING predmarket.watch.task - watch_exchange_clock_skew_warning generation=1 token_id=48727517318278121806920421060407479481182545936653618534353847097491316977954 exchange_timestamp=1786333791004 received_timestamp=1786333791185 exchange_clock_skew_ms=-181 exchange_clock_skew_warning_ms=100 evaluation_continues=true
2026-08-10 11:51:51,068 INFO predmarket.watch.task - watch_evaluation_summary generation=1 tokens=2 generated_targets=4 targets=2 deduplicated_targets=2 persisted_signals=0 market_time=1786333911000 stream_silence_age_ms=0 decisions=ABSENT.PROFIT_BELOW_THRESHOLD:2 maximum_exchange_clock_skew_ms=-181 exchange_clock_skew_warning_ms=100 maximum_exchange_clock_skew_token_id=48727517318278121806920421060407479481182545936653618534353847097491316977954 exchange_timestamp=1786333791004 received_timestamp=1786333791185 best_return_rate=-0.04536338 required_return_rate=0.00750000 best_opportunity_key=BINARY_UNDERPRICED:3436194 best_market_ids=3436194 context_ms=14 strategy_ms=50 signal_apply_ms=0 elapsed_ms=65
2026-08-10 11:51:51,927 INFO predmarket.app - catalog_cleanup_cycle_completed deleted_versions=0 deleted_journal_rows=0 remaining_versions=0 remaining_journal_rows=0
2026-08-10 11:51:52,375 INFO predmarket.watch.task - watch_stream_progress messages=9000 event_type=price_change generation=1 cache_state=VALID
2026-08-10 11:51:57,534 INFO predmarket.watch.task - watch_evaluation_abort_summary window_aborted=16 reason_counts=dependency_revision_changed:16 stage_counts=after_strategy:3,before_strategy:13 evaluation_requests=8952 evaluation_batches=2616 evaluation_coalesced=11300 pending_tokens=2 last_completed_summary_age_ms=6467 maximum_evaluation_elapsed_ms=47 sample_reason=dependency_revision_changed sample_stage=before_strategy sample_token_ids=100533687727497443541369483933299762930731780669782590957570011016994709318185,104764801815215006840218735731932203523559164204955657612872827684375163040798 sample_expected_revisions=100533687727497443541369483933299762930731780669782590957570011016994709318185:493,104764801815215006840218735731932203523559164204955657612872827684375163040798:491 sample_actual_revisions=100533687727497443541369483933299762930731780669782590957570011016994709318185:495,104764801815215006840218735731932203523559164204955657612872827684375163040798:493
2026-08-10 11:51:59,328 INFO predmarket.polymarket.gateway - market_stream_pump_progress generation=1 sdk_events_total=9277 sdk_events_delta=172 sdk_rate_per_second=16.8 mapped_delta=172 ignored_delta=0 mapping_ms_per_event=0.075 handoff_wait_ms_per_event=0.004 handoff_queue_size=1 handoff_queue_capacity=4096
2026-08-10 11:51:59,331 INFO predmarket.polymarket.gateway - market_stream_consumer_progress generation=1 events_total=9106 events_delta=176 rate_per_second=16.0 queue_size=0 queue_capacity=65536 queue_utilization_pct=0.0 handle_dropped=0 manager_dropped=0
2026-08-10 11:51:59,335 INFO predmarket.watch.task - watch_price_change_progress messages=8863 messages_delta=174 entries_per_message=2.00 book_levels_per_message=192.3 parse_ms_per_message=0.023 cache_ms_per_message=0.555 queue_ms_per_message=0.005
2026-08-10 11:51:59,336 INFO predmarket.watch.task - watch_stream_handler_progress messages=9106 messages_delta=174 rate_per_second=15.9 event_counts=price_change:174 event_ms_per_message=price_change:0.691
2026-08-10 11:52:00,985 WARNING predmarket.watch.task - watch_exchange_clock_skew_warning generation=1 token_id=48727517318278121806920421060407479481182545936653618534353847097491316977954 exchange_timestamp=1786333791004 received_timestamp=1786333791185 exchange_clock_skew_ms=-181 exchange_clock_skew_warning_ms=100 evaluation_continues=true
2026-08-10 11:52:01,440 INFO predmarket.watch.task - watch_evaluation_summary generation=1 tokens=2 generated_targets=4 targets=2 deduplicated_targets=2 persisted_signals=0 market_time=1786333921399 stream_silence_age_ms=0 decisions=ABSENT.PROFIT_BELOW_THRESHOLD:2 maximum_exchange_clock_skew_ms=-181 exchange_clock_skew_warning_ms=100 maximum_exchange_clock_skew_token_id=48727517318278121806920421060407479481182545936653618534353847097491316977954 exchange_timestamp=1786333791004 received_timestamp=1786333791185 best_return_rate=-0.04536338 required_return_rate=0.00750000 best_opportunity_key=BINARY_UNDERPRICED:3436192 best_market_ids=3436192 context_ms=5 strategy_ms=40 signal_apply_ms=0 elapsed_ms=47
2026-08-10 11:52:01,974 INFO predmarket.watch.task - watch_evaluation_queue_progress requests=9000 pending_tokens=6 coalesced_tokens=11364 generation=1
2026-08-10 11:52:02,363 INFO predmarket.app - catalog_cleanup_cycle_completed deleted_versions=0 deleted_journal_rows=0 remaining_versions=0 remaining_journal_rows=0
2026-08-10 11:52:08,368 INFO predmarket.watch.task - watch_evaluation_abort_summary window_aborted=13 reason_counts=dependency_revision_changed:13 stage_counts=after_strategy:4,before_strategy:9 evaluation_requests=9107 evaluation_batches=2660 evaluation_coalesced=11502 pending_tokens=4 last_completed_summary_age_ms=6929 maximum_evaluation_elapsed_ms=50 sample_reason=dependency_revision_changed sample_stage=before_strategy sample_token_ids=42510750590941529190948547648591091159961726742666138609147094754699623789186,9527897186028883866601376291426044887292125040180168165330522910551404848146 sample_expected_revisions=42510750590941529190948547648591091159961726742666138609147094754699623789186:3276,9527897186028883866601376291426044887292125040180168165330522910551404848146:3276 sample_actual_revisions=42510750590941529190948547648591091159961726742666138609147094754699623789186:3281,9527897186028883866601376291426044887292125040180168165330522910551404848146:3281
2026-08-10 11:52:09,359 INFO predmarket.polymarket.gateway - market_stream_pump_progress generation=1 sdk_events_total=9427 sdk_events_delta=150 sdk_rate_per_second=15.0 mapped_delta=150 ignored_delta=0 mapping_ms_per_event=0.079 handoff_wait_ms_per_event=0.007 handoff_queue_size=1 handoff_queue_capacity=4096
2026-08-10 11:52:09,361 INFO predmarket.polymarket.gateway - market_stream_consumer_progress generation=1 events_total=9256 events_delta=150 rate_per_second=15.0 queue_size=0 queue_capacity=65536 queue_utilization_pct=0.0 handle_dropped=0 manager_dropped=0
2026-08-10 11:52:09,363 INFO predmarket.watch.task - watch_price_change_progress messages=9013 messages_delta=150 entries_per_message=2.00 book_levels_per_message=195.2 parse_ms_per_message=0.026 cache_ms_per_message=0.561 queue_ms_per_message=0.007
2026-08-10 11:52:09,363 INFO predmarket.watch.task - watch_stream_handler_progress messages=9256 messages_delta=150 rate_per_second=15.0 event_counts=price_change:150 event_ms_per_message=price_change:0.704
2026-08-10 11:52:10,999 WARNING predmarket.watch.task - watch_exchange_clock_skew_warning generation=1 token_id=48727517318278121806920421060407479481182545936653618534353847097491316977954 exchange_timestamp=1786333791004 received_timestamp=1786333791185 exchange_clock_skew_ms=-181 exchange_clock_skew_warning_ms=100 evaluation_continues=true
2026-08-10 11:52:11,477 INFO predmarket.watch.task - watch_evaluation_summary generation=1 tokens=2 generated_targets=4 targets=2 deduplicated_targets=2 persisted_signals=0 market_time=1786333931387 stream_silence_age_ms=0 decisions=ABSENT.PROFIT_BELOW_THRESHOLD:2 maximum_exchange_clock_skew_ms=-181 exchange_clock_skew_warning_ms=100 maximum_exchange_clock_skew_token_id=48727517318278121806920421060407479481182545936653618534353847097491316977954 exchange_timestamp=1786333791004 received_timestamp=1786333791185 best_return_rate=-0.04536338 required_return_rate=0.00750000 best_opportunity_key=BINARY_UNDERPRICED:3436192 best_market_ids=3436192 context_ms=5 strategy_ms=40 signal_apply_ms=0 elapsed_ms=46
2026-08-10 11:52:12,766 INFO predmarket.app - catalog_cleanup_cycle_completed deleted_versions=0 deleted_journal_rows=0 remaining_versions=0 remaining_journal_rows=0
2026-08-10 11:52:19,361 INFO predmarket.polymarket.gateway - market_stream_consumer_progress generation=1 events_total=9431 events_delta=175 rate_per_second=17.5 queue_size=0 queue_capacity=65536 queue_utilization_pct=0.0 handle_dropped=0 manager_dropped=0
2026-08-10 11:52:20,332 INFO predmarket.polymarket.gateway - market_stream_pump_progress generation=1 sdk_events_total=9603 sdk_events_delta=176 sdk_rate_per_second=16.0 mapped_delta=176 ignored_delta=0 mapping_ms_per_event=0.069 handoff_wait_ms_per_event=0.003 handoff_queue_size=1 handoff_queue_capacity=4096
2026-08-10 11:52:20,332 INFO predmarket.watch.task - watch_price_change_progress messages=9185 messages_delta=172 entries_per_message=2.00 book_levels_per_message=193.6 parse_ms_per_message=0.023 cache_ms_per_message=0.536 queue_ms_per_message=0.005
2026-08-10 11:52:20,332 INFO predmarket.watch.task - watch_stream_handler_progress messages=9432 messages_delta=176 rate_per_second=16.0 event_counts=best_bid_ask:4,price_change:172 event_ms_per_message=best_bid_ask:0.023,price_change:0.653
2026-08-10 11:52:21,101 WARNING predmarket.watch.task - watch_exchange_clock_skew_warning generation=1 token_id=48727517318278121806920421060407479481182545936653618534353847097491316977954 exchange_timestamp=1786333791004 received_timestamp=1786333791185 exchange_clock_skew_ms=-181 exchange_clock_skew_warning_ms=100 evaluation_continues=true
2026-08-10 11:52:21,408 INFO predmarket.watch.task - watch_evaluation_abort_summary window_aborted=17 reason_counts=dependency_revision_changed:17 stage_counts=after_strategy:3,before_strategy:14 evaluation_requests=9317 evaluation_batches=2714 evaluation_coalesced=11798 pending_tokens=4 last_completed_summary_age_ms=9931 maximum_evaluation_elapsed_ms=55 sample_reason=dependency_revision_changed sample_stage=before_strategy sample_token_ids=42510750590941529190948547648591091159961726742666138609147094754699623789186,9527897186028883866601376291426044887292125040180168165330522910551404848146 sample_expected_revisions=42510750590941529190948547648591091159961726742666138609147094754699623789186:3406,9527897186028883866601376291426044887292125040180168165330522910551404848146:3406 sample_actual_revisions=42510750590941529190948547648591091159961726742666138609147094754699623789186:3410,9527897186028883866601376291426044887292125040180168165330522910551404848146:3410
2026-08-10 11:52:21,556 INFO predmarket.watch.task - watch_evaluation_summary generation=1 tokens=4 generated_targets=8 targets=4 deduplicated_targets=4 persisted_signals=0 market_time=1786333941429 stream_silence_age_ms=0 decisions=ABSENT.PROFIT_BELOW_THRESHOLD:4 maximum_exchange_clock_skew_ms=-181 exchange_clock_skew_warning_ms=100 maximum_exchange_clock_skew_token_id=48727517318278121806920421060407479481182545936653618534353847097491316977954 exchange_timestamp=1786333791004 received_timestamp=1786333791185 best_return_rate=-0.04536338 required_return_rate=0.00750000 best_opportunity_key=BINARY_UNDERPRICED:3436192 best_market_ids=3436192 context_ms=2 strategy_ms=28 signal_apply_ms=0 elapsed_ms=31
2026-08-10 11:52:22,377 INFO predmarket.watch.task - watch_stream_progress messages=9468 event_type=price_change generation=1 cache_state=VALID
2026-08-10 11:52:23,182 INFO predmarket.app - catalog_cleanup_cycle_completed deleted_versions=0 deleted_journal_rows=0 remaining_versions=0 remaining_journal_rows=0
2026-08-10 11:52:29,394 INFO predmarket.polymarket.gateway - market_stream_consumer_progress generation=1 events_total=9561 events_delta=130 rate_per_second=13.0 queue_size=0 queue_capacity=65536 queue_utilization_pct=0.0 handle_dropped=0 manager_dropped=0
2026-08-10 11:52:30,332 INFO predmarket.polymarket.gateway - market_stream_pump_progress generation=1 sdk_events_total=9736 sdk_events_delta=133 sdk_rate_per_second=13.3 mapped_delta=133 ignored_delta=0 mapping_ms_per_event=0.078 handoff_wait_ms_per_event=0.003 handoff_queue_size=1 handoff_queue_capacity=4096
2026-08-10 11:52:30,337 INFO predmarket.watch.task - watch_price_change_progress messages=9316 messages_delta=131 entries_per_message=2.00 book_levels_per_message=188.2 parse_ms_per_message=0.023 cache_ms_per_message=0.559 queue_ms_per_message=0.004
2026-08-10 11:52:30,338 INFO predmarket.watch.task - watch_stream_handler_progress messages=9565 messages_delta=133 rate_per_second=13.3 event_counts=best_bid_ask:2,price_change:131 event_ms_per_message=best_bid_ask:0.003,price_change:0.690
2026-08-10 11:52:31,511 WARNING predmarket.watch.task - watch_exchange_clock_skew_warning generation=1 token_id=42510750590941529190948547648591091159961726742666138609147094754699623789186 exchange_timestamp=1786333951379 received_timestamp=1786333951506 exchange_clock_skew_ms=-127 exchange_clock_skew_warning_ms=100 evaluation_continues=true
2026-08-10 11:52:31,560 INFO predmarket.watch.task - watch_evaluation_summary generation=1 tokens=4 generated_targets=8 targets=4 deduplicated_targets=4 persisted_signals=0 market_time=1786333951429 stream_silence_age_ms=0 decisions=ABSENT.PROFIT_BELOW_THRESHOLD:4 maximum_exchange_clock_skew_ms=-127 exchange_clock_skew_warning_ms=100 maximum_exchange_clock_skew_token_id=42510750590941529190948547648591091159961726742666138609147094754699623789186 exchange_timestamp=1786333951379 received_timestamp=1786333951506 best_return_rate=-0.04536338 required_return_rate=0.00750000 best_opportunity_key=BINARY_UNDERPRICED:3436723 best_market_ids=3436723 context_ms=2 strategy_ms=48 signal_apply_ms=0 elapsed_ms=51
2026-08-10 11:52:33,357 INFO predmarket.watch.task - watch_evaluation_abort_summary window_aborted=9 reason_counts=dependency_revision_changed:9 stage_counts=after_strategy:4,before_strategy:5 evaluation_requests=9456 evaluation_batches=2751 evaluation_coalesced=11998 pending_tokens=2 last_completed_summary_age_ms=1797 maximum_evaluation_elapsed_ms=53 sample_reason=dependency_revision_changed sample_stage=after_strategy sample_token_ids=42510750590941529190948547648591091159961726742666138609147094754699623789186,9527897186028883866601376291426044887292125040180168165330522910551404848146 sample_expected_revisions=42510750590941529190948547648591091159961726742666138609147094754699623789186:3522,9527897186028883866601376291426044887292125040180168165330522910551404848146:3522 sample_actual_revisions=42510750590941529190948547648591091159961726742666138609147094754699623789186:3526,9527897186028883866601376291426044887292125040180168165330522910551404848146:3526
2026-08-10 11:52:33,609 INFO predmarket.app - catalog_cleanup_cycle_completed deleted_versions=0 deleted_journal_rows=0 remaining_versions=0 remaining_journal_rows=0
2026-08-10 11:52:39,678 INFO predmarket.polymarket.gateway - market_stream_consumer_progress generation=1 events_total=9694 events_delta=133 rate_per_second=12.9 queue_size=0 queue_capacity=65536 queue_utilization_pct=0.0 handle_dropped=0 manager_dropped=0
2026-08-10 11:52:40,337 INFO predmarket.polymarket.gateway - market_stream_pump_progress generation=1 sdk_events_total=9873 sdk_events_delta=137 sdk_rate_per_second=13.7 mapped_delta=137 ignored_delta=0 mapping_ms_per_event=0.058 handoff_wait_ms_per_event=0.003 handoff_queue_size=1 handoff_queue_capacity=4096
2026-08-10 11:52:40,338 INFO predmarket.watch.task - watch_price_change_progress messages=9453 messages_delta=137 entries_per_message=2.00 book_levels_per_message=197.0 parse_ms_per_message=0.018 cache_ms_per_message=0.399 queue_ms_per_message=0.004
2026-08-10 11:52:40,338 INFO predmarket.watch.task - watch_stream_handler_progress messages=9702 messages_delta=137 rate_per_second=13.7 event_counts=price_change:137 event_ms_per_message=price_change:0.484
2026-08-10 11:52:41,807 INFO predmarket.watch.task - watch_evaluation_summary generation=1 tokens=2 generated_targets=4 targets=2 deduplicated_targets=2 persisted_signals=0 market_time=1786333961796 stream_silence_age_ms=0 decisions=ABSENT.PROFIT_BELOW_THRESHOLD:2 maximum_exchange_clock_skew_ms=-94 exchange_clock_skew_warning_ms=100 maximum_exchange_clock_skew_token_id=59584996226950874534490324762539841460930543331699081269130668711685403428313 exchange_timestamp=1786333941429 received_timestamp=1786333941523 best_return_rate=-0.04536338 required_return_rate=0.00750000 best_opportunity_key=BINARY_UNDERPRICED:3436723 best_market_ids=3436723 context_ms=4 strategy_ms=36 signal_apply_ms=0 elapsed_ms=41
2026-08-10 11:52:43,837 INFO predmarket.watch.task - watch_evaluation_abort_summary window_aborted=22 reason_counts=dependency_revision_changed:22 stage_counts=after_strategy:9,before_strategy:13 evaluation_requests=9605 evaluation_batches=2805 evaluation_coalesced=12180 pending_tokens=2 last_completed_summary_age_ms=2030 maximum_evaluation_elapsed_ms=57 sample_reason=dependency_revision_changed sample_stage=before_strategy sample_token_ids=50940646408963453238635113892643295795715943123124267182415357448530392214022,66484835772642281574260105084083260613874850000865828870340716696170084116122 sample_expected_revisions=50940646408963453238635113892643295795715943123124267182415357448530392214022:1151,66484835772642281574260105084083260613874850000865828870340716696170084116122:1151 sample_actual_revisions=50940646408963453238635113892643295795715943123124267182415357448530392214022:1153,66484835772642281574260105084083260613874850000865828870340716696170084116122:1153
2026-08-10 11:52:44,010 INFO predmarket.app - catalog_cleanup_cycle_completed deleted_versions=0 deleted_journal_rows=0 remaining_versions=0 remaining_journal_rows=0
2026-08-10 11:52:46,511 WARNING predmarket.watch.task - watch_exchange_clock_skew_warning generation=1 token_id=42510750590941529190948547648591091159961726742666138609147094754699623789186 exchange_timestamp=1786333966387 received_timestamp=1786333966505 exchange_clock_skew_ms=-118 exchange_clock_skew_warning_ms=100 evaluation_continues=true
2026-08-10 11:52:50,215 INFO predmarket.polymarket.gateway - market_stream_consumer_progress generation=1 events_total=9830 events_delta=136 rate_per_second=12.9 queue_size=0 queue_capacity=65536 queue_utilization_pct=0.0 handle_dropped=0 manager_dropped=0
2026-08-10 11:52:50,348 INFO predmarket.polymarket.gateway - market_stream_pump_progress generation=1 sdk_events_total=10010 sdk_events_delta=137 sdk_rate_per_second=13.7 mapped_delta=137 ignored_delta=0 mapping_ms_per_event=0.044 handoff_wait_ms_per_event=0.002 handoff_queue_size=1 handoff_queue_capacity=4096
2026-08-10 11:52:50,361 INFO predmarket.watch.task - watch_price_change_progress messages=9590 messages_delta=137 entries_per_message=2.00 book_levels_per_message=196.9 parse_ms_per_message=0.014 cache_ms_per_message=0.322 queue_ms_per_message=0.003
2026-08-10 11:52:50,361 INFO predmarket.watch.task - watch_stream_handler_progress messages=9839 messages_delta=137 rate_per_second=13.7 event_counts=price_change:137 event_ms_per_message=price_change:0.386
2026-08-10 11:52:52,250 INFO predmarket.watch.task - watch_evaluation_summary generation=1 tokens=2 generated_targets=4 targets=2 deduplicated_targets=2 persisted_signals=0 market_time=1786333972253 stream_silence_age_ms=1 decisions=ABSENT.PROFIT_BELOW_THRESHOLD:2 maximum_exchange_clock_skew_ms=-94 exchange_clock_skew_warning_ms=100 maximum_exchange_clock_skew_token_id=59584996226950874534490324762539841460930543331699081269130668711685403428313 exchange_timestamp=1786333941429 received_timestamp=1786333941523 best_return_rate=-0.04536338 required_return_rate=0.00750000 best_opportunity_key=BINARY_UNDERPRICED:3436723 best_market_ids=3436723 context_ms=1 strategy_ms=24 signal_apply_ms=0 elapsed_ms=26
2026-08-10 11:52:52,404 INFO predmarket.watch.task - watch_stream_progress messages=9867 event_type=price_change generation=1 cache_state=VALID
2026-08-10 11:52:54,447 INFO predmarket.app - catalog_cleanup_cycle_completed deleted_versions=0 deleted_journal_rows=0 remaining_versions=0 remaining_journal_rows=0
2026-08-10 11:52:55,360 INFO predmarket.watch.task - watch_evaluation_abort_summary window_aborted=21 reason_counts=dependency_revision_changed:21 stage_counts=after_strategy:8,before_strategy:13 evaluation_requests=9793 evaluation_batches=2864 evaluation_coalesced=12416 pending_tokens=2 last_completed_summary_age_ms=3110 maximum_evaluation_elapsed_ms=43 sample_reason=dependency_revision_changed sample_stage=before_strategy sample_token_ids=66039412137422263793232701847037621719749583556397561524186419779218110197445,89259899221978607135411083251486607745742303680444668623532638818495689360551 sample_expected_revisions=66039412137422263793232701847037621719749583556397561524186419779218110197445:135,89259899221978607135411083251486607745742303680444668623532638818495689360551:135 sample_actual_revisions=66039412137422263793232701847037621719749583556397561524186419779218110197445:140,89259899221978607135411083251486607745742303680444668623532638818495689360551:140
2026-08-10 11:52:56,617 WARNING predmarket.watch.task - watch_exchange_clock_skew_warning generation=1 token_id=100533687727497443541369483933299762930731780669782590957570011016994709318185 exchange_timestamp=1786333973938 received_timestamp=1786333974073 exchange_clock_skew_ms=-135 exchange_clock_skew_warning_ms=100 evaluation_continues=true
2026-08-10 11:53:00,349 INFO predmarket.polymarket.gateway - market_stream_pump_progress generation=1 sdk_events_total=10156 sdk_events_delta=146 sdk_rate_per_second=14.6 mapped_delta=146 ignored_delta=0 mapping_ms_per_event=0.037 handoff_wait_ms_per_event=0.002 handoff_queue_size=1 handoff_queue_capacity=4096
2026-08-10 11:53:00,350 INFO predmarket.polymarket.gateway - market_stream_consumer_progress generation=1 events_total=9985 events_delta=155 rate_per_second=15.3 queue_size=0 queue_capacity=65536 queue_utilization_pct=0.0 handle_dropped=0 manager_dropped=0
2026-08-10 11:53:00,553 INFO predmarket.watch.task - watch_price_change_progress messages=9746 messages_delta=156 entries_per_message=2.00 book_levels_per_message=193.9 parse_ms_per_message=0.012 cache_ms_per_message=0.280 queue_ms_per_message=0.002
2026-08-10 11:53:00,553 INFO predmarket.watch.task - watch_stream_handler_progress messages=9995 messages_delta=156 rate_per_second=15.3 event_counts=price_change:156 event_ms_per_message=price_change:0.336
2026-08-10 11:53:01,334 INFO predmarket.watch.task - watch_stream_progress messages=10000 event_type=price_change generation=1 cache_state=VALID
2026-08-10 11:53:02,411 INFO predmarket.watch.task - watch_evaluation_summary generation=1 tokens=2 generated_targets=4 targets=2 deduplicated_targets=2 persisted_signals=0 market_time=1786333982383 stream_silence_age_ms=0 decisions=ABSENT.PROFIT_BELOW_THRESHOLD:2 maximum_exchange_clock_skew_ms=-135 exchange_clock_skew_warning_ms=100 maximum_exchange_clock_skew_token_id=100533687727497443541369483933299762930731780669782590957570011016994709318185 exchange_timestamp=1786333973938 received_timestamp=1786333974073 best_return_rate=-0.04536338 required_return_rate=0.00750000 best_opportunity_key=BINARY_UNDERPRICED:3436562 best_market_ids=3436562 context_ms=1 strategy_ms=29 signal_apply_ms=0 elapsed_ms=31
2026-08-10 11:53:04,812 INFO predmarket.app - catalog_cleanup_cycle_completed deleted_versions=0 deleted_journal_rows=0 remaining_versions=0 remaining_journal_rows=0
2026-08-10 11:53:06,795 WARNING predmarket.watch.task - watch_exchange_clock_skew_warning generation=1 token_id=100533687727497443541369483933299762930731780669782590957570011016994709318185 exchange_timestamp=1786333973938 received_timestamp=1786333974073 exchange_clock_skew_ms=-135 exchange_clock_skew_warning_ms=100 evaluation_continues=true
2026-08-10 11:53:08,338 INFO predmarket.watch.task - watch_evaluation_abort_summary window_aborted=19 reason_counts=dependency_revision_changed:19 stage_counts=after_strategy:9,before_strategy:10 evaluation_requests=9931 evaluation_batches=2906 evaluation_coalesced=12608 pending_tokens=2 last_completed_summary_age_ms=5927 maximum_evaluation_elapsed_ms=48 sample_reason=dependency_revision_changed sample_stage=before_strategy sample_token_ids=66039412137422263793232701847037621719749583556397561524186419779218110197445,89259899221978607135411083251486607745742303680444668623532638818495689360551 sample_expected_revisions=66039412137422263793232701847037621719749583556397561524186419779218110197445:261,89259899221978607135411083251486607745742303680444668623532638818495689360551:261 sample_actual_revisions=66039412137422263793232701847037621719749583556397561524186419779218110197445:265,89259899221978607135411083251486607745742303680444668623532638818495689360551:265
2026-08-10 11:53:08,657 INFO predmarket.watch.task - watch_catalog_refresh_started markets=50 concurrency=10 trigger=periodic
2026-08-10 11:53:10,373 INFO predmarket.polymarket.gateway - market_stream_pump_progress generation=1 sdk_events_total=10275 sdk_events_delta=119 sdk_rate_per_second=11.9 mapped_delta=119 ignored_delta=0 mapping_ms_per_event=0.044 handoff_wait_ms_per_event=0.002 handoff_queue_size=1 handoff_queue_capacity=4096
2026-08-10 11:53:10,374 INFO predmarket.polymarket.gateway - market_stream_consumer_progress generation=1 events_total=10104 events_delta=119 rate_per_second=11.9 queue_size=0 queue_capacity=65536 queue_utilization_pct=0.0 handle_dropped=0 manager_dropped=0
2026-08-10 11:53:11,482 INFO predmarket.watch.task - watch_price_change_progress messages=9859 messages_delta=113 entries_per_message=2.00 book_levels_per_message=194.7 parse_ms_per_message=0.014 cache_ms_per_message=0.321 queue_ms_per_message=0.003
2026-08-10 11:53:11,482 INFO predmarket.watch.task - watch_stream_handler_progress messages=10110 messages_delta=115 rate_per_second=10.5 event_counts=best_bid_ask:2,price_change:113 event_ms_per_message=best_bid_ask:0.005,price_change:0.389
2026-08-10 11:53:27,778 INFO predmarket.polymarket.gateway - market_stream_pump_progress generation=1 sdk_events_total=10312 sdk_events_delta=37 sdk_rate_per_second=2.1 mapped_delta=37 ignored_delta=0 mapping_ms_per_event=0.022 handoff_wait_ms_per_event=0.001 handoff_queue_size=1 handoff_queue_capacity=4096
2026-08-10 11:53:27,782 INFO predmarket.polymarket.gateway - market_stream_consumer_progress generation=1 events_total=10141 events_delta=37 rate_per_second=2.1 queue_size=0 queue_capacity=65536 queue_utilization_pct=0.0 handle_dropped=0 manager_dropped=0
2026-08-10 11:53:27,783 INFO predmarket.watch.task - watch_price_change_progress messages=9890 messages_delta=31 entries_per_message=2.00 book_levels_per_message=195.5 parse_ms_per_message=0.008 cache_ms_per_message=0.189 queue_ms_per_message=0.002
2026-08-10 11:53:27,783 INFO predmarket.watch.task - watch_stream_handler_progress messages=10141 messages_delta=31 rate_per_second=1.9 event_counts=price_change:31 event_ms_per_message=price_change:0.227
2026-08-10 11:53:27,787 INFO predmarket.watch.task - watch_evaluation_queue_progress requests=10000 pending_tokens=4 coalesced_tokens=12704 generation=1
2026-08-10 11:53:27,921 WARNING predmarket.watch.task - watch_exchange_clock_skew_warning generation=1 token_id=32304585129990501496846553031781263181529256239933895327906232990274808751176 exchange_timestamp=1786333999004 received_timestamp=1786334007780 exchange_clock_skew_ms=-8776 exchange_clock_skew_warning_ms=100 evaluation_continues=true
2026-08-10 11:53:28,036 INFO predmarket.watch.task - watch_evaluation_summary generation=1 tokens=24 generated_targets=48 targets=24 deduplicated_targets=24 persisted_signals=0 market_time=1786334007747 stream_silence_age_ms=0 decisions=ABSENT.PROFIT_BELOW_THRESHOLD:8,NOT_EVALUABLE.ORDERBOOK_STALE.orderbook_stale:16 maximum_exchange_clock_skew_ms=-8776 exchange_clock_skew_warning_ms=100 maximum_exchange_clock_skew_token_id=32304585129990501496846553031781263181529256239933895327906232990274808751176 exchange_timestamp=1786333999004 received_timestamp=1786334007780 best_return_rate=-0.04536338 required_return_rate=0.00750000 best_opportunity_key=BINARY_UNDERPRICED:3436719 best_market_ids=3436719 context_ms=10 strategy_ms=113 signal_apply_ms=0 elapsed_ms=124
2026-08-10 11:53:28,169 INFO predmarket.watch.task - watch_catalog_refresh_completed requested=50 succeeded=50 failed=0 elapsed_ms=19511 trigger=periodic
2026-08-10 11:53:28,264 INFO predmarket.app - strategy_catalog_snapshot_prepared events=18562 markets=138082 tokens=276164 elapsed_ms=94
2026-08-10 11:53:28,273 INFO predmarket.watch.task - watch_market_metadata_refresh_cycle_completed markets=50 snapshot_source=memory context_prepared=True elapsed_ms=19615
2026-08-10 11:53:28,660 INFO predmarket.app - catalog_cleanup_cycle_completed deleted_versions=0 deleted_journal_rows=150 remaining_versions=0 remaining_journal_rows=0
2026-08-10 11:53:29,336 INFO predmarket.watch.task - watch_evaluation_abort_summary window_aborted=7 reason_counts=dependency_revision_changed:7 stage_counts=after_strategy:2,before_strategy:5 evaluation_requests=10276 evaluation_batches=2929 evaluation_coalesced=13228 pending_tokens=2 last_completed_summary_age_ms=1300 maximum_evaluation_elapsed_ms=45 sample_reason=dependency_revision_changed sample_stage=before_strategy sample_token_ids=66039412137422263793232701847037621719749583556397561524186419779218110197445,89259899221978607135411083251486607745742303680444668623532638818495689360551 sample_expected_revisions=66039412137422263793232701847037621719749583556397561524186419779218110197445:472,89259899221978607135411083251486607745742303680444668623532638818495689360551:472 sample_actual_revisions=66039412137422263793232701847037621719749583556397561524186419779218110197445:473,89259899221978607135411083251486607745742303680444668623532638818495689360551:473
2026-08-10 11:53:31,336 INFO predmarket.watch.task - watch_stream_progress messages=10451 event_type=price_change generation=1 cache_state=VALID
2026-08-10 11:53:38,134 INFO predmarket.polymarket.gateway - market_stream_pump_progress generation=1 sdk_events_total=10777 sdk_events_delta=465 sdk_rate_per_second=44.9 mapped_delta=464 ignored_delta=1 mapping_ms_per_event=0.025 handoff_wait_ms_per_event=0.001 handoff_queue_size=1 handoff_queue_capacity=4096
2026-08-10 11:53:38,135 INFO predmarket.polymarket.gateway - market_stream_consumer_progress generation=1 events_total=10605 events_delta=464 rate_per_second=44.8 queue_size=0 queue_capacity=65536 queue_utilization_pct=0.0 handle_dropped=0 manager_dropped=0
2026-08-10 11:53:38,135 INFO predmarket.watch.task - watch_price_change_progress messages=10350 messages_delta=460 entries_per_message=2.00 book_levels_per_message=194.1 parse_ms_per_message=0.009 cache_ms_per_message=0.236 queue_ms_per_message=0.002
2026-08-10 11:53:38,136 INFO predmarket.watch.task - watch_stream_handler_progress messages=10605 messages_delta=464 rate_per_second=44.8 event_counts=best_bid_ask:4,price_change:460 event_ms_per_message=best_bid_ask:0.003,price_change:0.278
2026-08-10 11:53:38,141 WARNING predmarket.watch.task - watch_exchange_clock_skew_warning generation=1 token_id=32304585129990501496846553031781263181529256239933895327906232990274808751176 exchange_timestamp=1786333999004 received_timestamp=1786334007780 exchange_clock_skew_ms=-8776 exchange_clock_skew_warning_ms=100 evaluation_continues=true
2026-08-10 11:53:38,175 INFO predmarket.watch.task - watch_evaluation_summary generation=1 tokens=2 generated_targets=4 targets=2 deduplicated_targets=2 persisted_signals=0 market_time=1786334018164 stream_silence_age_ms=1 decisions=ABSENT.PROFIT_BELOW_THRESHOLD:2 maximum_exchange_clock_skew_ms=-8776 exchange_clock_skew_warning_ms=100 maximum_exchange_clock_skew_token_id=32304585129990501496846553031781263181529256239933895327906232990274808751176 exchange_timestamp=1786333999004 received_timestamp=1786334007780 best_return_rate=-0.04536338 required_return_rate=0.00750000 best_opportunity_key=BINARY_UNDERPRICED:3436723 best_market_ids=3436723 context_ms=4 strategy_ms=34 signal_apply_ms=0 elapsed_ms=38
2026-08-10 11:53:39,038 INFO predmarket.app - catalog_cleanup_cycle_completed deleted_versions=0 deleted_journal_rows=0 remaining_versions=0 remaining_journal_rows=0
2026-08-10 11:53:41,335 INFO predmarket.watch.task - watch_evaluation_abort_summary window_aborted=27 reason_counts=dependency_revision_changed:27 stage_counts=after_strategy:13,before_strategy:14 evaluation_requests=10509 evaluation_batches=2997 evaluation_coalesced=13556 pending_tokens=2 last_completed_summary_age_ms=3159 maximum_evaluation_elapsed_ms=49 sample_reason=dependency_revision_changed sample_stage=before_strategy sample_token_ids=66039412137422263793232701847037621719749583556397561524186419779218110197445,89259899221978607135411083251486607745742303680444668623532638818495689360551 sample_expected_revisions=66039412137422263793232701847037621719749583556397561524186419779218110197445:593,89259899221978607135411083251486607745742303680444668623532638818495689360551:593 sample_actual_revisions=66039412137422263793232701847037621719749583556397561524186419779218110197445:596,89259899221978607135411083251486607745742303680444668623532638818495689360551:596
2026-08-10 11:53:42,381 INFO predmarket.watch.task - watch_evaluation_batch_completed batch=3000 tokens=4 pending_tokens=2 generation=1 elapsed_ms=38
2026-08-10 11:53:48,480 INFO predmarket.polymarket.gateway - market_stream_pump_progress generation=1 sdk_events_total=10923 sdk_events_delta=146 sdk_rate_per_second=14.1 mapped_delta=142 ignored_delta=4 mapping_ms_per_event=0.044 handoff_wait_ms_per_event=0.002 handoff_queue_size=1 handoff_queue_capacity=4096
2026-08-10 11:53:48,482 INFO predmarket.polymarket.gateway - market_stream_consumer_progress generation=1 events_total=10747 events_delta=142 rate_per_second=13.7 queue_size=0 queue_capacity=65536 queue_utilization_pct=0.0 handle_dropped=0 manager_dropped=0
2026-08-10 11:53:48,484 INFO predmarket.watch.task - watch_price_change_progress messages=10490 messages_delta=140 entries_per_message=2.00 book_levels_per_message=194.2 parse_ms_per_message=0.014 cache_ms_per_message=0.340 queue_ms_per_message=0.003
2026-08-10 11:53:48,484 INFO predmarket.watch.task - watch_stream_handler_progress messages=10747 messages_delta=142 rate_per_second=13.7 event_counts=best_bid_ask:2,price_change:140 event_ms_per_message=best_bid_ask:0.005,price_change:0.411
2026-08-10 11:53:48,501 WARNING predmarket.watch.task - watch_exchange_clock_skew_warning generation=1 token_id=32304585129990501496846553031781263181529256239933895327906232990274808751176 exchange_timestamp=1786333999004 received_timestamp=1786334007780 exchange_clock_skew_ms=-8776 exchange_clock_skew_warning_ms=100 evaluation_continues=true
2026-08-10 11:53:48,543 INFO predmarket.watch.task - watch_evaluation_summary generation=1 tokens=2 generated_targets=4 targets=2 deduplicated_targets=2 persisted_signals=0 market_time=1786334028383 stream_silence_age_ms=0 decisions=ABSENT.PROFIT_BELOW_THRESHOLD:2 maximum_exchange_clock_skew_ms=-8776 exchange_clock_skew_warning_ms=100 maximum_exchange_clock_skew_token_id=32304585129990501496846553031781263181529256239933895327906232990274808751176 exchange_timestamp=1786333999004 received_timestamp=1786334007780 best_return_rate=-0.04536338 required_return_rate=0.00750000 best_opportunity_key=BINARY_UNDERPRICED:3436562 best_market_ids=3436562 context_ms=4 strategy_ms=41 signal_apply_ms=0 elapsed_ms=46
2026-08-10 11:53:49,448 INFO predmarket.app - catalog_cleanup_cycle_completed deleted_versions=0 deleted_journal_rows=0 remaining_versions=0 remaining_journal_rows=0
2026-08-10 11:53:52,337 INFO predmarket.watch.task - watch_evaluation_abort_summary window_aborted=15 reason_counts=dependency_revision_changed:15 stage_counts=after_strategy:6,before_strategy:9 evaluation_requests=10651 evaluation_batches=3036 evaluation_coalesced=13736 pending_tokens=2 last_completed_summary_age_ms=3794 maximum_evaluation_elapsed_ms=45 sample_reason=dependency_revision_changed sample_stage=before_strategy sample_token_ids=66039412137422263793232701847037621719749583556397561524186419779218110197445,89259899221978607135411083251486607745742303680444668623532638818495689360551 sample_expected_revisions=66039412137422263793232701847037621719749583556397561524186419779218110197445:702,89259899221978607135411083251486607745742303680444668623532638818495689360551:702 sample_actual_revisions=66039412137422263793232701847037621719749583556397561524186419779218110197445:706,89259899221978607135411083251486607745742303680444668623532638818495689360551:706
2026-08-10 11:53:59,026 INFO predmarket.polymarket.gateway - market_stream_pump_progress generation=1 sdk_events_total=11083 sdk_events_delta=160 sdk_rate_per_second=15.2 mapped_delta=157 ignored_delta=3 mapping_ms_per_event=0.042 handoff_wait_ms_per_event=0.002 handoff_queue_size=1 handoff_queue_capacity=4096
2026-08-10 11:53:59,027 INFO predmarket.polymarket.gateway - market_stream_consumer_progress generation=1 events_total=10904 events_delta=157 rate_per_second=14.9 queue_size=0 queue_capacity=65536 queue_utilization_pct=0.0 handle_dropped=0 manager_dropped=0
2026-08-10 11:53:59,028 INFO predmarket.watch.task - watch_price_change_progress messages=10643 messages_delta=153 entries_per_message=2.00 book_levels_per_message=196.5 parse_ms_per_message=0.013 cache_ms_per_message=0.302 queue_ms_per_message=0.003
2026-08-10 11:53:59,028 INFO predmarket.watch.task - watch_stream_handler_progress messages=10904 messages_delta=157 rate_per_second=14.9 event_counts=best_bid_ask:4,price_change:153 event_ms_per_message=best_bid_ask:0.010,price_change:0.364
2026-08-10 11:53:59,034 WARNING predmarket.watch.task - watch_exchange_clock_skew_warning generation=1 token_id=32304585129990501496846553031781263181529256239933895327906232990274808751176 exchange_timestamp=1786333999004 received_timestamp=1786334007780 exchange_clock_skew_ms=-8776 exchange_clock_skew_warning_ms=100 evaluation_continues=true
2026-08-10 11:53:59,068 INFO predmarket.watch.task - watch_evaluation_summary generation=1 tokens=2 generated_targets=4 targets=2 deduplicated_targets=2 persisted_signals=0 market_time=1786334039028 stream_silence_age_ms=1 decisions=ABSENT.PROFIT_BELOW_THRESHOLD:2 maximum_exchange_clock_skew_ms=-8776 exchange_clock_skew_warning_ms=100 maximum_exchange_clock_skew_token_id=32304585129990501496846553031781263181529256239933895327906232990274808751176 exchange_timestamp=1786333999004 received_timestamp=1786334007780 best_return_rate=-0.04536338 required_return_rate=0.00750000 best_opportunity_key=BINARY_UNDERPRICED:3436723 best_market_ids=3436723 context_ms=3 strategy_ms=33 signal_apply_ms=0 elapsed_ms=37
2026-08-10 11:53:59,823 INFO predmarket.app - catalog_cleanup_cycle_completed deleted_versions=0 deleted_journal_rows=0 remaining_versions=0 remaining_journal_rows=0
2026-08-10 11:54:01,324 INFO predmarket.watch.task - watch_stream_progress messages=11000 event_type=price_change generation=1 cache_state=VALID
2026-08-10 11:54:01,561 INFO predmarket.watch.task - watch_evaluation_queue_progress requests=11000 pending_tokens=8 coalesced_tokens=14272 generation=1
2026-08-10 11:54:02,391 INFO predmarket.watch.task - watch_evaluation_abort_summary window_aborted=31 reason_counts=dependency_revision_changed:31 stage_counts=after_strategy:15,before_strategy:16 evaluation_requests=11081 evaluation_batches=3101 evaluation_coalesced=14426 pending_tokens=2 last_completed_summary_age_ms=3324 maximum_evaluation_elapsed_ms=96 sample_reason=dependency_revision_changed sample_stage=after_strategy sample_token_ids=66039412137422263793232701847037621719749583556397561524186419779218110197445,89259899221978607135411083251486607745742303680444668623532638818495689360551 sample_expected_revisions=66039412137422263793232701847037621719749583556397561524186419779218110197445:805,89259899221978607135411083251486607745742303680444668623532638818495689360551:805 sample_actual_revisions=66039412137422263793232701847037621719749583556397561524186419779218110197445:809,89259899221978607135411083251486607745742303680444668623532638818495689360551:809
2026-08-10 11:54:09,370 INFO predmarket.polymarket.gateway - market_stream_pump_progress generation=1 sdk_events_total=11501 sdk_events_delta=418 sdk_rate_per_second=40.4 mapped_delta=415 ignored_delta=3 mapping_ms_per_event=0.024 handoff_wait_ms_per_event=0.001 handoff_queue_size=1 handoff_queue_capacity=4096
2026-08-10 11:54:09,372 INFO predmarket.polymarket.gateway - market_stream_consumer_progress generation=1 events_total=11319 events_delta=415 rate_per_second=40.1 queue_size=0 queue_capacity=65536 queue_utilization_pct=0.0 handle_dropped=0 manager_dropped=0
2026-08-10 11:54:09,373 INFO predmarket.watch.task - watch_price_change_progress messages=11054 messages_delta=411 entries_per_message=2.00 book_levels_per_message=195.1 parse_ms_per_message=0.009 cache_ms_per_message=0.230 queue_ms_per_message=0.002
2026-08-10 11:54:09,373 INFO predmarket.watch.task - watch_stream_handler_progress messages=11319 messages_delta=415 rate_per_second=40.1 event_counts=best_bid_ask:4,price_change:411 event_ms_per_message=best_bid_ask:0.006,price_change:0.270
2026-08-10 11:54:09,387 WARNING predmarket.watch.task - watch_exchange_clock_skew_warning generation=1 token_id=32304585129990501496846553031781263181529256239933895327906232990274808751176 exchange_timestamp=1786333999004 received_timestamp=1786334007780 exchange_clock_skew_ms=-8776 exchange_clock_skew_warning_ms=100 evaluation_continues=true
2026-08-10 11:54:09,427 INFO predmarket.watch.task - watch_evaluation_summary generation=1 tokens=2 generated_targets=4 targets=2 deduplicated_targets=2 persisted_signals=0 market_time=1786334049377 stream_silence_age_ms=0 decisions=ABSENT.PROFIT_BELOW_THRESHOLD:2 maximum_exchange_clock_skew_ms=-8776 exchange_clock_skew_warning_ms=100 maximum_exchange_clock_skew_token_id=32304585129990501496846553031781263181529256239933895327906232990274808751176 exchange_timestamp=1786333999004 received_timestamp=1786334007780 best_return_rate=-0.04536338 required_return_rate=0.00750000 best_opportunity_key=BINARY_UNDERPRICED:3436562 best_market_ids=3436562 context_ms=3 strategy_ms=39 signal_apply_ms=0 elapsed_ms=43
2026-08-10 11:54:10,201 INFO predmarket.app - catalog_cleanup_cycle_completed deleted_versions=0 deleted_journal_rows=0 remaining_versions=0 remaining_journal_rows=0
2026-08-10 11:54:14,355 INFO predmarket.watch.task - watch_evaluation_abort_summary window_aborted=16 reason_counts=dependency_revision_changed:16 stage_counts=after_strategy:7,before_strategy:9 evaluation_requests=11241 evaluation_batches=3146 evaluation_coalesced=14652 pending_tokens=2 last_completed_summary_age_ms=4927 maximum_evaluation_elapsed_ms=48 sample_reason=dependency_revision_changed sample_stage=before_strategy sample_token_ids=66039412137422263793232701847037621719749583556397561524186419779218110197445,89259899221978607135411083251486607745742303680444668623532638818495689360551 sample_expected_revisions=66039412137422263793232701847037621719749583556397561524186419779218110197445:933,89259899221978607135411083251486607745742303680444668623532638818495689360551:933 sample_actual_revisions=66039412137422263793232701847037621719749583556397561524186419779218110197445:937,89259899221978607135411083251486607745742303680444668623532638818495689360551:937
2026-08-10 11:54:19,405 INFO predmarket.polymarket.gateway - market_stream_pump_progress generation=1 sdk_events_total=11636 sdk_events_delta=135 sdk_rate_per_second=13.5 mapped_delta=131 ignored_delta=4 mapping_ms_per_event=0.044 handoff_wait_ms_per_event=0.002 handoff_queue_size=1 handoff_queue_capacity=4096
2026-08-10 11:54:19,406 INFO predmarket.polymarket.gateway - market_stream_consumer_progress generation=1 events_total=11450 events_delta=131 rate_per_second=13.1 queue_size=0 queue_capacity=65536 queue_utilization_pct=0.0 handle_dropped=0 manager_dropped=0
2026-08-10 11:54:19,407 INFO predmarket.watch.task - watch_price_change_progress messages=11185 messages_delta=131 entries_per_message=2.00 book_levels_per_message=197.0 parse_ms_per_message=0.014 cache_ms_per_message=0.343 queue_ms_per_message=0.003
2026-08-10 11:54:19,407 INFO predmarket.watch.task - watch_stream_handler_progress messages=11450 messages_delta=131 rate_per_second=13.1 event_counts=price_change:131 event_ms_per_message=price_change:0.410
2026-08-10 11:54:19,421 WARNING predmarket.watch.task - watch_exchange_clock_skew_warning generation=1 token_id=32304585129990501496846553031781263181529256239933895327906232990274808751176 exchange_timestamp=1786333999004 received_timestamp=1786334007780 exchange_clock_skew_ms=-8776 exchange_clock_skew_warning_ms=100 evaluation_continues=true
2026-08-10 11:54:19,460 INFO predmarket.watch.task - watch_evaluation_summary generation=1 tokens=2 generated_targets=4 targets=2 deduplicated_targets=2 persisted_signals=0 market_time=1786334059376 stream_silence_age_ms=0 decisions=ABSENT.PROFIT_BELOW_THRESHOLD:2 maximum_exchange_clock_skew_ms=-8776 exchange_clock_skew_warning_ms=100 maximum_exchange_clock_skew_token_id=32304585129990501496846553031781263181529256239933895327906232990274808751176 exchange_timestamp=1786333999004 received_timestamp=1786334007780 best_return_rate=-0.04536338 required_return_rate=0.00750000 best_opportunity_key=BINARY_UNDERPRICED:3436562 best_market_ids=3436562 context_ms=3 strategy_ms=38 signal_apply_ms=0 elapsed_ms=42
2026-08-10 11:54:20,581 INFO predmarket.app - catalog_cleanup_cycle_completed deleted_versions=0 deleted_journal_rows=0 remaining_versions=0 remaining_journal_rows=0
2026-08-10 11:54:26,209 INFO predmarket.watch.task - watch_evaluation_abort_summary window_aborted=17 reason_counts=dependency_revision_changed:17 stage_counts=after_strategy:7,before_strategy:10 evaluation_requests=11449 evaluation_batches=3190 evaluation_coalesced=14934 pending_tokens=10 last_completed_summary_age_ms=6750 maximum_evaluation_elapsed_ms=130 sample_reason=dependency_revision_changed sample_stage=after_strategy sample_token_ids=41819099635206806421678839889216601721599587298342595817800398742697034385981,7123601298568756724480355527346245891227193022488122134384346684378750789964 sample_expected_revisions=41819099635206806421678839889216601721599587298342595817800398742697034385981:120,7123601298568756724480355527346245891227193022488122134384346684378750789964:120 sample_actual_revisions=41819099635206806421678839889216601721599587298342595817800398742697034385981:133,7123601298568756724480355527346245891227193022488122134384346684378750789964:133
2026-08-10 11:54:29,543 INFO predmarket.polymarket.gateway - market_stream_pump_progress generation=1 sdk_events_total=11900 sdk_events_delta=264 sdk_rate_per_second=26.0 mapped_delta=263 ignored_delta=1 mapping_ms_per_event=0.027 handoff_wait_ms_per_event=0.001 handoff_queue_size=1 handoff_queue_capacity=4096
2026-08-10 11:54:29,544 INFO predmarket.polymarket.gateway - market_stream_consumer_progress generation=1 events_total=11713 events_delta=263 rate_per_second=25.9 queue_size=0 queue_capacity=65536 queue_utilization_pct=0.0 handle_dropped=0 manager_dropped=0
2026-08-10 11:54:29,545 INFO predmarket.watch.task - watch_price_change_progress messages=11438 messages_delta=253 entries_per_message=2.00 book_levels_per_message=192.4 parse_ms_per_message=0.010 cache_ms_per_message=0.247 queue_ms_per_message=0.002
2026-08-10 11:54:29,545 INFO predmarket.watch.task - watch_stream_handler_progress messages=11713 messages_delta=263 rate_per_second=25.9 event_counts=best_bid_ask:10,price_change:253 event_ms_per_message=best_bid_ask:0.003,price_change:0.295
2026-08-10 11:54:29,559 WARNING predmarket.watch.task - watch_exchange_clock_skew_warning generation=1 token_id=32304585129990501496846553031781263181529256239933895327906232990274808751176 exchange_timestamp=1786333999004 received_timestamp=1786334007780 exchange_clock_skew_ms=-8776 exchange_clock_skew_warning_ms=100 evaluation_continues=true
2026-08-10 11:54:29,597 INFO predmarket.watch.task - watch_evaluation_summary generation=1 tokens=2 generated_targets=4 targets=2 deduplicated_targets=2 persisted_signals=0 market_time=1786334069381 stream_silence_age_ms=1 decisions=ABSENT.PROFIT_BELOW_THRESHOLD:2 maximum_exchange_clock_skew_ms=-8776 exchange_clock_skew_warning_ms=100 maximum_exchange_clock_skew_token_id=32304585129990501496846553031781263181529256239933895327906232990274808751176 exchange_timestamp=1786333999004 received_timestamp=1786334007780 best_return_rate=-0.04536338 required_return_rate=0.00750000 best_opportunity_key=BINARY_UNDERPRICED:3436562 best_market_ids=3436562 context_ms=3 strategy_ms=37 signal_apply_ms=0 elapsed_ms=41
2026-08-10 11:54:30,941 INFO predmarket.app - catalog_cleanup_cycle_completed deleted_versions=0 deleted_journal_rows=0 remaining_versions=0 remaining_journal_rows=0
2026-08-10 11:54:31,387 INFO predmarket.watch.task - watch_stream_progress messages=11736 event_type=price_change generation=1 cache_state=VALID
2026-08-10 11:54:38,402 INFO predmarket.watch.task - watch_evaluation_abort_summary window_aborted=13 reason_counts=dependency_revision_changed:13 stage_counts=after_strategy:6,before_strategy:7 evaluation_requests=11657 evaluation_batches=3231 evaluation_coalesced=15244 pending_tokens=2 last_completed_summary_age_ms=8806 maximum_evaluation_elapsed_ms=45 sample_reason=dependency_revision_changed sample_stage=after_strategy sample_token_ids=66039412137422263793232701847037621719749583556397561524186419779218110197445,89259899221978607135411083251486607745742303680444668623532638818495689360551 sample_expected_revisions=66039412137422263793232701847037621719749583556397561524186419779218110197445:1173,89259899221978607135411083251486607745742303680444668623532638818495689360551:1173 sample_actual_revisions=66039412137422263793232701847037621719749583556397561524186419779218110197445:1177,89259899221978607135411083251486607745742303680444668623532638818495689360551:1177
2026-08-10 11:54:40,200 INFO predmarket.polymarket.gateway - market_stream_pump_progress generation=1 sdk_events_total=12033 sdk_events_delta=133 sdk_rate_per_second=12.5 mapped_delta=133 ignored_delta=0 mapping_ms_per_event=0.050 handoff_wait_ms_per_event=0.002 handoff_queue_size=1 handoff_queue_capacity=4096
2026-08-10 11:54:40,201 INFO predmarket.polymarket.gateway - market_stream_consumer_progress generation=1 events_total=11846 events_delta=133 rate_per_second=12.5 queue_size=0 queue_capacity=65536 queue_utilization_pct=0.0 handle_dropped=0 manager_dropped=0
2026-08-10 11:54:40,202 INFO predmarket.watch.task - watch_stream_handler_progress messages=11846 messages_delta=133 rate_per_second=12.5 event_counts=best_bid_ask:1,price_change:132 event_ms_per_message=best_bid_ask:0.017,price_change:0.464
2026-08-10 11:54:40,204 INFO predmarket.watch.task - watch_price_change_progress messages=11571 messages_delta=133 entries_per_message=2.00 book_levels_per_message=196.4 parse_ms_per_message=0.016 cache_ms_per_message=0.386 queue_ms_per_message=0.003
2026-08-10 11:54:40,211 WARNING predmarket.watch.task - watch_exchange_clock_skew_warning generation=1 token_id=32304585129990501496846553031781263181529256239933895327906232990274808751176 exchange_timestamp=1786333999004 received_timestamp=1786334007780 exchange_clock_skew_ms=-8776 exchange_clock_skew_warning_ms=100 evaluation_continues=true
2026-08-10 11:54:40,244 INFO predmarket.watch.task - watch_evaluation_summary generation=1 tokens=2 generated_targets=4 targets=2 deduplicated_targets=2 persisted_signals=0 market_time=1786334080198 stream_silence_age_ms=1 decisions=ABSENT.PROFIT_BELOW_THRESHOLD:2 maximum_exchange_clock_skew_ms=-8776 exchange_clock_skew_warning_ms=100 maximum_exchange_clock_skew_token_id=32304585129990501496846553031781263181529256239933895327906232990274808751176 exchange_timestamp=1786333999004 received_timestamp=1786334007780 best_return_rate=-0.04533786 required_return_rate=0.00750000 best_opportunity_key=BINARY_UNDERPRICED:3436115 best_market_ids=3436115 context_ms=3 strategy_ms=33 signal_apply_ms=0 elapsed_ms=37
2026-08-10 11:54:41,323 INFO predmarket.app - catalog_cleanup_cycle_completed deleted_versions=0 deleted_journal_rows=0 remaining_versions=0 remaining_journal_rows=0
2026-08-10 11:54:45,365 INFO predmarket.watch.task - watch_stream_progress messages=12000 event_type=price_change generation=1 cache_state=VALID
2026-08-10 11:54:50,335 INFO predmarket.polymarket.gateway - market_stream_pump_progress generation=1 sdk_events_total=12268 sdk_events_delta=235 sdk_rate_per_second=23.2 mapped_delta=235 ignored_delta=0 mapping_ms_per_event=0.034 handoff_wait_ms_per_event=0.001 handoff_queue_size=1 handoff_queue_capacity=4096
2026-08-10 11:54:50,336 INFO predmarket.polymarket.gateway - market_stream_consumer_progress generation=1 events_total=12081 events_delta=235 rate_per_second=23.2 queue_size=0 queue_capacity=65536 queue_utilization_pct=0.0 handle_dropped=0 manager_dropped=0
2026-08-10 11:54:50,337 INFO predmarket.watch.task - watch_price_change_progress messages=11804 messages_delta=233 entries_per_message=2.00 book_levels_per_message=188.1 parse_ms_per_message=0.011 cache_ms_per_message=0.273 queue_ms_per_message=0.002
2026-08-10 11:54:50,338 INFO predmarket.watch.task - watch_stream_handler_progress messages=12081 messages_delta=235 rate_per_second=23.2 event_counts=best_bid_ask:1,price_change:234 event_ms_per_message=best_bid_ask:0.006,price_change:0.329
2026-08-10 11:54:50,357 WARNING predmarket.watch.task - watch_exchange_clock_skew_warning generation=1 token_id=32304585129990501496846553031781263181529256239933895327906232990274808751176 exchange_timestamp=1786333999004 received_timestamp=1786334007780 exchange_clock_skew_ms=-8776 exchange_clock_skew_warning_ms=100 evaluation_continues=true
2026-08-10 11:54:50,394 INFO predmarket.watch.task - watch_evaluation_summary generation=1 tokens=2 generated_targets=4 targets=2 deduplicated_targets=2 persisted_signals=0 market_time=1786334090381 stream_silence_age_ms=2 decisions=ABSENT.PROFIT_BELOW_THRESHOLD:2 maximum_exchange_clock_skew_ms=-8776 exchange_clock_skew_warning_ms=100 maximum_exchange_clock_skew_token_id=32304585129990501496846553031781263181529256239933895327906232990274808751176 exchange_timestamp=1786333999004 received_timestamp=1786334007780 best_return_rate=-0.04536338 required_return_rate=0.00750000 best_opportunity_key=BINARY_UNDERPRICED:3436562 best_market_ids=3436562 context_ms=2 strategy_ms=37 signal_apply_ms=0 elapsed_ms=40
2026-08-10 11:54:51,358 INFO predmarket.watch.task - watch_evaluation_abort_summary window_aborted=15 reason_counts=dependency_revision_changed:15 stage_counts=after_strategy:7,before_strategy:8 evaluation_requests=11958 evaluation_batches=3288 evaluation_coalesced=15666 pending_tokens=2 last_completed_summary_age_ms=964 maximum_evaluation_elapsed_ms=75 sample_reason=dependency_revision_changed sample_stage=after_strategy sample_token_ids=66039412137422263793232701847037621719749583556397561524186419779218110197445,89259899221978607135411083251486607745742303680444668623532638818495689360551 sample_expected_revisions=66039412137422263793232701847037621719749583556397561524186419779218110197445:1300,89259899221978607135411083251486607745742303680444668623532638818495689360551:1300 sample_actual_revisions=66039412137422263793232701847037621719749583556397561524186419779218110197445:1305,89259899221978607135411083251486607745742303680444668623532638818495689360551:1305
2026-08-10 11:54:51,727 INFO predmarket.app - catalog_cleanup_cycle_completed deleted_versions=0 deleted_journal_rows=0 remaining_versions=0 remaining_journal_rows=0
2026-08-10 11:54:53,369 INFO predmarket.watch.task - watch_evaluation_queue_progress requests=12000 pending_tokens=2 coalesced_tokens=15712 generation=1
2026-08-10 11:55:00,348 INFO predmarket.polymarket.gateway - market_stream_pump_progress generation=1 sdk_events_total=12477 sdk_events_delta=209 sdk_rate_per_second=20.9 mapped_delta=209 ignored_delta=0 mapping_ms_per_event=0.037 handoff_wait_ms_per_event=0.002 handoff_queue_size=1 handoff_queue_capacity=4096
2026-08-10 11:55:00,349 INFO predmarket.polymarket.gateway - market_stream_consumer_progress generation=1 events_total=12290 events_delta=209 rate_per_second=20.9 queue_size=0 queue_capacity=65536 queue_utilization_pct=0.0 handle_dropped=0 manager_dropped=0
2026-08-10 11:55:00,349 INFO predmarket.watch.task - watch_price_change_progress messages=12013 messages_delta=209 entries_per_message=2.00 book_levels_per_message=184.3 parse_ms_per_message=0.012 cache_ms_per_message=0.276 queue_ms_per_message=0.004
2026-08-10 11:55:00,349 INFO predmarket.watch.task - watch_stream_handler_progress messages=12290 messages_delta=209 rate_per_second=20.9 event_counts=price_change:209 event_ms_per_message=price_change:0.333
2026-08-10 11:55:00,356 WARNING predmarket.watch.task - watch_exchange_clock_skew_warning generation=1 token_id=4331526763713857491268580299746388775956424860347585238269644477637145082479 exchange_timestamp=1786334000004 received_timestamp=1786334007780 exchange_clock_skew_ms=-7776 exchange_clock_skew_warning_ms=100 evaluation_continues=true
2026-08-10 11:55:00,405 INFO predmarket.watch.task - watch_evaluation_summary generation=1 tokens=4 generated_targets=8 targets=4 deduplicated_targets=4 persisted_signals=0 market_time=1786334100380 stream_silence_age_ms=2 decisions=ABSENT.PROFIT_BELOW_THRESHOLD:4 maximum_exchange_clock_skew_ms=-7776 exchange_clock_skew_warning_ms=100 maximum_exchange_clock_skew_token_id=4331526763713857491268580299746388775956424860347585238269644477637145082479 exchange_timestamp=1786334000004 received_timestamp=1786334007780 best_return_rate=-0.04536338 required_return_rate=0.00750000 best_opportunity_key=BINARY_UNDERPRICED:3436562 best_market_ids=3436562 context_ms=1 strategy_ms=47 signal_apply_ms=0 elapsed_ms=49
2026-08-10 11:55:01,380 INFO predmarket.watch.task - watch_evaluation_abort_summary window_aborted=26 reason_counts=dependency_revision_changed:26 stage_counts=after_strategy:8,before_strategy:18 evaluation_requests=12183 evaluation_batches=3366 evaluation_coalesced=15942 pending_tokens=2 last_completed_summary_age_ms=975 maximum_evaluation_elapsed_ms=47 sample_reason=dependency_revision_changed sample_stage=before_strategy sample_token_ids=66039412137422263793232701847037621719749583556397561524186419779218110197445,89259899221978607135411083251486607745742303680444668623532638818495689360551 sample_expected_revisions=66039412137422263793232701847037621719749583556397561524186419779218110197445:1404,89259899221978607135411083251486607745742303680444668623532638818495689360551:1404 sample_actual_revisions=66039412137422263793232701847037621719749583556397561524186419779218110197445:1408,89259899221978607135411083251486607745742303680444668623532638818495689360551:1408
2026-08-10 11:55:02,213 INFO predmarket.app - catalog_cleanup_cycle_completed deleted_versions=0 deleted_journal_rows=0 remaining_versions=0 remaining_journal_rows=0
2026-08-10 11:55:10,357 INFO predmarket.polymarket.gateway - market_stream_pump_progress generation=1 sdk_events_total=12794 sdk_events_delta=317 sdk_rate_per_second=31.7 mapped_delta=317 ignored_delta=0 mapping_ms_per_event=0.031 handoff_wait_ms_per_event=0.001 handoff_queue_size=1 handoff_queue_capacity=4096
2026-08-10 11:55:10,366 INFO predmarket.polymarket.gateway - market_stream_consumer_progress generation=1 events_total=12607 events_delta=317 rate_per_second=31.6 queue_size=0 queue_capacity=65536 queue_utilization_pct=0.0 handle_dropped=0 manager_dropped=0
2026-08-10 11:55:10,367 INFO predmarket.watch.task - watch_price_change_progress messages=12328 messages_delta=315 entries_per_message=2.00 book_levels_per_message=190.4 parse_ms_per_message=0.010 cache_ms_per_message=0.236 queue_ms_per_message=0.002
2026-08-10 11:55:10,367 INFO predmarket.watch.task - watch_stream_handler_progress messages=12607 messages_delta=317 rate_per_second=31.6 event_counts=best_bid_ask:2,price_change:315 event_ms_per_message=best_bid_ask:0.003,price_change:0.280
2026-08-10 11:55:10,371 WARNING predmarket.watch.task - watch_exchange_clock_skew_warning generation=1 token_id=4331526763713857491268580299746388775956424860347585238269644477637145082479 exchange_timestamp=1786334000004 received_timestamp=1786334007780 exchange_clock_skew_ms=-7776 exchange_clock_skew_warning_ms=100 evaluation_continues=true
2026-08-10 11:55:10,429 INFO predmarket.watch.task - watch_evaluation_summary generation=1 tokens=2 generated_targets=4 targets=2 deduplicated_targets=2 persisted_signals=0 market_time=1786334110381 stream_silence_age_ms=0 decisions=ABSENT.PROFIT_BELOW_THRESHOLD:2 maximum_exchange_clock_skew_ms=-7776 exchange_clock_skew_warning_ms=100 maximum_exchange_clock_skew_token_id=4331526763713857491268580299746388775956424860347585238269644477637145082479 exchange_timestamp=1786334000004 received_timestamp=1786334007780 best_return_rate=-0.04536338 required_return_rate=0.00750000 best_opportunity_key=BINARY_UNDERPRICED:3436562 best_market_ids=3436562 context_ms=1 strategy_ms=27 signal_apply_ms=0 elapsed_ms=29
2026-08-10 11:55:11,887 INFO predmarket.watch.task - watch_evaluation_abort_summary window_aborted=28 reason_counts=dependency_revision_changed:28 stage_counts=after_strategy:17,before_strategy:11 evaluation_requests=12452 evaluation_batches=3464 evaluation_coalesced=16232 pending_tokens=2 last_completed_summary_age_ms=1458 maximum_evaluation_elapsed_ms=55 sample_reason=dependency_revision_changed sample_stage=before_strategy sample_token_ids=13820701531397334086290643182250143372372789902776114737213543203387949106844,76547637350891244111903445543396255498470989453196531094154182632629684354217 sample_expected_revisions=13820701531397334086290643182250143372372789902776114737213543203387949106844:97,76547637350891244111903445543396255498470989453196531094154182632629684354217:97 sample_actual_revisions=13820701531397334086290643182250143372372789902776114737213543203387949106844:98,76547637350891244111903445543396255498470989453196531094154182632629684354217:98
2026-08-10 11:55:12,599 INFO predmarket.app - catalog_cleanup_cycle_completed deleted_versions=0 deleted_journal_rows=0 remaining_versions=0 remaining_journal_rows=0
2026-08-10 11:55:15,418 INFO predmarket.watch.task - watch_stream_progress messages=12705 event_type=price_change generation=1 cache_state=VALID
2026-08-10 11:55:20,357 INFO predmarket.polymarket.gateway - market_stream_pump_progress generation=1 sdk_events_total=12964 sdk_events_delta=170 sdk_rate_per_second=17.0 mapped_delta=170 ignored_delta=0 mapping_ms_per_event=0.043 handoff_wait_ms_per_event=0.004 handoff_queue_size=1 handoff_queue_capacity=4096
2026-08-10 11:55:20,374 INFO predmarket.polymarket.gateway - market_stream_consumer_progress generation=1 events_total=12777 events_delta=170 rate_per_second=17.0 queue_size=1 queue_capacity=65536 queue_utilization_pct=0.0 handle_dropped=0 manager_dropped=0
2026-08-10 11:55:20,375 INFO predmarket.watch.task - watch_price_change_progress messages=12494 messages_delta=166 entries_per_message=2.00 book_levels_per_message=190.8 parse_ms_per_message=0.013 cache_ms_per_message=0.301 queue_ms_per_message=0.003
2026-08-10 11:55:20,375 INFO predmarket.watch.task - watch_stream_handler_progress messages=12777 messages_delta=170 rate_per_second=17.0 event_counts=best_bid_ask:4,price_change:166 event_ms_per_message=best_bid_ask:0.007,price_change:0.366
2026-08-10 11:55:20,380 WARNING predmarket.watch.task - watch_exchange_clock_skew_warning generation=1 token_id=4331526763713857491268580299746388775956424860347585238269644477637145082479 exchange_timestamp=1786334000004 received_timestamp=1786334007780 exchange_clock_skew_ms=-7776 exchange_clock_skew_warning_ms=100 evaluation_continues=true
2026-08-10 11:55:20,657 INFO predmarket.watch.task - watch_evaluation_summary generation=1 tokens=2 generated_targets=4 targets=2 deduplicated_targets=2 persisted_signals=0 market_time=1786334120655 stream_silence_age_ms=0 decisions=ABSENT.PROFIT_BELOW_THRESHOLD:2 maximum_exchange_clock_skew_ms=-7776 exchange_clock_skew_warning_ms=100 maximum_exchange_clock_skew_token_id=4331526763713857491268580299746388775956424860347585238269644477637145082479 exchange_timestamp=1786334000004 received_timestamp=1786334007780 best_return_rate=-0.04536338 required_return_rate=0.00750000 best_opportunity_key=BINARY_UNDERPRICED:3436723 best_market_ids=3436723 context_ms=2 strategy_ms=31 signal_apply_ms=0 elapsed_ms=34
2026-08-10 11:55:22,973 INFO predmarket.app - catalog_cleanup_cycle_completed deleted_versions=0 deleted_journal_rows=0 remaining_versions=0 remaining_journal_rows=0
2026-08-10 11:55:22,998 INFO predmarket.watch.task - watch_evaluation_abort_summary window_aborted=20 reason_counts=dependency_revision_changed:20 stage_counts=after_strategy:8,before_strategy:12 evaluation_requests=12629 evaluation_batches=3524 evaluation_coalesced=16462 pending_tokens=2 last_completed_summary_age_ms=2341 maximum_evaluation_elapsed_ms=60 sample_reason=dependency_revision_changed sample_stage=after_strategy sample_token_ids=50940646408963453238635113892643295795715943123124267182415357448530392214022,66484835772642281574260105084083260613874850000865828870340716696170084116122 sample_expected_revisions=50940646408963453238635113892643295795715943123124267182415357448530392214022:1259,66484835772642281574260105084083260613874850000865828870340716696170084116122:1259 sample_actual_revisions=50940646408963453238635113892643295795715943123124267182415357448530392214022:1261,66484835772642281574260105084083260613874850000865828870340716696170084116122:1261
2026-08-10 11:55:30,368 INFO predmarket.polymarket.gateway - market_stream_pump_progress generation=1 sdk_events_total=13112 sdk_events_delta=148 sdk_rate_per_second=14.8 mapped_delta=148 ignored_delta=0 mapping_ms_per_event=0.050 handoff_wait_ms_per_event=0.002 handoff_queue_size=1 handoff_queue_capacity=4096
2026-08-10 11:55:30,488 INFO predmarket.polymarket.gateway - market_stream_consumer_progress generation=1 events_total=12936 events_delta=159 rate_per_second=15.7 queue_size=0 queue_capacity=65536 queue_utilization_pct=0.0 handle_dropped=0 manager_dropped=0
2026-08-10 11:55:30,488 INFO predmarket.watch.task - watch_price_change_progress messages=12646 messages_delta=152 entries_per_message=2.00 book_levels_per_message=193.7 parse_ms_per_message=0.014 cache_ms_per_message=0.329 queue_ms_per_message=0.003
2026-08-10 11:55:30,489 INFO predmarket.watch.task - watch_stream_handler_progress messages=12936 messages_delta=159 rate_per_second=15.7 event_counts=best_bid_ask:4,book:2,last_trade_price:1,price_change:152 event_ms_per_message=best_bid_ask:0.006,book:0.655,last_trade_price:0.007,price_change:0.395
2026-08-10 11:55:30,491 WARNING predmarket.watch.task - watch_exchange_clock_skew_warning generation=1 token_id=4331526763713857491268580299746388775956424860347585238269644477637145082479 exchange_timestamp=1786334000004 received_timestamp=1786334007780 exchange_clock_skew_ms=-7776 exchange_clock_skew_warning_ms=100 evaluation_continues=true
2026-08-10 11:55:30,885 INFO predmarket.watch.task - watch_evaluation_summary generation=1 tokens=2 generated_targets=4 targets=2 deduplicated_targets=2 persisted_signals=0 market_time=1786334130847 stream_silence_age_ms=0 decisions=ABSENT.PROFIT_BELOW_THRESHOLD:2 maximum_exchange_clock_skew_ms=-7776 exchange_clock_skew_warning_ms=100 maximum_exchange_clock_skew_token_id=4331526763713857491268580299746388775956424860347585238269644477637145082479 exchange_timestamp=1786334000004 received_timestamp=1786334007780 best_return_rate=-0.05440750 required_return_rate=0.00750000 best_opportunity_key=BINARY_UNDERPRICED:3436837 best_market_ids=3436837 context_ms=1 strategy_ms=20 signal_apply_ms=0 elapsed_ms=22
2026-08-10 11:55:33,421 INFO predmarket.app - catalog_cleanup_cycle_completed deleted_versions=0 deleted_journal_rows=0 remaining_versions=0 remaining_journal_rows=0
2026-08-10 11:55:34,358 INFO predmarket.watch.task - watch_evaluation_abort_summary window_aborted=8 reason_counts=dependency_revision_changed:8 stage_counts=after_strategy:3,before_strategy:5 evaluation_requests=12813 evaluation_batches=3578 evaluation_coalesced=16708 pending_tokens=2 last_completed_summary_age_ms=3473 maximum_evaluation_elapsed_ms=45 sample_reason=dependency_revision_changed sample_stage=after_strategy sample_token_ids=66039412137422263793232701847037621719749583556397561524186419779218110197445,89259899221978607135411083251486607745742303680444668623532638818495689360551 sample_expected_revisions=66039412137422263793232701847037621719749583556397561524186419779218110197445:1734,89259899221978607135411083251486607745742303680444668623532638818495689360551:1734 sample_actual_revisions=66039412137422263793232701847037621719749583556397561524186419779218110197445:1737,89259899221978607135411083251486607745742303680444668623532638818495689360551:1737
2026-08-10 11:55:34,388 INFO predmarket.watch.task - watch_stream_progress messages=13000 event_type=price_change generation=1 cache_state=VALID
2026-08-10 11:55:40,401 INFO predmarket.polymarket.gateway - market_stream_pump_progress generation=1 sdk_events_total=13335 sdk_events_delta=223 sdk_rate_per_second=22.2 mapped_delta=223 ignored_delta=0 mapping_ms_per_event=0.036 handoff_wait_ms_per_event=0.002 handoff_queue_size=1 handoff_queue_capacity=4096
2026-08-10 11:55:40,491 INFO predmarket.polymarket.gateway - market_stream_consumer_progress generation=1 events_total=13170 events_delta=234 rate_per_second=23.4 queue_size=2 queue_capacity=65536 queue_utilization_pct=0.0 handle_dropped=0 manager_dropped=0
2026-08-10 11:55:40,491 INFO predmarket.watch.task - watch_price_change_progress messages=12875 messages_delta=229 entries_per_message=2.00 book_levels_per_message=193.7 parse_ms_per_message=0.011 cache_ms_per_message=0.253 queue_ms_per_message=0.002
2026-08-10 11:55:40,491 INFO predmarket.watch.task - watch_stream_handler_progress messages=13170 messages_delta=234 rate_per_second=23.4 event_counts=best_bid_ask:2,book:2,last_trade_price:1,price_change:229 event_ms_per_message=best_bid_ask:0.005,book:0.572,last_trade_price:0.004,price_change:0.305
2026-08-10 11:55:40,497 WARNING predmarket.watch.task - watch_exchange_clock_skew_warning generation=1 token_id=4331526763713857491268580299746388775956424860347585238269644477637145082479 exchange_timestamp=1786334000004 received_timestamp=1786334007780 exchange_clock_skew_ms=-7776 exchange_clock_skew_warning_ms=100 evaluation_continues=true
2026-08-10 11:55:40,636 INFO predmarket.watch.task - watch_evaluation_queue_progress requests=13000 pending_tokens=2 coalesced_tokens=16972 generation=1
2026-08-10 11:55:40,922 INFO predmarket.watch.task - watch_evaluation_summary generation=1 tokens=2 generated_targets=4 targets=2 deduplicated_targets=2 persisted_signals=0 market_time=1786334140930 stream_silence_age_ms=0 decisions=ABSENT.PROFIT_BELOW_THRESHOLD:2 maximum_exchange_clock_skew_ms=-7776 exchange_clock_skew_warning_ms=100 maximum_exchange_clock_skew_token_id=4331526763713857491268580299746388775956424860347585238269644477637145082479 exchange_timestamp=1786334000004 received_timestamp=1786334007780 best_return_rate=-0.04536338 required_return_rate=0.00750000 best_opportunity_key=BINARY_UNDERPRICED:3436720 best_market_ids=3436720 context_ms=2 strategy_ms=21 signal_apply_ms=0 elapsed_ms=23
2026-08-10 11:55:43,809 INFO predmarket.app - catalog_cleanup_cycle_completed deleted_versions=0 deleted_journal_rows=0 remaining_versions=0 remaining_journal_rows=0
2026-08-10 11:55:45,438 INFO predmarket.watch.task - watch_evaluation_abort_summary window_aborted=18 reason_counts=dependency_revision_changed:18 stage_counts=after_strategy:7,before_strategy:11 evaluation_requests=13107 evaluation_batches=3656 evaluation_coalesced=17092 pending_tokens=4 last_completed_summary_age_ms=4517 maximum_evaluation_elapsed_ms=40 sample_reason=dependency_revision_changed sample_stage=before_strategy sample_token_ids=66039412137422263793232701847037621719749583556397561524186419779218110197445,89259899221978607135411083251486607745742303680444668623532638818495689360551 sample_expected_revisions=66039412137422263793232701847037621719749583556397561524186419779218110197445:1845,89259899221978607135411083251486607745742303680444668623532638818495689360551:1845 sample_actual_revisions=66039412137422263793232701847037621719749583556397561524186419779218110197445:1852,89259899221978607135411083251486607745742303680444668623532638818495689360551:1852
2026-08-10 11:55:50,438 INFO predmarket.polymarket.gateway - market_stream_pump_progress generation=1 sdk_events_total=13559 sdk_events_delta=224 sdk_rate_per_second=22.3 mapped_delta=224 ignored_delta=0 mapping_ms_per_event=0.036 handoff_wait_ms_per_event=0.002 handoff_queue_size=1 handoff_queue_capacity=4096
2026-08-10 11:55:50,491 INFO predmarket.polymarket.gateway - market_stream_consumer_progress generation=1 events_total=13384 events_delta=214 rate_per_second=21.4 queue_size=0 queue_capacity=65536 queue_utilization_pct=0.0 handle_dropped=0 manager_dropped=0
2026-08-10 11:55:50,492 INFO predmarket.watch.task - watch_price_change_progress messages=13087 messages_delta=212 entries_per_message=2.00 book_levels_per_message=193.3 parse_ms_per_message=0.012 cache_ms_per_message=0.288 queue_ms_per_message=0.003
2026-08-10 11:55:50,492 INFO predmarket.watch.task - watch_stream_handler_progress messages=13384 messages_delta=214 rate_per_second=21.4 event_counts=best_bid_ask:2,price_change:212 event_ms_per_message=best_bid_ask:0.003,price_change:0.346
2026-08-10 11:55:50,533 WARNING predmarket.watch.task - watch_exchange_clock_skew_warning generation=1 token_id=4331526763713857491268580299746388775956424860347585238269644477637145082479 exchange_timestamp=1786334000004 received_timestamp=1786334007780 exchange_clock_skew_ms=-7776 exchange_clock_skew_warning_ms=100 evaluation_continues=true
2026-08-10 11:55:50,986 INFO predmarket.watch.task - watch_evaluation_summary generation=1 tokens=2 generated_targets=4 targets=2 deduplicated_targets=2 persisted_signals=0 market_time=1786334150956 stream_silence_age_ms=0 decisions=ABSENT.PROFIT_BELOW_THRESHOLD:2 maximum_exchange_clock_skew_ms=-7776 exchange_clock_skew_warning_ms=100 maximum_exchange_clock_skew_token_id=4331526763713857491268580299746388775956424860347585238269644477637145082479 exchange_timestamp=1786334000004 received_timestamp=1786334007780 best_return_rate=-0.05440750 required_return_rate=0.00750000 best_opportunity_key=BINARY_UNDERPRICED:3436195 best_market_ids=3436195 context_ms=3 strategy_ms=32 signal_apply_ms=0 elapsed_ms=35
2026-08-10 11:55:54,193 INFO predmarket.app - catalog_cleanup_cycle_completed deleted_versions=0 deleted_journal_rows=0 remaining_versions=0 remaining_journal_rows=0
2026-08-10 11:55:58,272 INFO predmarket.watch.task - watch_catalog_refresh_started markets=50 concurrency=10 trigger=periodic
2026-08-10 11:55:59,358 INFO predmarket.watch.task - watch_evaluation_abort_summary window_aborted=13 reason_counts=dependency_revision_changed:13 stage_counts=after_strategy:5,before_strategy:8 evaluation_requests=13394 evaluation_batches=3740 evaluation_coalesced=17471 pending_tokens=2 last_completed_summary_age_ms=8372 maximum_evaluation_elapsed_ms=193 sample_reason=dependency_revision_changed sample_stage=after_strategy sample_token_ids=66039412137422263793232701847037621719749583556397561524186419779218110197445,89259899221978607135411083251486607745742303680444668623532638818495689360551 sample_expected_revisions=66039412137422263793232701847037621719749583556397561524186419779218110197445:1983,89259899221978607135411083251486607745742303680444668623532638818495689360551:1983 sample_actual_revisions=66039412137422263793232701847037621719749583556397561524186419779218110197445:1987,89259899221978607135411083251486607745742303680444668623532638818495689360551:1987
2026-08-10 11:56:00,492 INFO predmarket.polymarket.gateway - market_stream_pump_progress generation=1 sdk_events_total=13796 sdk_events_delta=237 sdk_rate_per_second=23.6 mapped_delta=237 ignored_delta=0 mapping_ms_per_event=0.035 handoff_wait_ms_per_event=0.001 handoff_queue_size=1 handoff_queue_capacity=4096
2026-08-10 11:56:00,493 INFO predmarket.polymarket.gateway - market_stream_consumer_progress generation=1 events_total=13609 events_delta=225 rate_per_second=22.5 queue_size=0 queue_capacity=65536 queue_utilization_pct=0.0 handle_dropped=0 manager_dropped=0
2026-08-10 11:56:00,493 INFO predmarket.watch.task - watch_price_change_progress messages=13307 messages_delta=220 entries_per_message=2.00 book_levels_per_message=193.6 parse_ms_per_message=0.011 cache_ms_per_message=0.263 queue_ms_per_message=0.002
2026-08-10 11:56:00,493 INFO predmarket.watch.task - watch_stream_handler_progress messages=13609 messages_delta=225 rate_per_second=22.5 event_counts=best_bid_ask:2,book:2,last_trade_price:1,price_change:220 event_ms_per_message=best_bid_ask:0.004,book:0.354,last_trade_price:0.007,price_change:0.314
2026-08-10 11:56:00,705 WARNING predmarket.watch.task - watch_exchange_clock_skew_warning generation=1 token_id=4331526763713857491268580299746388775956424860347585238269644477637145082479 exchange_timestamp=1786334000004 received_timestamp=1786334007780 exchange_clock_skew_ms=-7776 exchange_clock_skew_warning_ms=100 evaluation_continues=true
2026-08-10 11:56:01,692 INFO predmarket.watch.task - watch_evaluation_summary generation=1 tokens=4 generated_targets=8 targets=4 deduplicated_targets=4 persisted_signals=0 market_time=1786334161634 stream_silence_age_ms=1 decisions=ABSENT.PROFIT_BELOW_THRESHOLD:4 maximum_exchange_clock_skew_ms=-7776 exchange_clock_skew_warning_ms=100 maximum_exchange_clock_skew_token_id=4331526763713857491268580299746388775956424860347585238269644477637145082479 exchange_timestamp=1786334000004 received_timestamp=1786334007780 best_return_rate=-0.04533786 required_return_rate=0.00750000 best_opportunity_key=BINARY_UNDERPRICED:3436115 best_market_ids=3436115 context_ms=2 strategy_ms=50 signal_apply_ms=0 elapsed_ms=53
2026-08-10 11:56:16,743 INFO predmarket.polymarket.gateway - market_stream_pump_progress generation=1 sdk_events_total=13825 sdk_events_delta=29 sdk_rate_per_second=1.8 mapped_delta=29 ignored_delta=0 mapping_ms_per_event=0.019 handoff_wait_ms_per_event=0.001 handoff_queue_size=1 handoff_queue_capacity=4096
2026-08-10 11:56:16,749 INFO predmarket.polymarket.gateway - market_stream_consumer_progress generation=1 events_total=13638 events_delta=29 rate_per_second=1.8 queue_size=0 queue_capacity=65536 queue_utilization_pct=0.0 handle_dropped=0 manager_dropped=0
2026-08-10 11:56:16,749 INFO predmarket.watch.task - watch_stream_progress messages=13638 event_type=best_bid_ask generation=1 cache_state=VALID
2026-08-10 11:56:16,749 INFO predmarket.watch.task - watch_stream_handler_progress messages=13638 messages_delta=29 rate_per_second=1.8 event_counts=best_bid_ask:1,price_change:28 event_ms_per_message=best_bid_ask:0.101,price_change:0.217
2026-08-10 11:56:16,750 INFO predmarket.watch.task - watch_price_change_progress messages=13336 messages_delta=29 entries_per_message=2.00 book_levels_per_message=196.6 parse_ms_per_message=0.007 cache_ms_per_message=0.186 queue_ms_per_message=0.001
2026-08-10 11:56:16,909 WARNING predmarket.watch.task - watch_exchange_clock_skew_warning generation=1 token_id=100533687727497443541369483933299762930731780669782590957570011016994709318185 exchange_timestamp=1786334163067 received_timestamp=1786334176744 exchange_clock_skew_ms=-13677 exchange_clock_skew_warning_ms=100 evaluation_continues=true
2026-08-10 11:56:16,912 INFO predmarket.watch.task - watch_evaluation_abort_summary window_aborted=4 reason_counts=dependency_revision_changed:4 stage_counts=after_strategy:2,before_strategy:2 evaluation_requests=13727 evaluation_batches=3750 evaluation_coalesced=18073 pending_tokens=2 last_completed_summary_age_ms=15220 maximum_evaluation_elapsed_ms=87 sample_reason=dependency_revision_changed sample_stage=before_strategy sample_token_ids=103334236795797026078477997677682513197925115556799542846934786688262914991018,27820640816627586381845578568325790757745518207683547080762990022118065099347 sample_expected_revisions=103334236795797026078477997677682513197925115556799542846934786688262914991018:147,27820640816627586381845578568325790757745518207683547080762990022118065099347:147 sample_actual_revisions=103334236795797026078477997677682513197925115556799542846934786688262914991018:148,27820640816627586381845578568325790757745518207683547080762990022118065099347:148
2026-08-10 11:56:16,937 INFO predmarket.watch.task - watch_evaluation_summary generation=1 tokens=2 generated_targets=4 targets=2 deduplicated_targets=2 persisted_signals=0 market_time=1786334176777 stream_silence_age_ms=8 decisions=ABSENT.PROFIT_BELOW_THRESHOLD:2 maximum_exchange_clock_skew_ms=-13677 exchange_clock_skew_warning_ms=100 maximum_exchange_clock_skew_token_id=100533687727497443541369483933299762930731780669782590957570011016994709318185 exchange_timestamp=1786334163067 received_timestamp=1786334176744 best_return_rate=-0.04536338 required_return_rate=0.00750000 best_opportunity_key=BINARY_UNDERPRICED:3436199 best_market_ids=3436199 context_ms=3 strategy_ms=21 signal_apply_ms=0 elapsed_ms=25
2026-08-10 11:56:17,069 INFO predmarket.watch.task - watch_catalog_refresh_completed requested=50 succeeded=50 failed=0 elapsed_ms=18797 trigger=periodic
2026-08-10 11:56:17,161 INFO predmarket.app - strategy_catalog_snapshot_prepared events=18562 markets=138082 tokens=276164 elapsed_ms=91
2026-08-10 11:56:17,169 INFO predmarket.watch.task - watch_market_metadata_refresh_cycle_completed markets=50 snapshot_source=memory context_prepared=True elapsed_ms=18896
2026-08-10 11:56:17,583 INFO predmarket.app - catalog_cleanup_cycle_completed deleted_versions=0 deleted_journal_rows=150 remaining_versions=0 remaining_journal_rows=0
2026-08-10 11:56:20,400 INFO predmarket.watch.task - watch_stream_progress messages=14000 event_type=price_change generation=1 cache_state=VALID
2026-08-10 11:56:26,753 INFO predmarket.polymarket.gateway - market_stream_pump_progress generation=1 sdk_events_total=14317 sdk_events_delta=492 sdk_rate_per_second=49.1 mapped_delta=492 ignored_delta=0 mapping_ms_per_event=0.027 handoff_wait_ms_per_event=0.001 handoff_queue_size=1 handoff_queue_capacity=4096
2026-08-10 11:56:26,755 INFO predmarket.polymarket.gateway - market_stream_consumer_progress generation=1 events_total=14130 events_delta=492 rate_per_second=49.2 queue_size=0 queue_capacity=65536 queue_utilization_pct=0.0 handle_dropped=0 manager_dropped=0
2026-08-10 11:56:26,757 INFO predmarket.watch.task - watch_price_change_progress messages=13798 messages_delta=462 entries_per_message=2.00 book_levels_per_message=193.5 parse_ms_per_message=0.009 cache_ms_per_message=0.234 queue_ms_per_message=0.002
2026-08-10 11:56:26,757 INFO predmarket.watch.task - watch_stream_handler_progress messages=14130 messages_delta=492 rate_per_second=49.2 event_counts=best_bid_ask:11,book:12,last_trade_price:6,price_change:463 event_ms_per_message=best_bid_ask:0.003,book:0.359,last_trade_price:0.003,price_change:0.275
2026-08-10 11:56:27,061 WARNING predmarket.watch.task - watch_exchange_clock_skew_warning generation=1 token_id=25245913298754954080113862998342384723319981253261233745889938663440853708067 exchange_timestamp=1786334163532 received_timestamp=1786334176744 exchange_clock_skew_ms=-13212 exchange_clock_skew_warning_ms=100 evaluation_continues=true
2026-08-10 11:56:27,267 INFO predmarket.watch.task - watch_evaluation_summary generation=1 tokens=2 generated_targets=4 targets=2 deduplicated_targets=2 persisted_signals=0 market_time=1786334187085 stream_silence_age_ms=0 decisions=ABSENT.PROFIT_BELOW_THRESHOLD:2 maximum_exchange_clock_skew_ms=-13212 exchange_clock_skew_warning_ms=100 maximum_exchange_clock_skew_token_id=25245913298754954080113862998342384723319981253261233745889938663440853708067 exchange_timestamp=1786334163532 received_timestamp=1786334176744 best_return_rate=-0.05440750 required_return_rate=0.00750000 best_opportunity_key=BINARY_UNDERPRICED:3436195 best_market_ids=3436195 context_ms=4 strategy_ms=205 signal_apply_ms=0 elapsed_ms=209
2026-08-10 11:56:27,366 INFO predmarket.watch.task - watch_evaluation_abort_summary window_aborted=12 reason_counts=dependency_revision_changed:12 stage_counts=after_strategy:7,before_strategy:5 evaluation_requests=13922 evaluation_batches=3798 evaluation_coalesced=18354 pending_tokens=2 last_completed_summary_age_ms=99 maximum_evaluation_elapsed_ms=136 sample_reason=dependency_revision_changed sample_stage=after_strategy sample_token_ids=66039412137422263793232701847037621719749583556397561524186419779218110197445,89259899221978607135411083251486607745742303680444668623532638818495689360551 sample_expected_revisions=66039412137422263793232701847037621719749583556397561524186419779218110197445:2281,89259899221978607135411083251486607745742303680444668623532638818495689360551:2281 sample_actual_revisions=66039412137422263793232701847037621719749583556397561524186419779218110197445:2285,89259899221978607135411083251486607745742303680444668623532638818495689360551:2285
2026-08-10 11:56:27,952 INFO predmarket.app - catalog_cleanup_cycle_completed deleted_versions=0 deleted_journal_rows=0 remaining_versions=0 remaining_journal_rows=0
2026-08-10 11:56:33,752 INFO predmarket.watch.task - watch_evaluation_queue_progress requests=14000 pending_tokens=2 coalesced_tokens=18456 generation=1
2026-08-10 11:56:36,973 INFO predmarket.polymarket.gateway - market_stream_pump_progress generation=1 sdk_events_total=14502 sdk_events_delta=185 sdk_rate_per_second=18.1 mapped_delta=185 ignored_delta=0 mapping_ms_per_event=0.056 handoff_wait_ms_per_event=0.002 handoff_queue_size=1 handoff_queue_capacity=4096
2026-08-10 11:56:36,975 INFO predmarket.polymarket.gateway - market_stream_consumer_progress generation=1 events_total=14315 events_delta=185 rate_per_second=18.1 queue_size=0 queue_capacity=65536 queue_utilization_pct=0.0 handle_dropped=0 manager_dropped=0
2026-08-10 11:56:36,976 INFO predmarket.watch.task - watch_price_change_progress messages=13939 messages_delta=141 entries_per_message=2.00 book_levels_per_message=193.4 parse_ms_per_message=0.014 cache_ms_per_message=0.299 queue_ms_per_message=0.006
2026-08-10 11:56:36,976 INFO predmarket.watch.task - watch_stream_handler_progress messages=14315 messages_delta=185 rate_per_second=18.1 event_counts=best_bid_ask:20,book:16,last_trade_price:8,price_change:141 event_ms_per_message=best_bid_ask:0.006,book:0.476,last_trade_price:0.005,price_change:0.366
2026-08-10 11:56:37,115 WARNING predmarket.watch.task - watch_exchange_clock_skew_warning generation=1 token_id=25245913298754954080113862998342384723319981253261233745889938663440853708067 exchange_timestamp=1786334163532 received_timestamp=1786334176744 exchange_clock_skew_ms=-13212 exchange_clock_skew_warning_ms=100 evaluation_continues=true
2026-08-10 11:56:37,396 INFO predmarket.watch.task - watch_evaluation_summary generation=1 tokens=2 generated_targets=4 targets=2 deduplicated_targets=2 persisted_signals=0 market_time=1786334197362 stream_silence_age_ms=1 decisions=ABSENT.PROFIT_BELOW_THRESHOLD:2 maximum_exchange_clock_skew_ms=-13212 exchange_clock_skew_warning_ms=100 maximum_exchange_clock_skew_token_id=25245913298754954080113862998342384723319981253261233745889938663440853708067 exchange_timestamp=1786334163532 received_timestamp=1786334176744 best_return_rate=-0.04536338 required_return_rate=0.00750000 best_opportunity_key=BINARY_UNDERPRICED:3436562 best_market_ids=3436562 context_ms=2 strategy_ms=28 signal_apply_ms=0 elapsed_ms=30
2026-08-10 11:56:37,499 INFO predmarket.watch.task - watch_evaluation_abort_summary window_aborted=22 reason_counts=dependency_revision_changed:22 stage_counts=after_strategy:10,before_strategy:12 evaluation_requests=14078 evaluation_batches=3858 evaluation_coalesced=18530 pending_tokens=2 last_completed_summary_age_ms=104 maximum_evaluation_elapsed_ms=50 sample_reason=dependency_revision_changed sample_stage=before_strategy sample_token_ids=66039412137422263793232701847037621719749583556397561524186419779218110197445,89259899221978607135411083251486607745742303680444668623532638818495689360551 sample_expected_revisions=66039412137422263793232701847037621719749583556397561524186419779218110197445:2382,89259899221978607135411083251486607745742303680444668623532638818495689360551:2382 sample_actual_revisions=66039412137422263793232701847037621719749583556397561524186419779218110197445:2386,89259899221978607135411083251486607745742303680444668623532638818495689360551:2386
2026-08-10 11:56:38,371 INFO predmarket.app - catalog_cleanup_cycle_completed deleted_versions=0 deleted_journal_rows=0 remaining_versions=0 remaining_journal_rows=0
2026-08-10 11:56:47,326 INFO predmarket.polymarket.gateway - market_stream_pump_progress generation=1 sdk_events_total=14787 sdk_events_delta=285 sdk_rate_per_second=27.5 mapped_delta=285 ignored_delta=0 mapping_ms_per_event=0.046 handoff_wait_ms_per_event=0.002 handoff_queue_size=1 handoff_queue_capacity=4096
2026-08-10 11:56:47,327 INFO predmarket.polymarket.gateway - market_stream_consumer_progress generation=1 events_total=14600 events_delta=285 rate_per_second=27.5 queue_size=0 queue_capacity=65536 queue_utilization_pct=0.0 handle_dropped=0 manager_dropped=0
2026-08-10 11:56:47,328 INFO predmarket.watch.task - watch_price_change_progress messages=14177 messages_delta=238 entries_per_message=2.00 book_levels_per_message=192.2 parse_ms_per_message=0.012 cache_ms_per_message=0.301 queue_ms_per_message=0.003
2026-08-10 11:56:47,328 INFO predmarket.watch.task - watch_stream_handler_progress messages=14600 messages_delta=285 rate_per_second=27.5 event_counts=best_bid_ask:20,book:18,last_trade_price:9,price_change:238 event_ms_per_message=best_bid_ask:0.005,book:0.438,last_trade_price:0.004,price_change:0.359
2026-08-10 11:56:47,338 WARNING predmarket.watch.task - watch_exchange_clock_skew_warning generation=1 token_id=1253128253592677151483231206398309093002149448959706479551732232519278377783 exchange_timestamp=1786334165001 received_timestamp=1786334176745 exchange_clock_skew_ms=-11744 exchange_clock_skew_warning_ms=100 evaluation_continues=true
2026-08-10 11:56:47,413 INFO predmarket.watch.task - watch_evaluation_summary generation=1 tokens=2 generated_targets=4 targets=2 deduplicated_targets=2 persisted_signals=0 market_time=1786334207376 stream_silence_age_ms=1 decisions=ABSENT.PROFIT_BELOW_THRESHOLD:2 maximum_exchange_clock_skew_ms=-11744 exchange_clock_skew_warning_ms=100 maximum_exchange_clock_skew_token_id=1253128253592677151483231206398309093002149448959706479551732232519278377783 exchange_timestamp=1786334165001 received_timestamp=1786334176745 best_return_rate=-0.04536338 required_return_rate=0.00750000 best_opportunity_key=BINARY_UNDERPRICED:3436562 best_market_ids=3436562 context_ms=2 strategy_ms=29 signal_apply_ms=0 elapsed_ms=31
2026-08-10 11:56:48,346 INFO predmarket.watch.task - watch_evaluation_abort_summary window_aborted=14 reason_counts=dependency_revision_changed:14 stage_counts=after_strategy:6,before_strategy:8 evaluation_requests=14318 evaluation_batches=3927 evaluation_coalesced=18846 pending_tokens=2 last_completed_summary_age_ms=932 maximum_evaluation_elapsed_ms=47 sample_reason=dependency_revision_changed sample_stage=before_strategy sample_token_ids=66039412137422263793232701847037621719749583556397561524186419779218110197445,89259899221978607135411083251486607745742303680444668623532638818495689360551 sample_expected_revisions=66039412137422263793232701847037621719749583556397561524186419779218110197445:2491,89259899221978607135411083251486607745742303680444668623532638818495689360551:2491 sample_actual_revisions=66039412137422263793232701847037621719749583556397561524186419779218110197445:2493,89259899221978607135411083251486607745742303680444668623532638818495689360551:2493
2026-08-10 11:56:48,795 INFO predmarket.app - catalog_cleanup_cycle_completed deleted_versions=0 deleted_journal_rows=0 remaining_versions=0 remaining_journal_rows=0
2026-08-10 11:56:50,426 INFO predmarket.watch.task - watch_stream_progress messages=14663 event_type=price_change generation=1 cache_state=VALID
2026-08-10 11:56:57,345 INFO predmarket.polymarket.gateway - market_stream_pump_progress generation=1 sdk_events_total=14929 sdk_events_delta=142 sdk_rate_per_second=14.2 mapped_delta=142 ignored_delta=0 mapping_ms_per_event=0.051 handoff_wait_ms_per_event=0.002 handoff_queue_size=1 handoff_queue_capacity=4096
2026-08-10 11:56:57,361 INFO predmarket.polymarket.gateway - market_stream_consumer_progress generation=1 events_total=14742 events_delta=142 rate_per_second=14.2 queue_size=0 queue_capacity=65536 queue_utilization_pct=0.0 handle_dropped=0 manager_dropped=0
2026-08-10 11:56:57,361 INFO predmarket.watch.task - watch_price_change_progress messages=14305 messages_delta=128 entries_per_message=2.00 book_levels_per_message=191.0 parse_ms_per_message=0.014 cache_ms_per_message=0.334 queue_ms_per_message=0.003
2026-08-10 11:56:57,361 INFO predmarket.watch.task - watch_stream_handler_progress messages=14742 messages_delta=142 rate_per_second=14.2 event_counts=best_bid_ask:8,book:4,last_trade_price:2,price_change:128 event_ms_per_message=best_bid_ask:0.008,book:0.654,last_trade_price:0.005,price_change:0.405
2026-08-10 11:56:57,369 WARNING predmarket.watch.task - watch_exchange_clock_skew_warning generation=1 token_id=111825663867439444541881565772497422041111823242977631679044936843336687436641 exchange_timestamp=1786334165002 received_timestamp=1786334176745 exchange_clock_skew_ms=-11743 exchange_clock_skew_warning_ms=100 evaluation_continues=true
2026-08-10 11:56:57,857 INFO predmarket.watch.task - watch_evaluation_summary generation=1 tokens=2 generated_targets=4 targets=2 deduplicated_targets=2 persisted_signals=0 market_time=1786334217827 stream_silence_age_ms=1 decisions=ABSENT.PROFIT_BELOW_THRESHOLD:2 maximum_exchange_clock_skew_ms=-11743 exchange_clock_skew_warning_ms=100 maximum_exchange_clock_skew_token_id=111825663867439444541881565772497422041111823242977631679044936843336687436641 exchange_timestamp=1786334165002 received_timestamp=1786334176745 best_return_rate=-0.04536338 required_return_rate=0.00750000 best_opportunity_key=BINARY_UNDERPRICED:3436703 best_market_ids=3436703 context_ms=4 strategy_ms=33 signal_apply_ms=0 elapsed_ms=37
2026-08-10 11:56:59,159 INFO predmarket.app - catalog_cleanup_cycle_completed deleted_versions=0 deleted_journal_rows=0 remaining_versions=0 remaining_journal_rows=0
2026-08-10 11:57:00,333 INFO predmarket.watch.task - watch_evaluation_abort_summary window_aborted=11 reason_counts=dependency_revision_changed:11 stage_counts=after_strategy:6,before_strategy:5 evaluation_requests=14468 evaluation_batches=3969 evaluation_coalesced=19057 pending_tokens=2 last_completed_summary_age_ms=2476 maximum_evaluation_elapsed_ms=50 sample_reason=dependency_revision_changed sample_stage=before_strategy sample_token_ids=66039412137422263793232701847037621719749583556397561524186419779218110197445,89259899221978607135411083251486607745742303680444668623532638818495689360551 sample_expected_revisions=66039412137422263793232701847037621719749583556397561524186419779218110197445:2607,89259899221978607135411083251486607745742303680444668623532638818495689360551:2607 sample_actual_revisions=66039412137422263793232701847037621719749583556397561524186419779218110197445:2609,89259899221978607135411083251486607745742303680444668623532638818495689360551:2609
2026-08-10 11:57:05,507 INFO predmarket.watch.task - watch_evaluation_batch_completed batch=4000 tokens=2 pending_tokens=0 generation=1 elapsed_ms=27
2026-08-10 11:57:07,363 INFO predmarket.polymarket.gateway - market_stream_pump_progress generation=1 sdk_events_total=15139 sdk_events_delta=210 sdk_rate_per_second=21.0 mapped_delta=210 ignored_delta=0 mapping_ms_per_event=0.037 handoff_wait_ms_per_event=0.002 handoff_queue_size=1 handoff_queue_capacity=4096
2026-08-10 11:57:07,363 INFO predmarket.polymarket.gateway - market_stream_consumer_progress generation=1 events_total=14952 events_delta=210 rate_per_second=21.0 queue_size=0 queue_capacity=65536 queue_utilization_pct=0.0 handle_dropped=0 manager_dropped=0
2026-08-10 11:57:07,364 INFO predmarket.watch.task - watch_price_change_progress messages=14504 messages_delta=199 entries_per_message=2.00 book_levels_per_message=189.4 parse_ms_per_message=0.012 cache_ms_per_message=0.296 queue_ms_per_message=0.002
2026-08-10 11:57:07,364 INFO predmarket.watch.task - watch_stream_handler_progress messages=14952 messages_delta=210 rate_per_second=21.0 event_counts=best_bid_ask:8,book:2,last_trade_price:1,price_change:199 event_ms_per_message=best_bid_ask:0.004,book:0.300,last_trade_price:0.003,price_change:0.353
2026-08-10 11:57:08,026 WARNING predmarket.watch.task - watch_exchange_clock_skew_warning generation=1 token_id=111825663867439444541881565772497422041111823242977631679044936843336687436641 exchange_timestamp=1786334165002 received_timestamp=1786334176745 exchange_clock_skew_ms=-11743 exchange_clock_skew_warning_ms=100 evaluation_continues=true
2026-08-10 11:57:08,061 INFO predmarket.watch.task - watch_evaluation_summary generation=1 tokens=2 generated_targets=4 targets=2 deduplicated_targets=2 persisted_signals=0 market_time=1786334228053 stream_silence_age_ms=0 decisions=ABSENT.PROFIT_BELOW_THRESHOLD:2 maximum_exchange_clock_skew_ms=-11743 exchange_clock_skew_warning_ms=100 maximum_exchange_clock_skew_token_id=111825663867439444541881565772497422041111823242977631679044936843336687436641 exchange_timestamp=1786334165002 received_timestamp=1786334176745 best_return_rate=-0.05435743 required_return_rate=0.00750000 best_opportunity_key=BINARY_UNDERPRICED:3436115 best_market_ids=3436115 context_ms=3 strategy_ms=34 signal_apply_ms=0 elapsed_ms=38
2026-08-10 11:57:09,116 INFO predmarket.watch.task - watch_stream_progress messages=15000 event_type=price_change generation=1 cache_state=VALID
2026-08-10 11:57:09,541 INFO predmarket.app - catalog_cleanup_cycle_completed deleted_versions=0 deleted_journal_rows=0 remaining_versions=0 remaining_journal_rows=0
2026-08-10 11:57:11,358 INFO predmarket.watch.task - watch_evaluation_abort_summary window_aborted=16 reason_counts=dependency_revision_changed:16 stage_counts=after_strategy:9,before_strategy:7 evaluation_requests=14723 evaluation_batches=4036 evaluation_coalesced=19399 pending_tokens=2 last_completed_summary_age_ms=3297 maximum_evaluation_elapsed_ms=53 sample_reason=dependency_revision_changed sample_stage=after_strategy sample_token_ids=66039412137422263793232701847037621719749583556397561524186419779218110197445,89259899221978607135411083251486607745742303680444668623532638818495689360551 sample_expected_revisions=66039412137422263793232701847037621719749583556397561524186419779218110197445:2718,89259899221978607135411083251486607745742303680444668623532638818495689360551:2718 sample_actual_revisions=66039412137422263793232701847037621719749583556397561524186419779218110197445:2722,89259899221978607135411083251486607745742303680444668623532638818495689360551:2722
2026-08-10 11:57:17,381 INFO predmarket.polymarket.gateway - market_stream_pump_progress generation=1 sdk_events_total=15318 sdk_events_delta=179 sdk_rate_per_second=17.9 mapped_delta=179 ignored_delta=0 mapping_ms_per_event=0.042 handoff_wait_ms_per_event=0.002 handoff_queue_size=1 handoff_queue_capacity=4096
2026-08-10 11:57:17,383 INFO predmarket.polymarket.gateway - market_stream_consumer_progress generation=1 events_total=15131 events_delta=179 rate_per_second=17.9 queue_size=0 queue_capacity=65536 queue_utilization_pct=0.0 handle_dropped=0 manager_dropped=0
2026-08-10 11:57:17,384 INFO predmarket.watch.task - watch_price_change_progress messages=14677 messages_delta=173 entries_per_message=2.00 book_levels_per_message=186.3 parse_ms_per_message=0.013 cache_ms_per_message=0.306 queue_ms_per_message=0.003
2026-08-10 11:57:17,384 INFO predmarket.watch.task - watch_stream_handler_progress messages=15131 messages_delta=179 rate_per_second=17.9 event_counts=best_bid_ask:6,price_change:173 event_ms_per_message=best_bid_ask:0.006,price_change:0.371
2026-08-10 11:57:18,414 WARNING predmarket.watch.task - watch_exchange_clock_skew_warning generation=1 token_id=111825663867439444541881565772497422041111823242977631679044936843336687436641 exchange_timestamp=1786334165002 received_timestamp=1786334176745 exchange_clock_skew_ms=-11743 exchange_clock_skew_warning_ms=100 evaluation_continues=true
2026-08-10 11:57:18,452 INFO predmarket.watch.task - watch_evaluation_summary generation=1 tokens=2 generated_targets=4 targets=2 deduplicated_targets=2 persisted_signals=0 market_time=1786334238382 stream_silence_age_ms=0 decisions=ABSENT.PROFIT_BELOW_THRESHOLD:2 maximum_exchange_clock_skew_ms=-11743 exchange_clock_skew_warning_ms=100 maximum_exchange_clock_skew_token_id=111825663867439444541881565772497422041111823242977631679044936843336687436641 exchange_timestamp=1786334165002 received_timestamp=1786334176745 best_return_rate=-0.04536338 required_return_rate=0.00750000 best_opportunity_key=BINARY_UNDERPRICED:3436562 best_market_ids=3436562 context_ms=3 strategy_ms=37 signal_apply_ms=0 elapsed_ms=41
2026-08-10 11:57:19,912 INFO predmarket.app - catalog_cleanup_cycle_completed deleted_versions=0 deleted_journal_rows=0 remaining_versions=0 remaining_journal_rows=0
2026-08-10 11:57:21,379 INFO predmarket.watch.task - watch_evaluation_abort_summary window_aborted=12 reason_counts=dependency_revision_changed:12 stage_counts=after_strategy:5,before_strategy:7 evaluation_requests=14863 evaluation_batches=4076 evaluation_coalesced=19587 pending_tokens=2 last_completed_summary_age_ms=2927 maximum_evaluation_elapsed_ms=49 sample_reason=dependency_revision_changed sample_stage=after_strategy sample_token_ids=66039412137422263793232701847037621719749583556397561524186419779218110197445,89259899221978607135411083251486607745742303680444668623532638818495689360551 sample_expected_revisions=66039412137422263793232701847037621719749583556397561524186419779218110197445:2821,89259899221978607135411083251486607745742303680444668623532638818495689360551:2821 sample_actual_revisions=66039412137422263793232701847037621719749583556397561524186419779218110197445:2826,89259899221978607135411083251486607745742303680444668623532638818495689360551:2826
2026-08-10 11:57:27,923 INFO predmarket.polymarket.gateway - market_stream_pump_progress generation=1 sdk_events_total=15460 sdk_events_delta=142 sdk_rate_per_second=13.5 mapped_delta=142 ignored_delta=0 mapping_ms_per_event=0.050 handoff_wait_ms_per_event=0.002 handoff_queue_size=1 handoff_queue_capacity=4096
2026-08-10 11:57:27,924 INFO predmarket.polymarket.gateway - market_stream_consumer_progress generation=1 events_total=15273 events_delta=142 rate_per_second=13.5 queue_size=0 queue_capacity=65536 queue_utilization_pct=0.0 handle_dropped=0 manager_dropped=0
2026-08-10 11:57:27,925 INFO predmarket.watch.task - watch_price_change_progress messages=14810 messages_delta=133 entries_per_message=2.00 book_levels_per_message=193.6 parse_ms_per_message=0.015 cache_ms_per_message=0.337 queue_ms_per_message=0.003
2026-08-10 11:57:27,925 INFO predmarket.watch.task - watch_stream_handler_progress messages=15273 messages_delta=142 rate_per_second=13.5 event_counts=best_bid_ask:6,book:2,last_trade_price:1,price_change:133 event_ms_per_message=best_bid_ask:0.005,book:0.686,last_trade_price:0.005,price_change:0.406
2026-08-10 11:57:28,455 WARNING predmarket.watch.task - watch_exchange_clock_skew_warning generation=1 token_id=111825663867439444541881565772497422041111823242977631679044936843336687436641 exchange_timestamp=1786334165002 received_timestamp=1786334176745 exchange_clock_skew_ms=-11743 exchange_clock_skew_warning_ms=100 evaluation_continues=true
2026-08-10 11:57:28,494 INFO predmarket.watch.task - watch_evaluation_summary generation=1 tokens=2 generated_targets=4 targets=2 deduplicated_targets=2 persisted_signals=0 market_time=1786334248381 stream_silence_age_ms=1 decisions=ABSENT.PROFIT_BELOW_THRESHOLD:2 maximum_exchange_clock_skew_ms=-11743 exchange_clock_skew_warning_ms=100 maximum_exchange_clock_skew_token_id=111825663867439444541881565772497422041111823242977631679044936843336687436641 exchange_timestamp=1786334165002 received_timestamp=1786334176745 best_return_rate=-0.04536338 required_return_rate=0.00750000 best_opportunity_key=BINARY_UNDERPRICED:3436562 best_market_ids=3436562 context_ms=3 strategy_ms=38 signal_apply_ms=0 elapsed_ms=42
2026-08-10 11:57:30,303 INFO predmarket.app - catalog_cleanup_cycle_completed deleted_versions=0 deleted_journal_rows=0 remaining_versions=0 remaining_journal_rows=0
2026-08-10 11:57:32,328 INFO predmarket.watch.task - watch_evaluation_queue_progress requests=15000 pending_tokens=2 coalesced_tokens=19777 generation=1
2026-08-10 11:57:32,377 INFO predmarket.watch.task - watch_evaluation_abort_summary window_aborted=11 reason_counts=dependency_revision_changed:11 stage_counts=after_strategy:6,before_strategy:5 evaluation_requests=15006 evaluation_batches=4117 evaluation_coalesced=19787 pending_tokens=2 last_completed_summary_age_ms=3882 maximum_evaluation_elapsed_ms=48 sample_reason=dependency_revision_changed sample_stage=after_strategy sample_token_ids=66039412137422263793232701847037621719749583556397561524186419779218110197445,89259899221978607135411083251486607745742303680444668623532638818495689360551 sample_expected_revisions=66039412137422263793232701847037621719749583556397561524186419779218110197445:2931,89259899221978607135411083251486607745742303680444668623532638818495689360551:2931 sample_actual_revisions=66039412137422263793232701847037621719749583556397561524186419779218110197445:2936,89259899221978607135411083251486607745742303680444668623532638818495689360551:2936
2026-08-10 11:57:37,968 INFO predmarket.polymarket.gateway - market_stream_pump_progress generation=1 sdk_events_total=15625 sdk_events_delta=165 sdk_rate_per_second=16.4 mapped_delta=165 ignored_delta=0 mapping_ms_per_event=0.042 handoff_wait_ms_per_event=0.002 handoff_queue_size=1 handoff_queue_capacity=4096
2026-08-10 11:57:37,968 INFO predmarket.polymarket.gateway - market_stream_consumer_progress generation=1 events_total=15438 events_delta=165 rate_per_second=16.4 queue_size=0 queue_capacity=65536 queue_utilization_pct=0.0 handle_dropped=0 manager_dropped=0
2026-08-10 11:57:37,969 INFO predmarket.watch.task - watch_price_change_progress messages=14975 messages_delta=165 entries_per_message=2.00 book_levels_per_message=194.1 parse_ms_per_message=0.013 cache_ms_per_message=0.316 queue_ms_per_message=0.005
2026-08-10 11:57:37,969 INFO predmarket.watch.task - watch_stream_handler_progress messages=15438 messages_delta=165 rate_per_second=16.4 event_counts=price_change:165 event_ms_per_message=price_change:0.378
2026-08-10 11:57:38,983 WARNING predmarket.watch.task - watch_exchange_clock_skew_warning generation=1 token_id=111825663867439444541881565772497422041111823242977631679044936843336687436641 exchange_timestamp=1786334165002 received_timestamp=1786334176745 exchange_clock_skew_ms=-11743 exchange_clock_skew_warning_ms=100 evaluation_continues=true
2026-08-10 11:57:39,007 INFO predmarket.watch.task - watch_evaluation_summary generation=1 tokens=2 generated_targets=4 targets=2 deduplicated_targets=2 persisted_signals=0 market_time=1786334258930 stream_silence_age_ms=0 decisions=ABSENT.PROFIT_BELOW_THRESHOLD:2 maximum_exchange_clock_skew_ms=-11743 exchange_clock_skew_warning_ms=100 maximum_exchange_clock_skew_token_id=111825663867439444541881565772497422041111823242977631679044936843336687436641 exchange_timestamp=1786334165002 received_timestamp=1786334176745 best_return_rate=-0.04536338 required_return_rate=0.00750000 best_opportunity_key=BINARY_UNDERPRICED:3436723 best_market_ids=3436723 context_ms=2 strategy_ms=23 signal_apply_ms=0 elapsed_ms=26
2026-08-10 11:57:39,391 INFO predmarket.watch.task - watch_stream_progress messages=15454 event_type=price_change generation=1 cache_state=VALID
2026-08-10 11:57:40,679 INFO predmarket.app - catalog_cleanup_cycle_completed deleted_versions=0 deleted_journal_rows=0 remaining_versions=0 remaining_journal_rows=0
2026-08-10 11:57:44,333 INFO predmarket.watch.task - watch_evaluation_abort_summary window_aborted=14 reason_counts=dependency_revision_changed:14 stage_counts=after_strategy:3,before_strategy:11 evaluation_requests=15220 evaluation_batches=4170 evaluation_coalesced=20091 pending_tokens=2 last_completed_summary_age_ms=5327 maximum_evaluation_elapsed_ms=45 sample_reason=dependency_revision_changed sample_stage=before_strategy sample_token_ids=66039412137422263793232701847037621719749583556397561524186419779218110197445,89259899221978607135411083251486607745742303680444668623532638818495689360551 sample_expected_revisions=66039412137422263793232701847037621719749583556397561524186419779218110197445:3047,89259899221978607135411083251486607745742303680444668623532638818495689360551:3047 sample_actual_revisions=66039412137422263793232701847037621719749583556397561524186419779218110197445:3051,89259899221978607135411083251486607745742303680444668623532638818495689360551:3051
2026-08-10 11:57:48,304 INFO predmarket.polymarket.gateway - market_stream_pump_progress generation=1 sdk_events_total=15791 sdk_events_delta=166 sdk_rate_per_second=16.1 mapped_delta=166 ignored_delta=0 mapping_ms_per_event=0.044 handoff_wait_ms_per_event=0.002 handoff_queue_size=1 handoff_queue_capacity=4096
2026-08-10 11:57:48,306 INFO predmarket.polymarket.gateway - market_stream_consumer_progress generation=1 events_total=15604 events_delta=166 rate_per_second=16.1 queue_size=0 queue_capacity=65536 queue_utilization_pct=0.0 handle_dropped=0 manager_dropped=0
2026-08-10 11:57:48,306 INFO predmarket.watch.task - watch_price_change_progress messages=15136 messages_delta=161 entries_per_message=2.00 book_levels_per_message=191.2 parse_ms_per_message=0.013 cache_ms_per_message=0.310 queue_ms_per_message=0.003
2026-08-10 11:57:48,307 INFO predmarket.watch.task - watch_stream_handler_progress messages=15604 messages_delta=166 rate_per_second=16.1 event_counts=best_bid_ask:2,book:2,last_trade_price:1,price_change:161 event_ms_per_message=best_bid_ask:0.010,book:0.662,last_trade_price:0.003,price_change:0.374
2026-08-10 11:57:49,037 INFO predmarket.watch.task - watch_evaluation_summary generation=1 tokens=4 generated_targets=8 targets=4 deduplicated_targets=4 persisted_signals=0 market_time=1786334269011 stream_silence_age_ms=1 decisions=ABSENT.PROFIT_BELOW_THRESHOLD:4 maximum_exchange_clock_skew_ms=-10744 exchange_clock_skew_warning_ms=100 maximum_exchange_clock_skew_token_id=33345251162313415375100421307324070385883621924715192711811724441942590429994 exchange_timestamp=1786334166001 received_timestamp=1786334176745 best_return_rate=-0.04536338 required_return_rate=0.00750000 best_opportunity_key=BINARY_UNDERPRICED:3436718 best_market_ids=3436718 context_ms=2 strategy_ms=55 signal_apply_ms=0 elapsed_ms=58
2026-08-10 11:57:49,447 WARNING predmarket.watch.task - watch_exchange_clock_skew_warning generation=1 token_id=33345251162313415375100421307324070385883621924715192711811724441942590429994 exchange_timestamp=1786334166001 received_timestamp=1786334176745 exchange_clock_skew_ms=-10744 exchange_clock_skew_warning_ms=100 evaluation_continues=true
2026-08-10 11:57:51,065 INFO predmarket.app - catalog_cleanup_cycle_completed deleted_versions=0 deleted_journal_rows=0 remaining_versions=0 remaining_journal_rows=0
2026-08-10 11:57:54,996 INFO predmarket.watch.task - watch_evaluation_abort_summary window_aborted=16 reason_counts=dependency_revision_changed:16 stage_counts=after_strategy:8,before_strategy:8 evaluation_requests=15350 evaluation_batches=4212 evaluation_coalesced=20265 pending_tokens=2 last_completed_summary_age_ms=5959 maximum_evaluation_elapsed_ms=52 sample_reason=dependency_revision_changed sample_stage=after_strategy sample_token_ids=106429334050090823328330576377733997987187180651908724756846683786451073001502,84246002852984326313320894134338110351752801388857359944367702168519509348440 sample_expected_revisions=106429334050090823328330576377733997987187180651908724756846683786451073001502:563,84246002852984326313320894134338110351752801388857359944367702168519509348440:563 sample_actual_revisions=106429334050090823328330576377733997987187180651908724756846683786451073001502:564,84246002852984326313320894134338110351752801388857359944367702168519509348440:564
2026-08-10 11:57:58,326 INFO predmarket.polymarket.gateway - market_stream_pump_progress generation=1 sdk_events_total=15917 sdk_events_delta=126 sdk_rate_per_second=12.6 mapped_delta=126 ignored_delta=0 mapping_ms_per_event=0.049 handoff_wait_ms_per_event=0.002 handoff_queue_size=1 handoff_queue_capacity=4096
2026-08-10 11:57:58,326 INFO predmarket.polymarket.gateway - market_stream_consumer_progress generation=1 events_total=15730 events_delta=126 rate_per_second=12.6 queue_size=0 queue_capacity=65536 queue_utilization_pct=0.0 handle_dropped=0 manager_dropped=0
2026-08-10 11:57:58,328 INFO predmarket.watch.task - watch_price_change_progress messages=15260 messages_delta=124 entries_per_message=2.00 book_levels_per_message=193.9 parse_ms_per_message=0.016 cache_ms_per_message=0.364 queue_ms_per_message=0.003
2026-08-10 11:57:58,328 INFO predmarket.watch.task - watch_stream_handler_progress messages=15730 messages_delta=126 rate_per_second=12.6 event_counts=best_bid_ask:2,price_change:124 event_ms_per_message=best_bid_ask:0.004,price_change:0.440
2026-08-10 11:57:59,197 INFO predmarket.watch.task - watch_evaluation_summary generation=1 tokens=2 generated_targets=4 targets=2 deduplicated_targets=2 persisted_signals=0 market_time=1786334279117 stream_silence_age_ms=0 decisions=ABSENT.PROFIT_BELOW_THRESHOLD:2 maximum_exchange_clock_skew_ms=-10744 exchange_clock_skew_warning_ms=100 maximum_exchange_clock_skew_token_id=33345251162313415375100421307324070385883621924715192711811724441942590429994 exchange_timestamp=1786334166001 received_timestamp=1786334176745 best_return_rate=-0.04536338 required_return_rate=0.00750000 best_opportunity_key=BINARY_UNDERPRICED:3436723 best_market_ids=3436723 context_ms=4 strategy_ms=34 signal_apply_ms=0 elapsed_ms=38
2026-08-10 11:58:00,336 WARNING predmarket.watch.task - watch_exchange_clock_skew_warning generation=1 token_id=33345251162313415375100421307324070385883621924715192711811724441942590429994 exchange_timestamp=1786334166001 received_timestamp=1786334176745 exchange_clock_skew_ms=-10744 exchange_clock_skew_warning_ms=100 evaluation_continues=true
2026-08-10 11:58:01,534 INFO predmarket.app - catalog_cleanup_cycle_completed deleted_versions=0 deleted_journal_rows=0 remaining_versions=0 remaining_journal_rows=0
2026-08-10 11:58:07,370 INFO predmarket.watch.task - watch_evaluation_abort_summary window_aborted=16 reason_counts=dependency_revision_changed:16 stage_counts=after_strategy:6,before_strategy:10 evaluation_requests=15537 evaluation_batches=4264 evaluation_coalesced=20519 pending_tokens=2 last_completed_summary_age_ms=8173 maximum_evaluation_elapsed_ms=48 sample_reason=dependency_revision_changed sample_stage=before_strategy sample_token_ids=13820701531397334086290643182250143372372789902776114737213543203387949106844,76547637350891244111903445543396255498470989453196531094154182632629684354217 sample_expected_revisions=13820701531397334086290643182250143372372789902776114737213543203387949106844:277,76547637350891244111903445543396255498470989453196531094154182632629684354217:277 sample_actual_revisions=13820701531397334086290643182250143372372789902776114737213543203387949106844:280,76547637350891244111903445543396255498470989453196531094154182632629684354217:280
2026-08-10 11:58:08,327 INFO predmarket.polymarket.gateway - market_stream_pump_progress generation=1 sdk_events_total=16072 sdk_events_delta=155 sdk_rate_per_second=15.5 mapped_delta=155 ignored_delta=0 mapping_ms_per_event=0.041 handoff_wait_ms_per_event=0.002 handoff_queue_size=1 handoff_queue_capacity=4096
2026-08-10 11:58:08,328 INFO predmarket.polymarket.gateway - market_stream_consumer_progress generation=1 events_total=15885 events_delta=155 rate_per_second=15.5 queue_size=0 queue_capacity=65536 queue_utilization_pct=0.0 handle_dropped=0 manager_dropped=0
2026-08-10 11:58:08,329 INFO predmarket.watch.task - watch_price_change_progress messages=15415 messages_delta=155 entries_per_message=2.00 book_levels_per_message=195.1 parse_ms_per_message=0.013 cache_ms_per_message=0.309 queue_ms_per_message=0.003
2026-08-10 11:58:08,330 INFO predmarket.watch.task - watch_stream_handler_progress messages=15885 messages_delta=155 rate_per_second=15.5 event_counts=price_change:155 event_ms_per_message=price_change:0.370
2026-08-10 11:58:09,397 INFO predmarket.watch.task - watch_stream_progress messages=15899 event_type=price_change generation=1 cache_state=VALID
2026-08-10 11:58:09,443 INFO predmarket.watch.task - watch_evaluation_summary generation=1 tokens=2 generated_targets=4 targets=2 deduplicated_targets=2 persisted_signals=0 market_time=1786334289382 stream_silence_age_ms=0 decisions=ABSENT.PROFIT_BELOW_THRESHOLD:2 maximum_exchange_clock_skew_ms=-10744 exchange_clock_skew_warning_ms=100 maximum_exchange_clock_skew_token_id=33345251162313415375100421307324070385883621924715192711811724441942590429994 exchange_timestamp=1786334166001 received_timestamp=1786334176745 best_return_rate=-0.04536338 required_return_rate=0.00750000 best_opportunity_key=BINARY_UNDERPRICED:3436711 best_market_ids=3436711 context_ms=3 strategy_ms=31 signal_apply_ms=0 elapsed_ms=35
2026-08-10 11:58:10,365 WARNING predmarket.watch.task - watch_exchange_clock_skew_warning generation=1 token_id=33345251162313415375100421307324070385883621924715192711811724441942590429994 exchange_timestamp=1786334166001 received_timestamp=1786334176745 exchange_clock_skew_ms=-10744 exchange_clock_skew_warning_ms=100 evaluation_continues=true
2026-08-10 11:58:11,903 INFO predmarket.app - catalog_cleanup_cycle_completed deleted_versions=0 deleted_journal_rows=0 remaining_versions=0 remaining_journal_rows=0
2026-08-10 11:58:17,332 INFO predmarket.watch.task - watch_stream_progress messages=16000 event_type=price_change generation=1 cache_state=VALID
2026-08-10 11:58:18,327 INFO predmarket.polymarket.gateway - market_stream_pump_progress generation=1 sdk_events_total=16195 sdk_events_delta=123 sdk_rate_per_second=12.3 mapped_delta=123 ignored_delta=0 mapping_ms_per_event=0.041 handoff_wait_ms_per_event=0.002 handoff_queue_size=1 handoff_queue_capacity=4096
2026-08-10 11:58:18,330 INFO predmarket.polymarket.gateway - market_stream_consumer_progress generation=1 events_total=16009 events_delta=124 rate_per_second=12.4 queue_size=0 queue_capacity=65536 queue_utilization_pct=0.0 handle_dropped=0 manager_dropped=0
2026-08-10 11:58:18,330 INFO predmarket.watch.task - watch_price_change_progress messages=15539 messages_delta=124 entries_per_message=2.00 book_levels_per_message=197.3 parse_ms_per_message=0.013 cache_ms_per_message=0.297 queue_ms_per_message=0.003
2026-08-10 11:58:18,331 INFO predmarket.watch.task - watch_stream_handler_progress messages=16009 messages_delta=124 rate_per_second=12.4 event_counts=price_change:124 event_ms_per_message=price_change:0.362
2026-08-10 11:58:18,375 INFO predmarket.watch.task - watch_evaluation_abort_summary window_aborted=18 reason_counts=dependency_revision_changed:18 stage_counts=after_strategy:7,before_strategy:11 evaluation_requests=15673 evaluation_batches=4313 evaluation_coalesced=20691 pending_tokens=2 last_completed_summary_age_ms=8931 maximum_evaluation_elapsed_ms=40 sample_reason=dependency_revision_changed sample_stage=after_strategy sample_token_ids=13820701531397334086290643182250143372372789902776114737213543203387949106844,76547637350891244111903445543396255498470989453196531094154182632629684354217 sample_expected_revisions=13820701531397334086290643182250143372372789902776114737213543203387949106844:385,76547637350891244111903445543396255498470989453196531094154182632629684354217:385 sample_actual_revisions=13820701531397334086290643182250143372372789902776114737213543203387949106844:390,76547637350891244111903445543396255498470989453196531094154182632629684354217:390
2026-08-10 11:58:19,700 INFO predmarket.watch.task - watch_evaluation_summary generation=1 tokens=2 generated_targets=4 targets=2 deduplicated_targets=2 persisted_signals=0 market_time=1786334299674 stream_silence_age_ms=0 decisions=ABSENT.PROFIT_BELOW_THRESHOLD:2 maximum_exchange_clock_skew_ms=-10744 exchange_clock_skew_warning_ms=100 maximum_exchange_clock_skew_token_id=33345251162313415375100421307324070385883621924715192711811724441942590429994 exchange_timestamp=1786334166001 received_timestamp=1786334176745 best_return_rate=-0.04536338 required_return_rate=0.00750000 best_opportunity_key=BINARY_UNDERPRICED:3436706 best_market_ids=3436706 context_ms=2 strategy_ms=22 signal_apply_ms=0 elapsed_ms=24
2026-08-10 11:58:20,368 WARNING predmarket.watch.task - watch_exchange_clock_skew_warning generation=1 token_id=33345251162313415375100421307324070385883621924715192711811724441942590429994 exchange_timestamp=1786334166001 received_timestamp=1786334176745 exchange_clock_skew_ms=-10744 exchange_clock_skew_warning_ms=100 evaluation_continues=true
2026-08-10 11:58:22,287 INFO predmarket.app - catalog_cleanup_cycle_completed deleted_versions=0 deleted_journal_rows=0 remaining_versions=0 remaining_journal_rows=0
2026-08-10 11:58:28,330 INFO predmarket.polymarket.gateway - market_stream_pump_progress generation=1 sdk_events_total=16480 sdk_events_delta=285 sdk_rate_per_second=28.5 mapped_delta=285 ignored_delta=0 mapping_ms_per_event=0.036 handoff_wait_ms_per_event=0.002 handoff_queue_size=1 handoff_queue_capacity=4096
2026-08-10 11:58:28,331 INFO predmarket.polymarket.gateway - market_stream_consumer_progress generation=1 events_total=16293 events_delta=284 rate_per_second=28.4 queue_size=0 queue_capacity=65536 queue_utilization_pct=0.0 handle_dropped=0 manager_dropped=0
2026-08-10 11:58:28,331 INFO predmarket.watch.task - watch_price_change_progress messages=15810 messages_delta=271 entries_per_message=2.00 book_levels_per_message=192.1 parse_ms_per_message=0.011 cache_ms_per_message=0.271 queue_ms_per_message=0.002
2026-08-10 11:58:28,331 INFO predmarket.watch.task - watch_stream_handler_progress messages=16293 messages_delta=284 rate_per_second=28.4 event_counts=best_bid_ask:10,book:2,last_trade_price:1,price_change:271 event_ms_per_message=best_bid_ask:0.004,book:0.514,last_trade_price:0.005,price_change:0.321
2026-08-10 11:58:30,125 INFO predmarket.watch.task - watch_evaluation_summary generation=1 tokens=2 generated_targets=4 targets=2 deduplicated_targets=2 persisted_signals=0 market_time=1786334310003 stream_silence_age_ms=1 decisions=ABSENT.PROFIT_BELOW_THRESHOLD:2 maximum_exchange_clock_skew_ms=-10744 exchange_clock_skew_warning_ms=100 maximum_exchange_clock_skew_token_id=33345251162313415375100421307324070385883621924715192711811724441942590429994 exchange_timestamp=1786334166001 received_timestamp=1786334176745 best_return_rate=-0.04536338 required_return_rate=0.00750000 best_opportunity_key=BINARY_UNDERPRICED:3436555 best_market_ids=3436555 context_ms=4 strategy_ms=37 signal_apply_ms=0 elapsed_ms=42
2026-08-10 11:58:30,363 INFO predmarket.watch.task - watch_evaluation_abort_summary window_aborted=24 reason_counts=dependency_revision_changed:24 stage_counts=after_strategy:12,before_strategy:12 evaluation_requests=15975 evaluation_batches=4398 evaluation_coalesced=21103 pending_tokens=2 last_completed_summary_age_ms=238 maximum_evaluation_elapsed_ms=35 sample_reason=dependency_revision_changed sample_stage=after_strategy sample_token_ids=13820701531397334086290643182250143372372789902776114737213543203387949106844,76547637350891244111903445543396255498470989453196531094154182632629684354217 sample_expected_revisions=13820701531397334086290643182250143372372789902776114737213543203387949106844:506,76547637350891244111903445543396255498470989453196531094154182632629684354217:506 sample_actual_revisions=13820701531397334086290643182250143372372789902776114737213543203387949106844:510,76547637350891244111903445543396255498470989453196531094154182632629684354217:510
2026-08-10 11:58:30,397 WARNING predmarket.watch.task - watch_exchange_clock_skew_warning generation=1 token_id=33345251162313415375100421307324070385883621924715192711811724441942590429994 exchange_timestamp=1786334166001 received_timestamp=1786334176745 exchange_clock_skew_ms=-10744 exchange_clock_skew_warning_ms=100 evaluation_continues=true
2026-08-10 11:58:30,997 INFO predmarket.watch.task - watch_evaluation_queue_progress requests=16000 pending_tokens=14 coalesced_tokens=21133 generation=1
2026-08-10 11:58:32,690 INFO predmarket.app - catalog_cleanup_cycle_completed deleted_versions=0 deleted_journal_rows=0 remaining_versions=0 remaining_journal_rows=0
2026-08-10 11:58:38,379 INFO predmarket.polymarket.gateway - market_stream_pump_progress generation=1 sdk_events_total=16834 sdk_events_delta=354 sdk_rate_per_second=35.2 mapped_delta=350 ignored_delta=4 mapping_ms_per_event=0.029 handoff_wait_ms_per_event=0.001 handoff_queue_size=1 handoff_queue_capacity=4096
2026-08-10 11:58:38,380 INFO predmarket.polymarket.gateway - market_stream_consumer_progress generation=1 events_total=16643 events_delta=350 rate_per_second=34.8 queue_size=0 queue_capacity=65536 queue_utilization_pct=0.0 handle_dropped=0 manager_dropped=0
2026-08-10 11:58:38,381 INFO predmarket.watch.task - watch_price_change_progress messages=16150 messages_delta=340 entries_per_message=2.00 book_levels_per_message=190.3 parse_ms_per_message=0.010 cache_ms_per_message=0.247 queue_ms_per_message=0.002
2026-08-10 11:58:38,382 INFO predmarket.watch.task - watch_stream_handler_progress messages=16643 messages_delta=350 rate_per_second=34.8 event_counts=best_bid_ask:4,book:4,last_trade_price:2,price_change:340 event_ms_per_message=best_bid_ask:0.006,book:0.496,last_trade_price:0.005,price_change:0.293
2026-08-10 11:58:40,400 INFO predmarket.watch.task - watch_evaluation_summary generation=1 tokens=2 generated_targets=4 targets=2 deduplicated_targets=2 persisted_signals=0 market_time=1786334320378 stream_silence_age_ms=1 decisions=ABSENT.PROFIT_BELOW_THRESHOLD:2 maximum_exchange_clock_skew_ms=-10744 exchange_clock_skew_warning_ms=100 maximum_exchange_clock_skew_token_id=33345251162313415375100421307324070385883621924715192711811724441942590429994 exchange_timestamp=1786334166001 received_timestamp=1786334176745 best_return_rate=-0.04536338 required_return_rate=0.00750000 best_opportunity_key=BINARY_UNDERPRICED:3436711 best_market_ids=3436711 context_ms=2 strategy_ms=24 signal_apply_ms=0 elapsed_ms=26
2026-08-10 11:58:40,735 WARNING predmarket.watch.task - watch_exchange_clock_skew_warning generation=1 token_id=33345251162313415375100421307324070385883621924715192711811724441942590429994 exchange_timestamp=1786334166001 received_timestamp=1786334176745 exchange_clock_skew_ms=-10744 exchange_clock_skew_warning_ms=100 evaluation_continues=true
2026-08-10 11:58:41,334 INFO predmarket.watch.task - watch_evaluation_abort_summary window_aborted=19 reason_counts=dependency_revision_changed:19 stage_counts=after_strategy:9,before_strategy:10 evaluation_requests=16319 evaluation_batches=4451 evaluation_coalesced=21615 pending_tokens=2 last_completed_summary_age_ms=935 maximum_evaluation_elapsed_ms=235 sample_reason=dependency_revision_changed sample_stage=before_strategy sample_token_ids=13820701531397334086290643182250143372372789902776114737213543203387949106844,76547637350891244111903445543396255498470989453196531094154182632629684354217 sample_expected_revisions=13820701531397334086290643182250143372372789902776114737213543203387949106844:616,76547637350891244111903445543396255498470989453196531094154182632629684354217:616 sample_actual_revisions=13820701531397334086290643182250143372372789902776114737213543203387949106844:617,76547637350891244111903445543396255498470989453196531094154182632629684354217:617
2026-08-10 11:58:43,073 INFO predmarket.app - catalog_cleanup_cycle_completed deleted_versions=0 deleted_journal_rows=0 remaining_versions=0 remaining_journal_rows=0
2026-08-10 11:58:47,170 INFO predmarket.watch.task - watch_catalog_refresh_started markets=50 concurrency=10 trigger=periodic
2026-08-10 11:58:47,364 INFO predmarket.watch.task - watch_stream_progress messages=16795 event_type=price_change generation=1 cache_state=VALID
2026-08-10 11:58:49,783 INFO predmarket.polymarket.gateway - market_stream_pump_progress generation=1 sdk_events_total=17006 sdk_events_delta=172 sdk_rate_per_second=15.1 mapped_delta=169 ignored_delta=3 mapping_ms_per_event=0.038 handoff_wait_ms_per_event=0.002 handoff_queue_size=1 handoff_queue_capacity=4096
2026-08-10 11:58:49,784 INFO predmarket.polymarket.gateway - market_stream_consumer_progress generation=1 events_total=16812 events_delta=169 rate_per_second=14.8 queue_size=0 queue_capacity=65536 queue_utilization_pct=0.0 handle_dropped=0 manager_dropped=0
2026-08-10 11:58:49,784 INFO predmarket.watch.task - watch_price_change_progress messages=16319 messages_delta=169 entries_per_message=2.00 book_levels_per_message=196.0 parse_ms_per_message=0.012 cache_ms_per_message=0.301 queue_ms_per_message=0.003
2026-08-10 11:58:49,784 INFO predmarket.watch.task - watch_stream_handler_progress messages=16812 messages_delta=169 rate_per_second=14.8 event_counts=price_change:169 event_ms_per_message=price_change:0.361
2026-08-10 11:59:05,966 INFO predmarket.polymarket.gateway - market_stream_pump_progress generation=1 sdk_events_total=17020 sdk_events_delta=14 sdk_rate_per_second=0.9 mapped_delta=13 ignored_delta=1 mapping_ms_per_event=0.019 handoff_wait_ms_per_event=0.001 handoff_queue_size=1 handoff_queue_capacity=4096
2026-08-10 11:59:05,978 INFO predmarket.polymarket.gateway - market_stream_consumer_progress generation=1 events_total=16825 events_delta=13 rate_per_second=0.8 queue_size=409 queue_capacity=65536 queue_utilization_pct=0.6 handle_dropped=0 manager_dropped=0
2026-08-10 11:59:05,978 INFO predmarket.watch.task - watch_price_change_progress messages=16332 messages_delta=13 entries_per_message=2.00 book_levels_per_message=196.0 parse_ms_per_message=0.008 cache_ms_per_message=0.195 queue_ms_per_message=0.002
2026-08-10 11:59:05,978 INFO predmarket.watch.task - watch_stream_handler_progress messages=16825 messages_delta=13 rate_per_second=0.8 event_counts=price_change:13 event_ms_per_message=price_change:0.238
2026-08-10 11:59:06,066 INFO predmarket.watch.task - watch_stream_progress messages=17000 event_type=price_change generation=1 cache_state=VALID
2026-08-10 11:59:06,259 INFO predmarket.watch.task - watch_evaluation_queue_progress requests=17000 pending_tokens=14 coalesced_tokens=22821 generation=1
2026-08-10 11:59:06,587 INFO predmarket.watch.task - watch_stream_progress messages=18000 event_type=price_change generation=1 cache_state=VALID
2026-08-10 11:59:06,869 INFO predmarket.watch.task - watch_evaluation_abort_summary window_aborted=11 reason_counts=dependency_revision_changed:11 stage_counts=after_strategy:4,before_strategy:7 evaluation_requests=17960 evaluation_batches=4489 evaluation_coalesced=24712 pending_tokens=40 last_completed_summary_age_ms=26470 maximum_evaluation_elapsed_ms=673 sample_reason=dependency_revision_changed sample_stage=before_strategy sample_token_ids=100533687727497443541369483933299762930731780669782590957570011016994709318185,104764801815215006840218735731932203523559164204955657612872827684375163040798 sample_expected_revisions=100533687727497443541369483933299762930731780669782590957570011016994709318185:785,104764801815215006840218735731932203523559164204955657612872827684375163040798:778 sample_actual_revisions=100533687727497443541369483933299762930731780669782590957570011016994709318185:851,104764801815215006840218735731932203523559164204955657612872827684375163040798:843
2026-08-10 11:59:06,898 INFO predmarket.watch.task - watch_catalog_refresh_completed requested=50 succeeded=50 failed=0 elapsed_ms=19728 trigger=periodic
2026-08-10 11:59:06,990 INFO predmarket.app - strategy_catalog_snapshot_prepared events=18562 markets=138082 tokens=276164 elapsed_ms=91
2026-08-10 11:59:06,999 INFO predmarket.watch.task - watch_market_metadata_refresh_cycle_completed markets=50 snapshot_source=memory context_prepared=True elapsed_ms=19829
2026-08-10 11:59:07,017 WARNING predmarket.watch.task - watch_exchange_clock_skew_warning generation=1 token_id=33345251162313415375100421307324070385883621924715192711811724441942590429994 exchange_timestamp=1786334337002 received_timestamp=1786334345970 exchange_clock_skew_ms=-8968 exchange_clock_skew_warning_ms=100 evaluation_continues=true
2026-08-10 11:59:07,074 INFO predmarket.watch.task - watch_evaluation_summary generation=1 tokens=10 generated_targets=20 targets=10 deduplicated_targets=10 persisted_signals=0 market_time=1786334347001 stream_silence_age_ms=7 decisions=ABSENT.PROFIT_BELOW_THRESHOLD:10 maximum_exchange_clock_skew_ms=-8968 exchange_clock_skew_warning_ms=100 maximum_exchange_clock_skew_token_id=33345251162313415375100421307324070385883621924715192711811724441942590429994 exchange_timestamp=1786334337002 received_timestamp=1786334345970 best_return_rate=-0.04533786 required_return_rate=0.00750000 best_opportunity_key=BINARY_UNDERPRICED:3436107 best_market_ids=3436107 context_ms=3 strategy_ms=57 signal_apply_ms=0 elapsed_ms=61
2026-08-10 11:59:07,389 INFO predmarket.app - catalog_cleanup_cycle_completed deleted_versions=0 deleted_journal_rows=150 remaining_versions=0 remaining_journal_rows=0
2026-08-10 11:59:08,331 INFO predmarket.watch.task - watch_evaluation_queue_progress requests=18000 pending_tokens=2 coalesced_tokens=24760 generation=1
2026-08-10 11:59:15,990 INFO predmarket.polymarket.gateway - market_stream_pump_progress generation=1 sdk_events_total=18776 sdk_events_delta=1756 sdk_rate_per_second=175.2 mapped_delta=1756 ignored_delta=0 mapping_ms_per_event=0.017 handoff_wait_ms_per_event=0.001 handoff_queue_size=1 handoff_queue_capacity=4096
2026-08-10 11:59:15,991 INFO predmarket.polymarket.gateway - market_stream_consumer_progress generation=1 events_total=18581 events_delta=1756 rate_per_second=175.4 queue_size=0 queue_capacity=65536 queue_utilization_pct=0.0 handle_dropped=0 manager_dropped=0
2026-08-10 11:59:15,992 INFO predmarket.watch.task - watch_price_change_progress messages=18061 messages_delta=1729 entries_per_message=2.00 book_levels_per_message=168.5 parse_ms_per_message=0.007 cache_ms_per_message=0.176 queue_ms_per_message=0.001
2026-08-10 11:59:15,992 INFO predmarket.watch.task - watch_stream_handler_progress messages=18581 messages_delta=1756 rate_per_second=175.4 event_counts=best_bid_ask:16,book:8,last_trade_price:3,price_change:1729 event_ms_per_message=best_bid_ask:0.003,book:0.360,last_trade_price:0.003,price_change:0.206
2026-08-10 11:59:17,085 INFO predmarket.watch.task - watch_evaluation_summary generation=1 tokens=12 generated_targets=24 targets=12 deduplicated_targets=12 persisted_signals=0 market_time=1786334357003 stream_silence_age_ms=0 decisions=ABSENT.PROFIT_BELOW_THRESHOLD:12 maximum_exchange_clock_skew_ms=-8968 exchange_clock_skew_warning_ms=100 maximum_exchange_clock_skew_token_id=33345251162313415375100421307324070385883621924715192711811724441942590429994 exchange_timestamp=1786334337002 received_timestamp=1786334345970 best_return_rate=-0.04533786 required_return_rate=0.00750000 best_opportunity_key=BINARY_UNDERPRICED:3436107 best_market_ids=3436107 context_ms=3 strategy_ms=85 signal_apply_ms=0 elapsed_ms=90
2026-08-10 11:59:17,409 WARNING predmarket.watch.task - watch_exchange_clock_skew_warning generation=1 token_id=33345251162313415375100421307324070385883621924715192711811724441942590429994 exchange_timestamp=1786334337002 received_timestamp=1786334345970 exchange_clock_skew_ms=-8968 exchange_clock_skew_warning_ms=100 evaluation_continues=true
2026-08-10 11:59:17,771 INFO predmarket.app - catalog_cleanup_cycle_completed deleted_versions=0 deleted_journal_rows=0 remaining_versions=0 remaining_journal_rows=0
2026-08-10 11:59:18,326 INFO predmarket.watch.task - watch_evaluation_abort_summary window_aborted=21 reason_counts=dependency_revision_changed:21 stage_counts=after_strategy:8,before_strategy:13 evaluation_requests=18255 evaluation_batches=4558 evaluation_coalesced=25081 pending_tokens=2 last_completed_summary_age_ms=1240 maximum_evaluation_elapsed_ms=143 sample_reason=dependency_revision_changed sample_stage=before_strategy sample_token_ids=13820701531397334086290643182250143372372789902776114737213543203387949106844,76547637350891244111903445543396255498470989453196531094154182632629684354217 sample_expected_revisions=13820701531397334086290643182250143372372789902776114737213543203387949106844:986,76547637350891244111903445543396255498470989453196531094154182632629684354217:986 sample_actual_revisions=13820701531397334086290643182250143372372789902776114737213543203387949106844:987,76547637350891244111903445543396255498470989453196531094154182632629684354217:987
2026-08-10 11:59:25,992 INFO predmarket.polymarket.gateway - market_stream_consumer_progress generation=1 events_total=18784 events_delta=203 rate_per_second=20.3 queue_size=0 queue_capacity=65536 queue_utilization_pct=0.0 handle_dropped=0 manager_dropped=0
2026-08-10 11:59:25,992 INFO predmarket.watch.task - watch_price_change_progress messages=18264 messages_delta=203 entries_per_message=2.00 book_levels_per_message=175.5 parse_ms_per_message=0.012 cache_ms_per_message=0.285 queue_ms_per_message=0.003
2026-08-10 11:59:25,993 INFO predmarket.watch.task - watch_stream_handler_progress messages=18784 messages_delta=203 rate_per_second=20.3 event_counts=price_change:203 event_ms_per_message=price_change:0.343
2026-08-10 11:59:26,164 INFO predmarket.polymarket.gateway - market_stream_pump_progress generation=1 sdk_events_total=18981 sdk_events_delta=205 sdk_rate_per_second=20.1 mapped_delta=205 ignored_delta=0 mapping_ms_per_event=0.039 handoff_wait_ms_per_event=0.002 handoff_queue_size=1 handoff_queue_capacity=4096
2026-08-10 11:59:27,116 INFO predmarket.watch.task - watch_evaluation_summary generation=1 tokens=2 generated_targets=4 targets=2 deduplicated_targets=2 persisted_signals=0 market_time=1786334367117 stream_silence_age_ms=0 decisions=ABSENT.PROFIT_BELOW_THRESHOLD:2 maximum_exchange_clock_skew_ms=-8968 exchange_clock_skew_warning_ms=100 maximum_exchange_clock_skew_token_id=33345251162313415375100421307324070385883621924715192711811724441942590429994 exchange_timestamp=1786334337002 received_timestamp=1786334345970 best_return_rate=-0.04536338 required_return_rate=0.00750000 best_opportunity_key=BINARY_UNDERPRICED:3436192 best_market_ids=3436192 context_ms=2 strategy_ms=25 signal_apply_ms=0 elapsed_ms=27
2026-08-10 11:59:27,973 WARNING predmarket.watch.task - watch_exchange_clock_skew_warning generation=1 token_id=33345251162313415375100421307324070385883621924715192711811724441942590429994 exchange_timestamp=1786334337002 received_timestamp=1786334345970 exchange_clock_skew_ms=-8968 exchange_clock_skew_warning_ms=100 evaluation_continues=true
2026-08-10 11:59:28,143 INFO predmarket.app - catalog_cleanup_cycle_completed deleted_versions=0 deleted_journal_rows=0 remaining_versions=0 remaining_journal_rows=0
2026-08-10 11:59:28,367 INFO predmarket.watch.task - watch_evaluation_abort_summary window_aborted=23 reason_counts=dependency_revision_changed:23 stage_counts=after_strategy:11,before_strategy:12 evaluation_requests=18545 evaluation_batches=4622 evaluation_coalesced=25453 pending_tokens=2 last_completed_summary_age_ms=1251 maximum_evaluation_elapsed_ms=44 sample_reason=dependency_revision_changed sample_stage=after_strategy sample_token_ids=13820701531397334086290643182250143372372789902776114737213543203387949106844,76547637350891244111903445543396255498470989453196531094154182632629684354217 sample_expected_revisions=13820701531397334086290643182250143372372789902776114737213543203387949106844:1087,76547637350891244111903445543396255498470989453196531094154182632629684354217:1087 sample_actual_revisions=13820701531397334086290643182250143372372789902776114737213543203387949106844:1092,76547637350891244111903445543396255498470989453196531094154182632629684354217:1092
2026-08-10 11:59:30,985 INFO predmarket.watch.task - watch_stream_progress messages=19000 event_type=price_change generation=1 cache_state=VALID
2026-08-10 11:59:36,329 INFO predmarket.polymarket.gateway - market_stream_pump_progress generation=1 sdk_events_total=19313 sdk_events_delta=332 sdk_rate_per_second=32.7 mapped_delta=332 ignored_delta=0 mapping_ms_per_event=0.034 handoff_wait_ms_per_event=0.001 handoff_queue_size=1 handoff_queue_capacity=4096
2026-08-10 11:59:36,330 INFO predmarket.polymarket.gateway - market_stream_consumer_progress generation=1 events_total=19118 events_delta=334 rate_per_second=32.3 queue_size=0 queue_capacity=65536 queue_utilization_pct=0.0 handle_dropped=0 manager_dropped=0
2026-08-10 11:59:36,331 INFO predmarket.watch.task - watch_price_change_progress messages=18576 messages_delta=312 entries_per_message=2.00 book_levels_per_message=177.5 parse_ms_per_message=0.011 cache_ms_per_message=0.249 queue_ms_per_message=0.002
2026-08-10 11:59:36,331 INFO predmarket.watch.task - watch_stream_handler_progress messages=19118 messages_delta=334 rate_per_second=32.3 event_counts=best_bid_ask:16,book:4,last_trade_price:2,price_change:312 event_ms_per_message=best_bid_ask:0.006,book:0.452,last_trade_price:0.004,price_change:0.299
2026-08-10 11:59:37,242 INFO predmarket.watch.task - watch_evaluation_summary generation=1 tokens=2 generated_targets=4 targets=2 deduplicated_targets=2 persisted_signals=0 market_time=1786334377235 stream_silence_age_ms=0 decisions=ABSENT.PROFIT_BELOW_THRESHOLD:2 maximum_exchange_clock_skew_ms=-8968 exchange_clock_skew_warning_ms=100 maximum_exchange_clock_skew_token_id=33345251162313415375100421307324070385883621924715192711811724441942590429994 exchange_timestamp=1786334337002 received_timestamp=1786334345970 best_return_rate=-0.05440750 required_return_rate=0.00750000 best_opportunity_key=BINARY_UNDERPRICED:3436195 best_market_ids=3436195 context_ms=1 strategy_ms=20 signal_apply_ms=0 elapsed_ms=22
2026-08-10 11:59:38,397 WARNING predmarket.watch.task - watch_exchange_clock_skew_warning generation=1 token_id=33345251162313415375100421307324070385883621924715192711811724441942590429994 exchange_timestamp=1786334337002 received_timestamp=1786334345970 exchange_clock_skew_ms=-8968 exchange_clock_skew_warning_ms=100 evaluation_continues=true
2026-08-10 11:59:38,542 INFO predmarket.app - catalog_cleanup_cycle_completed deleted_versions=0 deleted_journal_rows=0 remaining_versions=0 remaining_journal_rows=0
2026-08-10 11:59:38,975 INFO predmarket.watch.task - watch_evaluation_abort_summary window_aborted=19 reason_counts=dependency_revision_changed:19 stage_counts=after_strategy:5,before_strategy:14 evaluation_requests=18777 evaluation_batches=4693 evaluation_coalesced=25725 pending_tokens=4 last_completed_summary_age_ms=1733 maximum_evaluation_elapsed_ms=38 sample_reason=dependency_revision_changed sample_stage=before_strategy sample_token_ids=50940646408963453238635113892643295795715943123124267182415357448530392214022,66484835772642281574260105084083260613874850000865828870340716696170084116122 sample_expected_revisions=50940646408963453238635113892643295795715943123124267182415357448530392214022:1605,66484835772642281574260105084083260613874850000865828870340716696170084116122:1605 sample_actual_revisions=50940646408963453238635113892643295795715943123124267182415357448530392214022:1606,66484835772642281574260105084083260613874850000865828870340716696170084116122:1606
2026-08-10 11:59:46,350 INFO predmarket.polymarket.gateway - market_stream_pump_progress generation=1 sdk_events_total=19597 sdk_events_delta=284 sdk_rate_per_second=28.3 mapped_delta=284 ignored_delta=0 mapping_ms_per_event=0.032 handoff_wait_ms_per_event=0.001 handoff_queue_size=1 handoff_queue_capacity=4096
2026-08-10 11:59:46,351 INFO predmarket.polymarket.gateway - market_stream_consumer_progress generation=1 events_total=19402 events_delta=284 rate_per_second=28.3 queue_size=0 queue_capacity=65536 queue_utilization_pct=0.0 handle_dropped=0 manager_dropped=0
2026-08-10 11:59:46,351 INFO predmarket.watch.task - watch_price_change_progress messages=18838 messages_delta=262 entries_per_message=2.00 book_levels_per_message=159.1 parse_ms_per_message=0.011 cache_ms_per_message=0.228 queue_ms_per_message=0.002
2026-08-10 11:59:46,351 INFO predmarket.watch.task - watch_stream_handler_progress messages=19402 messages_delta=284 rate_per_second=28.3 event_counts=best_bid_ask:22,price_change:262 event_ms_per_message=best_bid_ask:0.004,price_change:0.276
2026-08-10 11:59:47,319 INFO predmarket.watch.task - watch_evaluation_summary generation=1 tokens=2 generated_targets=4 targets=2 deduplicated_targets=2 persisted_signals=0 market_time=1786334387323 stream_silence_age_ms=0 decisions=ABSENT.PROFIT_BELOW_THRESHOLD:2 maximum_exchange_clock_skew_ms=-8968 exchange_clock_skew_warning_ms=100 maximum_exchange_clock_skew_token_id=33345251162313415375100421307324070385883621924715192711811724441942590429994 exchange_timestamp=1786334337002 received_timestamp=1786334345970 best_return_rate=-0.04536338 required_return_rate=0.00750000 best_opportunity_key=BINARY_UNDERPRICED:3436719 best_market_ids=3436719 context_ms=2 strategy_ms=26 signal_apply_ms=0 elapsed_ms=29
2026-08-10 11:59:48,113 INFO predmarket.watch.task - watch_evaluation_queue_progress requests=19000 pending_tokens=4 coalesced_tokens=25975 generation=1
2026-08-10 11:59:48,434 WARNING predmarket.watch.task - watch_exchange_clock_skew_warning generation=1 token_id=33345251162313415375100421307324070385883621924715192711811724441942590429994 exchange_timestamp=1786334337002 received_timestamp=1786334345970 exchange_clock_skew_ms=-8968 exchange_clock_skew_warning_ms=100 evaluation_continues=true
2026-08-10 11:59:48,909 INFO predmarket.app - catalog_cleanup_cycle_completed deleted_versions=0 deleted_journal_rows=0 remaining_versions=0 remaining_journal_rows=0
2026-08-10 11:59:50,035 INFO predmarket.watch.task - watch_evaluation_abort_summary window_aborted=19 reason_counts=dependency_revision_changed:19 stage_counts=after_strategy:11,before_strategy:8 evaluation_requests=19036 evaluation_batches=4765 evaluation_coalesced=26013 pending_tokens=4 last_completed_summary_age_ms=2716 maximum_evaluation_elapsed_ms=46 sample_reason=dependency_revision_changed sample_stage=after_strategy sample_token_ids=100533687727497443541369483933299762930731780669782590957570011016994709318185,104764801815215006840218735731932203523559164204955657612872827684375163040798 sample_expected_revisions=100533687727497443541369483933299762930731780669782590957570011016994709318185:919,104764801815215006840218735731932203523559164204955657612872827684375163040798:909 sample_actual_revisions=100533687727497443541369483933299762930731780669782590957570011016994709318185:920,104764801815215006840218735731932203523559164204955657612872827684375163040798:910
2026-08-10 11:59:56,377 INFO predmarket.polymarket.gateway - market_stream_pump_progress generation=1 sdk_events_total=20076 sdk_events_delta=479 sdk_rate_per_second=47.8 mapped_delta=479 ignored_delta=0 mapping_ms_per_event=0.030 handoff_wait_ms_per_event=0.001 handoff_queue_size=1 handoff_queue_capacity=4096
2026-08-10 11:59:56,380 INFO predmarket.polymarket.gateway - market_stream_consumer_progress generation=1 events_total=19881 events_delta=479 rate_per_second=47.8 queue_size=0 queue_capacity=65536 queue_utilization_pct=0.0 handle_dropped=0 manager_dropped=0
2026-08-10 11:59:56,380 INFO predmarket.watch.task - watch_price_change_progress messages=19271 messages_delta=433 entries_per_message=2.00 book_levels_per_message=131.7 parse_ms_per_message=0.009 cache_ms_per_message=0.170 queue_ms_per_message=0.003
2026-08-10 11:59:56,380 INFO predmarket.watch.task - watch_stream_handler_progress messages=19881 messages_delta=479 rate_per_second=47.8 event_counts=best_bid_ask:32,book:10,last_trade_price:4,price_change:433 event_ms_per_message=best_bid_ask:0.004,book:0.286,last_trade_price:0.004,price_change:0.210
2026-08-10 11:59:57,321 INFO predmarket.watch.task - watch_evaluation_summary generation=1 tokens=2 generated_targets=4 targets=2 deduplicated_targets=2 persisted_signals=0 market_time=1786334397337 stream_silence_age_ms=0 decisions=ABSENT.PROFIT_BELOW_THRESHOLD:2 maximum_exchange_clock_skew_ms=-8968 exchange_clock_skew_warning_ms=100 maximum_exchange_clock_skew_token_id=33345251162313415375100421307324070385883621924715192711811724441942590429994 exchange_timestamp=1786334337002 received_timestamp=1786334345970 best_return_rate=-0.04521025 required_return_rate=0.00750000 best_opportunity_key=BINARY_UNDERPRICED:3436107 best_market_ids=3436107 context_ms=2 strategy_ms=15 signal_apply_ms=0 elapsed_ms=17
2026-08-10 11:59:57,497 INFO predmarket.watch.task - watch_evaluation_batch_completed batch=5000 tokens=2 pending_tokens=0 generation=1 elapsed_ms=9
2026-08-10 11:59:57,852 INFO predmarket.watch.task - watch_stream_progress messages=20000 event_type=price_change generation=1 cache_state=VALID
2026-08-10 11:59:58,447 WARNING predmarket.watch.task - watch_exchange_clock_skew_warning generation=1 token_id=33345251162313415375100421307324070385883621924715192711811724441942590429994 exchange_timestamp=1786334337002 received_timestamp=1786334345970 exchange_clock_skew_ms=-8968 exchange_clock_skew_warning_ms=100 evaluation_continues=true
2026-08-10 11:59:59,359 INFO predmarket.app - catalog_cleanup_cycle_completed deleted_versions=0 deleted_journal_rows=0 remaining_versions=0 remaining_journal_rows=0
2026-08-10 12:00:00,096 INFO predmarket.watch.task - watch_evaluation_abort_summary window_aborted=41 reason_counts=dependency_revision_changed:41 stage_counts=after_strategy:22,before_strategy:19 evaluation_requests=19854 evaluation_batches=5119 evaluation_coalesced=26611 pending_tokens=4 last_completed_summary_age_ms=2775 maximum_evaluation_elapsed_ms=43 sample_reason=dependency_revision_changed sample_stage=after_strategy sample_token_ids=50940646408963453238635113892643295795715943123124267182415357448530392214022,66484835772642281574260105084083260613874850000865828870340716696170084116122 sample_expected_revisions=50940646408963453238635113892643295795715943123124267182415357448530392214022:1756,66484835772642281574260105084083260613874850000865828870340716696170084116122:1756 sample_actual_revisions=50940646408963453238635113892643295795715943123124267182415357448530392214022:1757,66484835772642281574260105084083260613874850000865828870340716696170084116122:1757
2026-08-10 12:00:00,476 INFO predmarket.watch.task - watch_evaluation_queue_progress requests=20000 pending_tokens=2 coalesced_tokens=26761 generation=1
2026-08-10 12:00:01,394 INFO predmarket.watch.task - watch_stream_progress messages=21000 event_type=price_change generation=1 cache_state=VALID
2026-08-10 12:00:01,943 INFO predmarket.watch.task - watch_evaluation_queue_progress requests=21000 pending_tokens=14 coalesced_tokens=28183 generation=1
2026-08-10 12:00:02,091 INFO predmarket.watch.task - watch_stream_progress messages=22000 event_type=price_change generation=1 cache_state=VALID
2026-08-10 12:00:03,446 INFO predmarket.watch.task - watch_evaluation_queue_progress requests=22000 pending_tokens=12 coalesced_tokens=29541 generation=1
2026-08-10 12:00:03,810 INFO predmarket.watch.task - watch_stream_progress messages=23000 event_type=price_change generation=1 cache_state=VALID
2026-08-10 12:00:05,215 INFO predmarket.watch.task - watch_evaluation_queue_progress requests=23000 pending_tokens=12 coalesced_tokens=30805 generation=1
2026-08-10 12:00:05,343 INFO predmarket.watch.task - watch_stream_progress messages=24000 event_type=price_change generation=1 cache_state=VALID
2026-08-10 12:00:06,378 INFO predmarket.polymarket.gateway - market_stream_pump_progress generation=1 sdk_events_total=24851 sdk_events_delta=4775 sdk_rate_per_second=477.4 mapped_delta=4775 ignored_delta=0 mapping_ms_per_event=0.017 handoff_wait_ms_per_event=0.001 handoff_queue_size=1 handoff_queue_capacity=4096
2026-08-10 12:00:06,391 INFO predmarket.polymarket.gateway - market_stream_consumer_progress generation=1 events_total=24656 events_delta=4775 rate_per_second=477.0 queue_size=0 queue_capacity=65536 queue_utilization_pct=0.0 handle_dropped=0 manager_dropped=0
2026-08-10 12:00:06,391 INFO predmarket.watch.task - watch_price_change_progress messages=23562 messages_delta=4291 entries_per_message=2.00 book_levels_per_message=108.6 parse_ms_per_message=0.006 cache_ms_per_message=0.121 queue_ms_per_message=0.001
2026-08-10 12:00:06,391 INFO predmarket.watch.task - watch_stream_handler_progress messages=24656 messages_delta=4775 rate_per_second=477.0 event_counts=best_bid_ask:432,book:34,last_trade_price:18,price_change:4291 event_ms_per_message=best_bid_ask:0.002,book:0.218,last_trade_price:0.003,price_change:0.147
2026-08-10 12:00:06,754 INFO predmarket.watch.task - watch_evaluation_queue_progress requests=24000 pending_tokens=16 coalesced_tokens=32287 generation=1
2026-08-10 12:00:06,787 INFO predmarket.watch.task - watch_stream_progress messages=25000 event_type=price_change generation=1 cache_state=VALID
2026-08-10 12:00:07,330 INFO predmarket.watch.task - watch_evaluation_summary generation=1 tokens=2 generated_targets=4 targets=2 deduplicated_targets=2 persisted_signals=0 market_time=1786334407329 stream_silence_age_ms=5 decisions=ABSENT.PROFIT_BELOW_THRESHOLD:2 maximum_exchange_clock_skew_ms=-43 exchange_clock_skew_warning_ms=100 maximum_exchange_clock_skew_token_id=3836575645569916505172166072995775751395910219782786207695228471463628460885 exchange_timestamp=1786334401844 received_timestamp=1786334401887 best_return_rate=-0.04498047 required_return_rate=0.00750000 best_opportunity_key=BINARY_UNDERPRICED:3436101 best_market_ids=3436101 context_ms=4 strategy_ms=12 signal_apply_ms=0 elapsed_ms=17
2026-08-10 12:00:08,413 INFO predmarket.watch.task - watch_stream_progress messages=26000 event_type=price_change generation=1 cache_state=VALID
2026-08-10 12:00:08,559 INFO predmarket.watch.task - watch_evaluation_queue_progress requests=25000 pending_tokens=6 coalesced_tokens=33468 generation=1
2026-08-10 12:00:09,903 INFO predmarket.app - catalog_cleanup_cycle_completed deleted_versions=0 deleted_journal_rows=0 remaining_versions=0 remaining_journal_rows=0
2026-08-10 12:00:10,152 INFO predmarket.watch.task - watch_evaluation_abort_summary window_aborted=510 reason_counts=dependency_revision_changed:510 stage_counts=after_strategy:165,before_strategy:345 evaluation_requests=25809 evaluation_batches=5685 evaluation_coalesced=34444 pending_tokens=12 last_completed_summary_age_ms=2823 maximum_evaluation_elapsed_ms=188 sample_reason=dependency_revision_changed sample_stage=before_strategy sample_token_ids=100533687727497443541369483933299762930731780669782590957570011016994709318185,104764801815215006840218735731932203523559164204955657612872827684375163040798 sample_expected_revisions=100533687727497443541369483933299762930731780669782590957570011016994709318185:2975,104764801815215006840218735731932203523559164204955657612872827684375163040798:2963 sample_actual_revisions=100533687727497443541369483933299762930731780669782590957570011016994709318185:2979,104764801815215006840218735731932203523559164204955657612872827684375163040798:2967
2026-08-10 12:00:10,178 INFO predmarket.watch.task - watch_stream_progress messages=27000 event_type=price_change generation=1 cache_state=VALID
2026-08-10 12:00:10,387 INFO predmarket.watch.task - watch_evaluation_queue_progress requests=26000 pending_tokens=12 coalesced_tokens=34722 generation=1
2026-08-10 12:00:11,636 INFO predmarket.watch.task - watch_stream_progress messages=28000 event_type=price_change generation=1 cache_state=VALID
2026-08-10 12:00:12,547 INFO predmarket.watch.task - watch_evaluation_queue_progress requests=27000 pending_tokens=10 coalesced_tokens=35979 generation=1
2026-08-10 12:00:13,397 INFO predmarket.watch.task - watch_stream_progress messages=29000 event_type=price_change generation=1 cache_state=VALID
2026-08-10 12:00:13,823 INFO predmarket.watch.task - watch_evaluation_queue_progress requests=28000 pending_tokens=4 coalesced_tokens=37503 generation=1
2026-08-10 12:00:14,653 INFO predmarket.watch.task - watch_stream_progress messages=30000 event_type=price_change generation=1 cache_state=VALID
2026-08-10 12:00:15,065 INFO predmarket.watch.task - watch_evaluation_queue_progress requests=29000 pending_tokens=24 coalesced_tokens=39097 generation=1
2026-08-10 12:00:15,497 INFO predmarket.watch.task - watch_stream_progress messages=31000 event_type=last_trade_price generation=1 cache_state=VALID
2026-08-10 12:00:15,558 WARNING predmarket.watch.task - watch_exchange_clock_skew_warning generation=1 token_id=108325673242995499138908362762089527319229711414031262949213583111003123566796 exchange_timestamp=1786334415225 received_timestamp=1786334415437 exchange_clock_skew_ms=-212 exchange_clock_skew_warning_ms=100 evaluation_continues=true
2026-08-10 12:00:16,385 INFO predmarket.polymarket.gateway - market_stream_pump_progress generation=1 sdk_events_total=31718 sdk_events_delta=6867 sdk_rate_per_second=686.3 mapped_delta=6864 ignored_delta=3 mapping_ms_per_event=0.016 handoff_wait_ms_per_event=0.001 handoff_queue_size=1 handoff_queue_capacity=4096
2026-08-10 12:00:16,397 INFO predmarket.polymarket.gateway - market_stream_consumer_progress generation=1 events_total=31520 events_delta=6864 rate_per_second=686.0 queue_size=0 queue_capacity=65536 queue_utilization_pct=0.0 handle_dropped=0 manager_dropped=0
2026-08-10 12:00:16,397 INFO predmarket.watch.task - watch_price_change_progress messages=29621 messages_delta=6059 entries_per_message=2.00 book_levels_per_message=125.1 parse_ms_per_message=0.006 cache_ms_per_message=0.134 queue_ms_per_message=0.001
2026-08-10 12:00:16,397 INFO predmarket.watch.task - watch_stream_handler_progress messages=31520 messages_delta=6864 rate_per_second=686.0 event_counts=best_bid_ask:712,book:62,last_trade_price:31,price_change:6059 event_ms_per_message=best_bid_ask:0.002,book:0.251,last_trade_price:0.008,price_change:0.160
2026-08-10 12:00:16,602 INFO predmarket.watch.task - watch_evaluation_queue_progress requests=30000 pending_tokens=12 coalesced_tokens=40820 generation=1
2026-08-10 12:00:16,868 INFO predmarket.watch.task - watch_stream_progress messages=32000 event_type=book generation=1 cache_state=VALID
2026-08-10 12:00:17,369 INFO predmarket.watch.task - watch_evaluation_summary generation=1 tokens=6 generated_targets=12 targets=6 deduplicated_targets=6 persisted_signals=0 market_time=1786334417091 stream_silence_age_ms=0 decisions=ABSENT.PROFIT_BELOW_THRESHOLD:6 maximum_exchange_clock_skew_ms=-220 exchange_clock_skew_warning_ms=100 maximum_exchange_clock_skew_token_id=50940646408963453238635113892643295795715943123124267182415357448530392214022 exchange_timestamp=1786334417090 received_timestamp=1786334417310 best_return_rate=-0.04521025 required_return_rate=0.00750000 best_opportunity_key=BINARY_UNDERPRICED:3436107 best_market_ids=3436107 context_ms=2 strategy_ms=52 signal_apply_ms=0 elapsed_ms=55
2026-08-10 12:00:17,907 INFO predmarket.watch.task - watch_evaluation_batch_completed batch=6000 tokens=6 pending_tokens=10 generation=1 elapsed_ms=33
2026-08-10 12:00:18,373 INFO predmarket.watch.task - watch_evaluation_queue_progress requests=31000 pending_tokens=12 coalesced_tokens=42271 generation=1
2026-08-10 12:00:18,516 INFO predmarket.watch.task - watch_stream_progress messages=33000 event_type=price_change generation=1 cache_state=VALID
2026-08-10 12:00:20,200 INFO predmarket.watch.task - watch_evaluation_abort_summary window_aborted=364 reason_counts=dependency_revision_changed:364 stage_counts=after_strategy:132,before_strategy:232 evaluation_requests=31823 evaluation_batches=6085 evaluation_coalesced=43475 pending_tokens=12 last_completed_summary_age_ms=2831 maximum_evaluation_elapsed_ms=302 sample_reason=dependency_revision_changed sample_stage=after_strategy sample_token_ids=31629100688475301710039035676793029972891575873328548589488424510522784838245,38540212896209836315571565663577538031322436116097036792994284319281831455382 sample_expected_revisions=31629100688475301710039035676793029972891575873328548589488424510522784838245:1330,38540212896209836315571565663577538031322436116097036792994284319281831455382:1330 sample_actual_revisions=31629100688475301710039035676793029972891575873328548589488424510522784838245:1331,38540212896209836315571565663577538031322436116097036792994284319281831455382:1331
2026-08-10 12:00:20,410 INFO predmarket.watch.task - watch_stream_progress messages=34000 event_type=price_change generation=1 cache_state=VALID
2026-08-10 12:00:20,417 INFO predmarket.app - catalog_cleanup_cycle_completed deleted_versions=0 deleted_journal_rows=0 remaining_versions=0 remaining_journal_rows=0
2026-08-10 12:00:20,607 INFO predmarket.watch.task - watch_evaluation_queue_progress requests=32000 pending_tokens=4 coalesced_tokens=43681 generation=1
2026-08-10 12:00:22,338 INFO predmarket.watch.task - watch_stream_progress messages=35000 event_type=price_change generation=1 cache_state=VALID
2026-08-10 12:00:22,697 INFO predmarket.watch.task - watch_evaluation_queue_progress requests=33000 pending_tokens=8 coalesced_tokens=44855 generation=1
2026-08-10 12:00:23,989 INFO predmarket.watch.task - watch_stream_progress messages=36000 event_type=best_bid_ask generation=1 cache_state=VALID
2026-08-10 12:00:24,713 INFO predmarket.watch.task - watch_evaluation_queue_progress requests=34000 pending_tokens=12 coalesced_tokens=46198 generation=1
2026-08-10 12:00:26,615 INFO predmarket.polymarket.gateway - market_stream_pump_progress generation=1 sdk_events_total=36822 sdk_events_delta=5104 sdk_rate_per_second=498.9 mapped_delta=5078 ignored_delta=26 mapping_ms_per_event=0.017 handoff_wait_ms_per_event=0.001 handoff_queue_size=1 handoff_queue_capacity=4096
2026-08-10 12:00:26,616 INFO predmarket.polymarket.gateway - market_stream_consumer_progress generation=1 events_total=36598 events_delta=5078 rate_per_second=496.9 queue_size=0 queue_capacity=65536 queue_utilization_pct=0.0 handle_dropped=0 manager_dropped=0
2026-08-10 12:00:26,617 INFO predmarket.watch.task - watch_price_change_progress messages=34001 messages_delta=4380 entries_per_message=2.00 book_levels_per_message=129.6 parse_ms_per_message=0.006 cache_ms_per_message=0.140 queue_ms_per_message=0.001
2026-08-10 12:00:26,617 INFO predmarket.watch.task - watch_stream_handler_progress messages=36598 messages_delta=5078 rate_per_second=496.9 event_counts=best_bid_ask:608,book:60,last_trade_price:30,price_change:4380 event_ms_per_message=best_bid_ask:0.003,book:0.245,last_trade_price:0.002,price_change:0.168
2026-08-10 12:00:26,645 WARNING predmarket.watch.task - watch_exchange_clock_skew_warning generation=1 token_id=114652629726039533771198883203883175482382897759526240642381223716893801890305 exchange_timestamp=1786334425173 received_timestamp=1786334426615 exchange_clock_skew_ms=-1442 exchange_clock_skew_warning_ms=100 evaluation_continues=true
2026-08-10 12:00:27,081 INFO predmarket.watch.task - watch_stream_progress messages=37000 event_type=price_change generation=1 cache_state=VALID
2026-08-10 12:00:27,509 INFO predmarket.watch.task - watch_evaluation_summary generation=1 tokens=4 generated_targets=8 targets=4 deduplicated_targets=4 persisted_signals=0 market_time=1786334427502 stream_silence_age_ms=0 decisions=ABSENT.PROFIT_BELOW_THRESHOLD:4 maximum_exchange_clock_skew_ms=-212 exchange_clock_skew_warning_ms=100 maximum_exchange_clock_skew_token_id=108325673242995499138908362762089527319229711414031262949213583111003123566796 exchange_timestamp=1786334415225 received_timestamp=1786334415437 best_return_rate=-0.04533786 required_return_rate=0.00750000 best_opportunity_key=BINARY_UNDERPRICED:3436103 best_market_ids=3436103 context_ms=1 strategy_ms=27 signal_apply_ms=0 elapsed_ms=29
2026-08-10 12:00:27,714 INFO predmarket.watch.task - watch_evaluation_queue_progress requests=35000 pending_tokens=2 coalesced_tokens=47798 generation=1
2026-08-10 12:00:28,756 INFO predmarket.watch.task - watch_stream_progress messages=38000 event_type=price_change generation=1 cache_state=VALID
2026-08-10 12:00:29,887 INFO predmarket.watch.task - watch_evaluation_queue_progress requests=36000 pending_tokens=2 coalesced_tokens=49112 generation=1
2026-08-10 12:00:30,803 INFO predmarket.app - catalog_cleanup_cycle_completed deleted_versions=0 deleted_journal_rows=0 remaining_versions=0 remaining_journal_rows=0
2026-08-10 12:00:31,102 INFO predmarket.watch.task - watch_stream_progress messages=39000 event_type=price_change generation=1 cache_state=VALID
2026-08-10 12:00:31,142 INFO predmarket.watch.task - watch_evaluation_abort_summary window_aborted=367 reason_counts=dependency_revision_changed:367 stage_counts=after_strategy:127,before_strategy:240 evaluation_requests=36297 evaluation_batches=6493 evaluation_coalesced=49555 pending_tokens=20 last_completed_summary_age_ms=3633 maximum_evaluation_elapsed_ms=193 sample_reason=dependency_revision_changed sample_stage=after_strategy sample_token_ids=42510750590941529190948547648591091159961726742666138609147094754699623789186,9527897186028883866601376291426044887292125040180168165330522910551404848146 sample_expected_revisions=42510750590941529190948547648591091159961726742666138609147094754699623789186:4091,9527897186028883866601376291426044887292125040180168165330522910551404848146:4090 sample_actual_revisions=42510750590941529190948547648591091159961726742666138609147094754699623789186:4096,9527897186028883866601376291426044887292125040180168165330522910551404848146:4095
2026-08-10 12:00:32,299 INFO predmarket.watch.task - watch_evaluation_queue_progress requests=37000 pending_tokens=12 coalesced_tokens=50739 generation=1
2026-08-10 12:00:32,431 INFO predmarket.watch.task - watch_stream_progress messages=40000 event_type=price_change generation=1 cache_state=VALID
2026-08-10 12:00:33,410 INFO predmarket.watch.task - watch_evaluation_queue_progress requests=38000 pending_tokens=4 coalesced_tokens=52274 generation=1
2026-08-10 12:00:33,697 INFO predmarket.watch.task - watch_stream_progress messages=41000 event_type=price_change generation=1 cache_state=VALID
2026-08-10 12:00:36,169 INFO predmarket.watch.task - watch_stream_progress messages=42000 event_type=price_change generation=1 cache_state=VALID
2026-08-10 12:00:36,174 INFO predmarket.watch.task - watch_evaluation_queue_progress requests=39000 pending_tokens=10 coalesced_tokens=53508 generation=1
2026-08-10 12:00:36,616 INFO predmarket.polymarket.gateway - market_stream_pump_progress generation=1 sdk_events_total=42545 sdk_events_delta=5723 sdk_rate_per_second=572.2 mapped_delta=5681 ignored_delta=42 mapping_ms_per_event=0.016 handoff_wait_ms_per_event=0.001 handoff_queue_size=1 handoff_queue_capacity=4096
2026-08-10 12:00:36,617 INFO predmarket.polymarket.gateway - market_stream_consumer_progress generation=1 events_total=42279 events_delta=5681 rate_per_second=568.1 queue_size=0 queue_capacity=65536 queue_utilization_pct=0.0 handle_dropped=0 manager_dropped=0
2026-08-10 12:00:36,617 INFO predmarket.watch.task - watch_price_change_progress messages=39022 messages_delta=5021 entries_per_message=2.00 book_levels_per_message=126.8 parse_ms_per_message=0.006 cache_ms_per_message=0.139 queue_ms_per_message=0.001
2026-08-10 12:00:36,617 INFO predmarket.watch.task - watch_stream_handler_progress messages=42280 messages_delta=5682 rate_per_second=568.2 event_counts=best_bid_ask:612,book:36,last_trade_price:13,price_change:5021 event_ms_per_message=best_bid_ask:0.002,book:0.213,last_trade_price:0.002,price_change:0.165
2026-08-10 12:00:36,838 WARNING predmarket.watch.task - watch_exchange_clock_skew_warning generation=1 token_id=66039412137422263793232701847037621719749583556397561524186419779218110197445 exchange_timestamp=1786334431989 received_timestamp=1786334432389 exchange_clock_skew_ms=-400 exchange_clock_skew_warning_ms=100 evaluation_continues=true
2026-08-10 12:00:37,417 INFO predmarket.watch.task - watch_stream_progress messages=43000 event_type=price_change generation=1 cache_state=VALID
2026-08-10 12:00:37,574 INFO predmarket.watch.task - watch_evaluation_queue_progress requests=40000 pending_tokens=8 coalesced_tokens=55269 generation=1
2026-08-10 12:00:37,720 INFO predmarket.watch.task - watch_evaluation_summary generation=1 tokens=14 generated_targets=28 targets=14 deduplicated_targets=14 persisted_signals=0 market_time=1786334437077 stream_silence_age_ms=2 decisions=ABSENT.PROFIT_BELOW_THRESHOLD:14 maximum_exchange_clock_skew_ms=-564 exchange_clock_skew_warning_ms=100 maximum_exchange_clock_skew_token_id=100533687727497443541369483933299762930731780669782590957570011016994709318185 exchange_timestamp=1786334437064 received_timestamp=1786334437628 best_return_rate=-0.04498047 required_return_rate=0.00750000 best_opportunity_key=BINARY_UNDERPRICED:3436115 best_market_ids=3436115 context_ms=1 strategy_ms=80 signal_apply_ms=0 elapsed_ms=82
2026-08-10 12:00:38,030 WARNING predmarket.polymarket.gateway - market_stream_connection_lost close_code=1013 close_reason='slow consumer: send buffer full' socket_state=CLOSED reader_exception_type=none reader_exception='' parser_exception_type=none parser_exception='' heartbeat_age_seconds=1.654 websocket_latency_seconds=0.210 websocket_frame_queue_size=0 websocket_frame_queue_high=16 websocket_frame_queue_low=4 websocket_frame_queue_paused=False transport_closing=True
2026-08-10 12:00:38,031 WARNING predmarket.watch.task - watch_subscription_invalidated reason_code=SDK_DISCONNECTED detail=connection_lost generation=1 tokens=100
2026-08-10 12:00:38,031 INFO predmarket.watch.task - watch_evaluation_queue_discarded tokens=14 generation=1 reason=connection_lost
2026-08-10 12:00:38,034 INFO predmarket.watch.task - watch_recovery_started tokens=100
2026-08-10 12:00:38,034 INFO predmarket.polymarket.gateway - market_recovery_started generation=2 tokens=100 token_id_bytes=7701
2026-08-10 12:00:38,475 INFO predmarket.polymarket.gateway - market_stream_subscribed generation=2 tokens=100 elapsed_ms=440
2026-08-10 12:00:38,475 INFO predmarket.polymarket.gateway - market_recovery_books_started generation=2 tokens=100
2026-08-10 12:00:38,801 INFO predmarket.polymarket.gateway - market_recovery_books_received generation=2 tokens=100 books=100 elapsed_ms=325
2026-08-10 12:00:38,802 INFO predmarket.polymarket.gateway - market_recovery_completed generation=2 tokens=100 elapsed_ms=767
2026-08-10 12:00:38,802 INFO predmarket.watch.task - watch_recovery_baseline_received tokens=100 books=100 generation=2 elapsed_ms=767
2026-08-10 12:00:38,802 INFO predmarket.watch.task - watch_market_clock_initialized generation=2 market_time=1786334438777 books=100
2026-08-10 12:00:38,802 INFO predmarket.watch.task - watch_evaluation_started tokens=100
2026-08-10 12:00:39,067 INFO predmarket.watch.task - watch_evaluation_summary generation=2 tokens=100 generated_targets=200 targets=100 deduplicated_targets=100 persisted_signals=0 market_time=1786334438777 stream_silence_age_ms=0 decisions=ABSENT.PROFIT_BELOW_THRESHOLD:24,NOT_EVALUABLE.ORDERBOOK_STALE.orderbook_stale:76 maximum_exchange_clock_skew_ms=-563166 exchange_clock_skew_warning_ms=100 maximum_exchange_clock_skew_token_id=109346712886616434680770488554275478788946476448205847563463708255068327735787 exchange_timestamp=1786333875620 received_timestamp=1786334438786 best_return_rate=-0.04367626 required_return_rate=0.00750000 best_opportunity_key=BINARY_UNDERPRICED:3436100 best_market_ids=3436100 context_ms=3 strategy_ms=257 signal_apply_ms=0 elapsed_ms=264
2026-08-10 12:00:39,067 INFO predmarket.watch.task - watch_evaluation_completed tokens=100 elapsed_ms=265
2026-08-10 12:00:39,067 INFO predmarket.watch.task - watch_subscribed markets=50 tokens=100 generation=2
2026-08-10 12:00:39,501 INFO predmarket.polymarket.gateway - market_stream_pump_progress generation=2 sdk_events_total=1 sdk_events_delta=1 sdk_rate_per_second=1.0 mapped_delta=1 ignored_delta=0 mapping_ms_per_event=0.177 handoff_wait_ms_per_event=0.004 handoff_queue_size=1 handoff_queue_capacity=4096
2026-08-10 12:00:39,519 INFO predmarket.polymarket.gateway - market_stream_consumer_progress generation=2 events_total=1 events_delta=1 rate_per_second=1.0 queue_size=0 queue_capacity=65536 queue_utilization_pct=0.0 handle_dropped=0 manager_dropped=0
2026-08-10 12:00:39,686 INFO predmarket.watch.task - watch_stream_progress messages=44000 event_type=price_change generation=2 cache_state=VALID
2026-08-10 12:00:39,835 INFO predmarket.watch.task - watch_evaluation_queue_progress requests=41000 pending_tokens=14 coalesced_tokens=57013 generation=2
2026-08-10 12:00:40,688 INFO predmarket.watch.task - watch_stream_progress messages=45000 event_type=price_change generation=2 cache_state=VALID
2026-08-10 12:00:41,185 INFO predmarket.watch.task - watch_evaluation_abort_summary window_aborted=234 reason_counts=cache_invalid_or_closed:1,dependency_revision_changed:233 stage_counts=after_batch_context:1,after_strategy:75,before_strategy:158 evaluation_requests=41940 evaluation_batches=6759 evaluation_coalesced=58489 pending_tokens=12 last_completed_summary_age_ms=2117 maximum_evaluation_elapsed_ms=505 sample_reason=dependency_revision_changed sample_stage=after_strategy sample_token_ids=100533687727497443541369483933299762930731780669782590957570011016994709318185,104764801815215006840218735731932203523559164204955657612872827684375163040798 sample_expected_revisions=100533687727497443541369483933299762930731780669782590957570011016994709318185:434,104764801815215006840218735731932203523559164204955657612872827684375163040798:434 sample_actual_revisions=100533687727497443541369483933299762930731780669782590957570011016994709318185:436,104764801815215006840218735731932203523559164204955657612872827684375163040798:436
2026-08-10 12:00:41,327 INFO predmarket.watch.task - watch_evaluation_queue_progress requests=42000 pending_tokens=2 coalesced_tokens=58567 generation=2
2026-08-10 12:00:41,361 INFO predmarket.app - catalog_cleanup_cycle_completed deleted_versions=0 deleted_journal_rows=0 remaining_versions=0 remaining_journal_rows=0
2026-08-10 12:00:42,692 INFO predmarket.watch.task - watch_stream_progress messages=46000 event_type=price_change generation=2 cache_state=VALID
2026-08-10 12:00:42,940 INFO predmarket.watch.task - watch_evaluation_queue_progress requests=43000 pending_tokens=4 coalesced_tokens=60323 generation=2
2026-08-10 12:00:44,376 INFO predmarket.watch.task - watch_stream_progress messages=47000 event_type=best_bid_ask generation=2 cache_state=VALID
2026-08-10 12:00:45,049 INFO predmarket.watch.task - watch_evaluation_queue_progress requests=44000 pending_tokens=6 coalesced_tokens=61711 generation=2
2026-08-10 12:00:46,473 INFO predmarket.watch.task - watch_stream_progress messages=48000 event_type=price_change generation=2 cache_state=VALID
2026-08-10 12:00:46,623 INFO predmarket.watch.task - watch_price_change_progress messages=44155 messages_delta=5133 entries_per_message=2.00 book_levels_per_message=135.9 parse_ms_per_message=0.006 cache_ms_per_message=0.145 queue_ms_per_message=0.001
2026-08-10 12:00:46,623 INFO predmarket.watch.task - watch_stream_handler_progress messages=48073 messages_delta=5793 rate_per_second=579.0 event_counts=best_bid_ask:476,book:138,invalidated:1,last_trade_price:24,price_change:5154 event_ms_per_message=best_bid_ask:0.003,book:0.299,invalidated:1036.704,last_trade_price:0.002,price_change:0.171
2026-08-10 12:00:46,859 WARNING predmarket.watch.task - watch_exchange_clock_skew_warning generation=2 token_id=55117693870079238772824189339305035652702596264303214987988238412221239322103 exchange_timestamp=1786333875620 received_timestamp=1786334439512 exchange_clock_skew_ms=-563892 exchange_clock_skew_warning_ms=100 evaluation_continues=true
2026-08-10 12:00:47,771 INFO predmarket.watch.task - watch_evaluation_queue_progress requests=45000 pending_tokens=10 coalesced_tokens=63255 generation=2
2026-08-10 12:00:48,690 INFO predmarket.watch.task - watch_stream_progress messages=49000 event_type=price_change generation=2 cache_state=VALID
2026-08-10 12:00:49,078 INFO predmarket.watch.task - watch_evaluation_summary generation=2 tokens=2 generated_targets=4 targets=2 deduplicated_targets=2 persisted_signals=0 market_time=1786334448188 stream_silence_age_ms=17 decisions=ABSENT.PROFIT_BELOW_THRESHOLD:2 maximum_exchange_clock_skew_ms=-563892 exchange_clock_skew_warning_ms=100 maximum_exchange_clock_skew_token_id=55117693870079238772824189339305035652702596264303214987988238412221239322103 exchange_timestamp=1786333875620 received_timestamp=1786334439512 best_return_rate=-0.04510814 required_return_rate=0.00750000 best_opportunity_key=BINARY_UNDERPRICED:3436107 best_market_ids=3436107 context_ms=1 strategy_ms=14 signal_apply_ms=0 elapsed_ms=15
2026-08-10 12:00:49,550 INFO predmarket.polymarket.gateway - market_stream_pump_progress generation=2 sdk_events_total=5735 sdk_events_delta=5734 sdk_rate_per_second=570.6 mapped_delta=5687 ignored_delta=47 mapping_ms_per_event=0.019 handoff_wait_ms_per_event=0.001 handoff_queue_size=1 handoff_queue_capacity=4096
2026-08-10 12:00:49,552 INFO predmarket.polymarket.gateway - market_stream_consumer_progress generation=2 events_total=5688 events_delta=5687 rate_per_second=566.8 queue_size=113 queue_capacity=65536 queue_utilization_pct=0.2 handle_dropped=0 manager_dropped=0
2026-08-10 12:00:50,063 INFO predmarket.watch.task - watch_evaluation_queue_progress requests=46000 pending_tokens=8 coalesced_tokens=64900 generation=2
2026-08-10 12:00:50,210 INFO predmarket.watch.task - watch_evaluation_batch_completed batch=7000 tokens=4 pending_tokens=0 generation=2 elapsed_ms=39
2026-08-10 12:00:50,977 INFO predmarket.watch.task - watch_stream_progress messages=50000 event_type=price_change generation=2 cache_state=VALID
2026-08-10 12:00:51,365 INFO predmarket.watch.task - watch_evaluation_abort_summary window_aborted=224 reason_counts=dependency_revision_changed:224 stage_counts=after_strategy:83,before_strategy:141 evaluation_requests=46319 evaluation_batches=7026 evaluation_coalesced=65383 pending_tokens=2 last_completed_summary_age_ms=2288 maximum_evaluation_elapsed_ms=225 sample_reason=dependency_revision_changed sample_stage=before_strategy sample_token_ids=50940646408963453238635113892643295795715943123124267182415357448530392214022,66484835772642281574260105084083260613874850000865828870340716696170084116122 sample_expected_revisions=50940646408963453238635113892643295795715943123124267182415357448530392214022:848,66484835772642281574260105084083260613874850000865828870340716696170084116122:849 sample_actual_revisions=50940646408963453238635113892643295795715943123124267182415357448530392214022:852,66484835772642281574260105084083260613874850000865828870340716696170084116122:853
2026-08-10 12:00:51,803 INFO predmarket.app - catalog_cleanup_cycle_completed deleted_versions=0 deleted_journal_rows=0 remaining_versions=0 remaining_journal_rows=0
2026-08-10 12:00:54,636 INFO predmarket.watch.task - watch_evaluation_queue_progress requests=47000 pending_tokens=6 coalesced_tokens=66321 generation=2
2026-08-10 12:00:55,294 INFO predmarket.watch.task - watch_stream_progress messages=51000 event_type=price_change generation=2 cache_state=VALID
2026-08-10 12:00:56,627 INFO predmarket.watch.task - watch_price_change_progress messages=47061 messages_delta=2906 entries_per_message=2.00 book_levels_per_message=132.4 parse_ms_per_message=0.007 cache_ms_per_message=0.147 queue_ms_per_message=0.001
2026-08-10 12:00:56,627 INFO predmarket.watch.task - watch_stream_handler_progress messages=51258 messages_delta=3185 rate_per_second=318.4 event_counts=best_bid_ask:234,book:30,last_trade_price:15,price_change:2906 event_ms_per_message=best_bid_ask:0.002,book:0.241,last_trade_price:0.003,price_change:0.175
2026-08-10 12:00:56,875 WARNING predmarket.watch.task - watch_exchange_clock_skew_warning generation=2 token_id=55117693870079238772824189339305035652702596264303214987988238412221239322103 exchange_timestamp=1786333875620 received_timestamp=1786334439512 exchange_clock_skew_ms=-563892 exchange_clock_skew_warning_ms=100 evaluation_continues=true
2026-08-10 12:00:59,191 INFO predmarket.watch.task - watch_evaluation_summary generation=2 tokens=14 generated_targets=28 targets=14 deduplicated_targets=14 persisted_signals=0 market_time=1786334449848 stream_silence_age_ms=0 decisions=ABSENT.PROFIT_BELOW_THRESHOLD:14 maximum_exchange_clock_skew_ms=-563892 exchange_clock_skew_warning_ms=100 maximum_exchange_clock_skew_token_id=55117693870079238772824189339305035652702596264303214987988238412221239322103 exchange_timestamp=1786333875620 received_timestamp=1786334439512 best_return_rate=-0.04144320 required_return_rate=0.00750000 best_opportunity_key=BINARY_UNDERPRICED:3436100 best_market_ids=3436100 context_ms=2 strategy_ms=108 signal_apply_ms=0 elapsed_ms=111
2026-08-10 12:00:59,556 INFO predmarket.polymarket.gateway - market_stream_pump_progress generation=2 sdk_events_total=8325 sdk_events_delta=2590 sdk_rate_per_second=258.8 mapped_delta=2580 ignored_delta=10 mapping_ms_per_event=0.019 handoff_wait_ms_per_event=0.001 handoff_queue_size=1 handoff_queue_capacity=4096
2026-08-10 12:00:59,557 INFO predmarket.polymarket.gateway - market_stream_consumer_progress generation=2 events_total=8268 events_delta=2580 rate_per_second=257.9 queue_size=0 queue_capacity=65536 queue_utilization_pct=0.0 handle_dropped=0 manager_dropped=0
2026-08-10 12:00:59,748 INFO predmarket.watch.task - watch_evaluation_queue_progress requests=48000 pending_tokens=4 coalesced_tokens=67673 generation=2
2026-08-10 12:00:59,828 INFO predmarket.watch.task - watch_stream_progress messages=52000 event_type=price_change generation=2 cache_state=VALID
2026-08-10 12:01:01,378 INFO predmarket.watch.task - watch_evaluation_abort_summary window_aborted=127 reason_counts=dependency_revision_changed:127 stage_counts=after_strategy:64,before_strategy:63 evaluation_requests=48278 evaluation_batches=7259 evaluation_coalesced=68003 pending_tokens=14 last_completed_summary_age_ms=2186 maximum_evaluation_elapsed_ms=226 sample_reason=dependency_revision_changed sample_stage=after_strategy sample_token_ids=13820701531397334086290643182250143372372789902776114737213543203387949106844,76547637350891244111903445543396255498470989453196531094154182632629684354217 sample_expected_revisions=13820701531397334086290643182250143372372789902776114737213543203387949106844:117,76547637350891244111903445543396255498470989453196531094154182632629684354217:117 sample_actual_revisions=13820701531397334086290643182250143372372789902776114737213543203387949106844:119,76547637350891244111903445543396255498470989453196531094154182632629684354217:119
2026-08-10 12:01:02,321 INFO predmarket.app - catalog_cleanup_cycle_completed deleted_versions=0 deleted_journal_rows=0 remaining_versions=0 remaining_journal_rows=0
2026-08-10 12:01:04,941 INFO predmarket.watch.task - watch_stream_progress messages=53000 event_type=price_change generation=2 cache_state=VALID
2026-08-10 12:01:05,144 INFO predmarket.watch.task - watch_evaluation_queue_progress requests=49000 pending_tokens=4 coalesced_tokens=68919 generation=2
2026-08-10 12:01:06,961 INFO predmarket.watch.task - watch_price_change_progress messages=48974 messages_delta=1913 entries_per_message=2.00 book_levels_per_message=136.8 parse_ms_per_message=0.007 cache_ms_per_message=0.153 queue_ms_per_message=0.001
2026-08-10 12:01:06,961 INFO predmarket.watch.task - watch_stream_handler_progress messages=53403 messages_delta=2145 rate_per_second=207.6 event_counts=best_bid_ask:196,book:24,last_trade_price:12,price_change:1913 event_ms_per_message=best_bid_ask:0.002,book:0.271,last_trade_price:0.003,price_change:0.183
2026-08-10 12:01:07,019 WARNING predmarket.watch.task - watch_exchange_clock_skew_warning generation=2 token_id=55117693870079238772824189339305035652702596264303214987988238412221239322103 exchange_timestamp=1786333875620 received_timestamp=1786334439512 exchange_clock_skew_ms=-563892 exchange_clock_skew_warning_ms=100 evaluation_continues=true
2026-08-10 12:01:09,208 INFO predmarket.watch.task - watch_evaluation_summary generation=2 tokens=10 generated_targets=20 targets=10 deduplicated_targets=10 persisted_signals=0 market_time=1786334452902 stream_silence_age_ms=2 decisions=ABSENT.PROFIT_BELOW_THRESHOLD:10 maximum_exchange_clock_skew_ms=-563892 exchange_clock_skew_warning_ms=100 maximum_exchange_clock_skew_token_id=55117693870079238772824189339305035652702596264303214987988238412221239322103 exchange_timestamp=1786333875620 received_timestamp=1786334439512 best_return_rate=-0.04188037 required_return_rate=0.00750000 best_opportunity_key=BINARY_UNDERPRICED:3436107 best_market_ids=3436107 context_ms=1 strategy_ms=237 signal_apply_ms=0 elapsed_ms=239
2026-08-10 12:01:09,588 INFO predmarket.polymarket.gateway - market_stream_pump_progress generation=2 sdk_events_total=10376 sdk_events_delta=2051 sdk_rate_per_second=204.5 mapped_delta=2021 ignored_delta=30 mapping_ms_per_event=0.019 handoff_wait_ms_per_event=0.001 handoff_queue_size=1 handoff_queue_capacity=4096
2026-08-10 12:01:09,588 INFO predmarket.polymarket.gateway - market_stream_consumer_progress generation=2 events_total=10289 events_delta=2021 rate_per_second=201.5 queue_size=0 queue_capacity=65536 queue_utilization_pct=0.0 handle_dropped=0 manager_dropped=0
2026-08-10 12:01:09,825 INFO predmarket.watch.task - watch_stream_progress messages=54000 event_type=price_change generation=2 cache_state=VALID
2026-08-10 12:01:10,693 INFO predmarket.watch.task - watch_evaluation_queue_progress requests=50000 pending_tokens=2 coalesced_tokens=70147 generation=2
2026-08-10 12:01:11,471 INFO predmarket.watch.task - watch_evaluation_abort_summary window_aborted=133 reason_counts=dependency_revision_changed:133 stage_counts=after_strategy:73,before_strategy:60 evaluation_requests=50101 evaluation_batches=7451 evaluation_coalesced=70269 pending_tokens=8 last_completed_summary_age_ms=2264 maximum_evaluation_elapsed_ms=98 sample_reason=dependency_revision_changed sample_stage=before_strategy sample_token_ids=50940646408963453238635113892643295795715943123124267182415357448530392214022,66484835772642281574260105084083260613874850000865828870340716696170084116122 sample_expected_revisions=50940646408963453238635113892643295795715943123124267182415357448530392214022:1542,66484835772642281574260105084083260613874850000865828870340716696170084116122:1543 sample_actual_revisions=50940646408963453238635113892643295795715943123124267182415357448530392214022:1545,66484835772642281574260105084083260613874850000865828870340716696170084116122:1546
2026-08-10 12:01:12,748 INFO predmarket.app - catalog_cleanup_cycle_completed deleted_versions=0 deleted_journal_rows=0 remaining_versions=0 remaining_journal_rows=0
2026-08-10 12:01:16,981 INFO predmarket.watch.task - watch_price_change_progress messages=50440 messages_delta=1466 entries_per_message=2.00 book_levels_per_message=139.9 parse_ms_per_message=0.007 cache_ms_per_message=0.162 queue_ms_per_message=0.001
2026-08-10 12:01:16,981 INFO predmarket.watch.task - watch_stream_handler_progress messages=54996 messages_delta=1593 rate_per_second=159.0 event_counts=best_bid_ask:112,book:10,last_trade_price:5,price_change:1466 event_ms_per_message=best_bid_ask:0.003,book:0.265,last_trade_price:0.003,price_change:0.193
2026-08-10 12:01:17,020 INFO predmarket.watch.task - watch_stream_progress messages=55000 event_type=price_change generation=2 cache_state=VALID
2026-08-10 12:01:17,023 WARNING predmarket.watch.task - watch_exchange_clock_skew_warning generation=2 token_id=55117693870079238772824189339305035652702596264303214987988238412221239322103 exchange_timestamp=1786333875620 received_timestamp=1786334439512 exchange_clock_skew_ms=-563892 exchange_clock_skew_warning_ms=100 evaluation_continues=true
2026-08-10 12:01:18,191 INFO predmarket.watch.task - watch_evaluation_queue_progress requests=51000 pending_tokens=12 coalesced_tokens=71388 generation=2
2026-08-10 12:01:18,990 WARNING predmarket.polymarket.gateway - market_stream_connection_lost close_code=1006 close_reason='' socket_state=CLOSED reader_exception_type=TimeoutError reader_exception='timed out while closing connection' parser_exception_type=none parser_exception='' heartbeat_age_seconds=26.045 websocket_latency_seconds=0.000 websocket_frame_queue_size=0 websocket_frame_queue_high=16 websocket_frame_queue_low=4 websocket_frame_queue_paused=False transport_closing=True
2026-08-10 12:01:19,002 WARNING predmarket.watch.task - watch_subscription_invalidated reason_code=SDK_DISCONNECTED detail=connection_lost generation=2 tokens=100
2026-08-10 12:01:19,007 INFO predmarket.watch.task - watch_recovery_started tokens=100
2026-08-10 12:01:19,007 INFO predmarket.polymarket.gateway - market_recovery_started generation=3 tokens=100 token_id_bytes=7701
2026-08-10 12:01:19,453 INFO predmarket.polymarket.gateway - market_stream_subscribed generation=3 tokens=100 elapsed_ms=445
2026-08-10 12:01:19,453 INFO predmarket.polymarket.gateway - market_recovery_books_started generation=3 tokens=100
2026-08-10 12:01:20,464 INFO predmarket.polymarket.gateway - market_stream_pump_progress generation=3 sdk_events_total=1 sdk_events_delta=1 sdk_rate_per_second=1.0 mapped_delta=1 ignored_delta=0 mapping_ms_per_event=0.320 handoff_wait_ms_per_event=0.005 handoff_queue_size=1 handoff_queue_capacity=4096
2026-08-10 12:01:20,484 INFO predmarket.polymarket.gateway - market_stream_consumer_progress generation=3 events_total=1 events_delta=1 rate_per_second=1.0 queue_size=0 queue_capacity=65536 queue_utilization_pct=0.0 handle_dropped=0 manager_dropped=0
2026-08-10 12:01:20,990 INFO predmarket.polymarket.gateway - market_recovery_books_received generation=3 tokens=100 books=100 elapsed_ms=1536
2026-08-10 12:01:20,990 INFO predmarket.polymarket.gateway - market_recovery_completed generation=3 tokens=100 elapsed_ms=1982
2026-08-10 12:01:20,990 INFO predmarket.watch.task - watch_recovery_baseline_received tokens=100 books=100 generation=3 elapsed_ms=1982
2026-08-10 12:01:20,990 INFO predmarket.watch.task - watch_market_clock_initialized generation=3 market_time=1786334479726 books=100
2026-08-10 12:01:20,990 INFO predmarket.watch.task - watch_evaluation_started tokens=100
2026-08-10 12:01:21,302 INFO predmarket.watch.task - watch_evaluation_summary generation=3 tokens=100 generated_targets=200 targets=100 deduplicated_targets=100 persisted_signals=0 market_time=1786334479726 stream_silence_age_ms=0 decisions=ABSENT.PROFIT_BELOW_THRESHOLD:28,NOT_EVALUABLE.ORDERBOOK_STALE.orderbook_stale:72 maximum_exchange_clock_skew_ms=-605357 exchange_clock_skew_warning_ms=100 maximum_exchange_clock_skew_token_id=109346712886616434680770488554275478788946476448205847563463708255068327735787 exchange_timestamp=1786333875620 received_timestamp=1786334480977 best_return_rate=-0.03886355 required_return_rate=0.00750000 best_opportunity_key=BINARY_UNDERPRICED:3436107 best_market_ids=3436107 context_ms=3 strategy_ms=303 signal_apply_ms=0 elapsed_ms=311
2026-08-10 12:01:21,302 INFO predmarket.watch.task - watch_evaluation_completed tokens=100 elapsed_ms=311
2026-08-10 12:01:21,302 INFO predmarket.watch.task - watch_subscribed markets=50 tokens=100 generation=3
2026-08-10 12:01:21,553 INFO predmarket.watch.task - watch_stream_progress messages=56000 event_type=price_change generation=3 cache_state=VALID
2026-08-10 12:01:21,684 INFO predmarket.watch.task - watch_evaluation_queue_progress requests=52000 pending_tokens=14 coalesced_tokens=73150 generation=3
2026-08-10 12:01:21,734 INFO predmarket.watch.task - watch_evaluation_abort_summary window_aborted=46 reason_counts=dependency_revision_changed:46 stage_counts=after_strategy:25,before_strategy:21 evaluation_requests=52093 evaluation_batches=7555 evaluation_coalesced=73330 pending_tokens=20 last_completed_summary_age_ms=433 maximum_evaluation_elapsed_ms=125 sample_reason=dependency_revision_changed sample_stage=before_strategy sample_token_ids=100533687727497443541369483933299762930731780669782590957570011016994709318185,104764801815215006840218735731932203523559164204955657612872827684375163040798 sample_expected_revisions=100533687727497443541369483933299762930731780669782590957570011016994709318185:211,104764801815215006840218735731932203523559164204955657612872827684375163040798:211 sample_actual_revisions=100533687727497443541369483933299762930731780669782590957570011016994709318185:245,104764801815215006840218735731932203523559164204955657612872827684375163040798:245
2026-08-10 12:01:23,397 INFO predmarket.app - catalog_cleanup_cycle_completed deleted_versions=0 deleted_journal_rows=0 remaining_versions=0 remaining_journal_rows=0
2026-08-10 12:01:23,810 INFO predmarket.watch.task - watch_stream_progress messages=57000 event_type=price_change generation=3 cache_state=VALID
2026-08-10 12:01:24,164 INFO predmarket.watch.task - watch_evaluation_queue_progress requests=53000 pending_tokens=10 coalesced_tokens=74366 generation=3
2026-08-10 12:01:24,596 INFO predmarket.watch.task - watch_stream_progress messages=58000 event_type=last_trade_price generation=3 cache_state=VALID
2026-08-10 12:01:25,589 INFO predmarket.watch.task - watch_evaluation_queue_progress requests=54000 pending_tokens=6 coalesced_tokens=75947 generation=3
2026-08-10 12:01:26,982 INFO predmarket.watch.task - watch_price_change_progress messages=53979 messages_delta=3539 entries_per_message=2.00 book_levels_per_message=132.9 parse_ms_per_message=0.006 cache_ms_per_message=0.143 queue_ms_per_message=0.001
2026-08-10 12:01:26,982 INFO predmarket.watch.task - watch_stream_handler_progress messages=58863 messages_delta=3867 rate_per_second=386.7 event_counts=best_bid_ask:182,book:124,invalidated:1,last_trade_price:10,price_change:3550 event_ms_per_message=best_bid_ask:0.002,book:0.281,invalidated:2299.755,last_trade_price:0.023,price_change:0.170
2026-08-10 12:01:27,035 WARNING predmarket.watch.task - watch_exchange_clock_skew_warning generation=3 token_id=55117693870079238772824189339305035652702596264303214987988238412221239322103 exchange_timestamp=1786333875620 received_timestamp=1786334480473 exchange_clock_skew_ms=-604853 exchange_clock_skew_warning_ms=100 evaluation_continues=true
2026-08-10 12:01:27,296 INFO predmarket.watch.task - watch_stream_progress messages=59000 event_type=price_change generation=3 cache_state=VALID
2026-08-10 12:01:28,401 INFO predmarket.watch.task - watch_evaluation_queue_progress requests=55000 pending_tokens=10 coalesced_tokens=76955 generation=3
2026-08-10 12:01:29,631 INFO predmarket.watch.task - watch_stream_progress messages=60000 event_type=price_change generation=3 cache_state=VALID
2026-08-10 12:01:30,396 INFO predmarket.watch.task - watch_evaluation_queue_progress requests=56000 pending_tokens=6 coalesced_tokens=78167 generation=3
2026-08-10 12:01:30,472 INFO predmarket.polymarket.gateway - market_stream_pump_progress generation=3 sdk_events_total=5332 sdk_events_delta=5331 sdk_rate_per_second=532.7 mapped_delta=5331 ignored_delta=0 mapping_ms_per_event=0.020 handoff_wait_ms_per_event=0.001 handoff_queue_size=1 handoff_queue_capacity=4096
2026-08-10 12:01:30,490 INFO predmarket.polymarket.gateway - market_stream_consumer_progress generation=3 events_total=5337 events_delta=5336 rate_per_second=533.2 queue_size=0 queue_capacity=65536 queue_utilization_pct=0.0 handle_dropped=0 manager_dropped=0
2026-08-10 12:01:30,704 INFO predmarket.watch.task - watch_evaluation_batch_completed batch=8000 tokens=4 pending_tokens=6 generation=3 elapsed_ms=16
2026-08-10 12:01:31,304 INFO predmarket.watch.task - watch_evaluation_summary generation=3 tokens=2 generated_targets=4 targets=2 deduplicated_targets=2 persisted_signals=0 market_time=1786334491319 stream_silence_age_ms=0 decisions=ABSENT.PROFIT_BELOW_THRESHOLD:2 maximum_exchange_clock_skew_ms=-604853 exchange_clock_skew_warning_ms=100 maximum_exchange_clock_skew_token_id=55117693870079238772824189339305035652702596264303214987988238412221239322103 exchange_timestamp=1786333875620 received_timestamp=1786334480473 best_return_rate=-0.03764631 required_return_rate=0.00750000 best_opportunity_key=BINARY_UNDERPRICED:3436107 best_market_ids=3436107 context_ms=4 strategy_ms=14 signal_apply_ms=0 elapsed_ms=18
2026-08-10 12:01:31,447 INFO predmarket.watch.task - watch_stream_progress messages=61000 event_type=price_change generation=3 cache_state=VALID
2026-08-10 12:01:31,761 INFO predmarket.watch.task - watch_evaluation_abort_summary window_aborted=447 reason_counts=dependency_revision_changed:447 stage_counts=after_strategy:159,before_strategy:288 evaluation_requests=56538 evaluation_batches=8070 evaluation_coalesced=78697 pending_tokens=12 last_completed_summary_age_ms=457 maximum_evaluation_elapsed_ms=206 sample_reason=dependency_revision_changed sample_stage=after_strategy sample_token_ids=59394815024709904213836118829245952619060436367744549960970945115365530751657,9780141388934315942797470541536692197609331853690586787323160343155123191147 sample_expected_revisions=59394815024709904213836118829245952619060436367744549960970945115365530751657:573,9780141388934315942797470541536692197609331853690586787323160343155123191147:572 sample_actual_revisions=59394815024709904213836118829245952619060436367744549960970945115365530751657:574,9780141388934315942797470541536692197609331853690586787323160343155123191147:573
2026-08-10 12:01:32,514 INFO predmarket.watch.task - watch_evaluation_queue_progress requests=57000 pending_tokens=12 coalesced_tokens=79381 generation=3
2026-08-10 12:01:32,729 INFO predmarket.watch.task - watch_stream_progress messages=62000 event_type=price_change generation=3 cache_state=VALID
2026-08-10 12:01:33,915 INFO predmarket.watch.task - watch_evaluation_queue_progress requests=58000 pending_tokens=6 coalesced_tokens=80865 generation=3
2026-08-10 12:01:33,918 INFO predmarket.app - catalog_cleanup_cycle_completed deleted_versions=0 deleted_journal_rows=0 remaining_versions=0 remaining_journal_rows=0
2026-08-10 12:01:34,421 INFO predmarket.watch.task - watch_stream_progress messages=63000 event_type=price_change generation=3 cache_state=VALID
2026-08-10 12:01:36,020 INFO predmarket.watch.task - watch_evaluation_queue_progress requests=59000 pending_tokens=10 coalesced_tokens=82027 generation=3
2026-08-10 12:01:36,628 INFO predmarket.watch.task - watch_stream_progress messages=64000 event_type=best_bid_ask generation=3 cache_state=VALID
2026-08-10 12:01:36,986 INFO predmarket.watch.task - watch_price_change_progress messages=59334 messages_delta=5355 entries_per_message=2.00 book_levels_per_message=130.3 parse_ms_per_message=0.006 cache_ms_per_message=0.140 queue_ms_per_message=0.001
2026-08-10 12:01:36,986 INFO predmarket.watch.task - watch_stream_handler_progress messages=64634 messages_delta=5771 rate_per_second=576.8 event_counts=best_bid_ask:370,book:32,last_trade_price:14,price_change:5355 event_ms_per_message=best_bid_ask:0.003,book:0.264,last_trade_price:0.003,price_change:0.166
2026-08-10 12:01:37,005 INFO predmarket.watch.task - watch_catalog_refresh_started markets=50 concurrency=10 trigger=periodic
2026-08-10 12:01:37,052 WARNING predmarket.watch.task - watch_exchange_clock_skew_warning generation=3 token_id=55117693870079238772824189339305035652702596264303214987988238412221239322103 exchange_timestamp=1786333875620 received_timestamp=1786334480473 exchange_clock_skew_ms=-604853 exchange_clock_skew_warning_ms=100 evaluation_continues=true
2026-08-10 12:01:37,309 INFO predmarket.watch.task - watch_evaluation_queue_progress requests=60000 pending_tokens=8 coalesced_tokens=83571 generation=3
2026-08-10 12:01:37,654 INFO predmarket.watch.task - watch_stream_progress messages=65000 event_type=price_change generation=3 cache_state=VALID
2026-08-10 12:01:39,958 INFO predmarket.watch.task - watch_evaluation_queue_progress requests=61000 pending_tokens=4 coalesced_tokens=84621 generation=3
2026-08-10 12:01:40,100 INFO predmarket.watch.task - watch_stream_progress messages=66000 event_type=best_bid_ask generation=3 cache_state=VALID
2026-08-10 12:01:40,474 INFO predmarket.polymarket.gateway - market_stream_pump_progress generation=3 sdk_events_total=10928 sdk_events_delta=5596 sdk_rate_per_second=559.4 mapped_delta=5596 ignored_delta=0 mapping_ms_per_event=0.018 handoff_wait_ms_per_event=0.001 handoff_queue_size=1 handoff_queue_capacity=4096
2026-08-10 12:01:40,504 INFO predmarket.polymarket.gateway - market_stream_consumer_progress generation=3 events_total=10936 events_delta=5599 rate_per_second=559.1 queue_size=0 queue_capacity=65536 queue_utilization_pct=0.0 handle_dropped=0 manager_dropped=0
2026-08-10 12:01:42,199 INFO predmarket.watch.task - watch_evaluation_abort_summary window_aborted=409 reason_counts=dependency_revision_changed:409 stage_counts=after_strategy:128,before_strategy:281 evaluation_requests=61747 evaluation_batches=8530 evaluation_coalesced=85753 pending_tokens=24 last_completed_summary_age_ms=10895 maximum_evaluation_elapsed_ms=1183 sample_reason=dependency_revision_changed sample_stage=after_strategy sample_token_ids=4331526763713857491268580299746388775956424860347585238269644477637145082479,844904608873038341199926254276998851963996846457482967710823416715904546620 sample_expected_revisions=4331526763713857491268580299746388775956424860347585238269644477637145082479:671,844904608873038341199926254276998851963996846457482967710823416715904546620:671 sample_actual_revisions=4331526763713857491268580299746388775956424860347585238269644477637145082479:692,844904608873038341199926254276998851963996846457482967710823416715904546620:692
2026-08-10 12:01:42,199 INFO predmarket.watch.task - watch_evaluation_batch_completed batch=8530 tokens=10 pending_tokens=24 generation=3 elapsed_ms=1183
2026-08-10 12:01:42,415 INFO predmarket.watch.task - watch_evaluation_summary generation=3 tokens=4 generated_targets=8 targets=4 deduplicated_targets=4 persisted_signals=0 market_time=1786334502411 stream_silence_age_ms=0 decisions=ABSENT.PROFIT_BELOW_THRESHOLD:4 maximum_exchange_clock_skew_ms=-604853 exchange_clock_skew_warning_ms=100 maximum_exchange_clock_skew_token_id=55117693870079238772824189339305035652702596264303214987988238412221239322103 exchange_timestamp=1786333875620 received_timestamp=1786334480473 best_return_rate=-0.03632199 required_return_rate=0.00750000 best_opportunity_key=BINARY_UNDERPRICED:3436107 best_market_ids=3436107 context_ms=2 strategy_ms=27 signal_apply_ms=0 elapsed_ms=30
2026-08-10 12:01:42,802 INFO predmarket.watch.task - watch_evaluation_queue_progress requests=62000 pending_tokens=16 coalesced_tokens=86133 generation=3
2026-08-10 12:01:42,887 INFO predmarket.watch.task - watch_stream_progress messages=67000 event_type=price_change generation=3 cache_state=VALID
2026-08-10 12:01:44,414 INFO predmarket.watch.task - watch_stream_progress messages=68000 event_type=best_bid_ask generation=3 cache_state=VALID
2026-08-10 12:01:44,475 INFO predmarket.watch.task - watch_evaluation_queue_progress requests=63000 pending_tokens=24 coalesced_tokens=87717 generation=3
2026-08-10 12:01:45,545 INFO predmarket.watch.task - watch_stream_progress messages=69000 event_type=price_change generation=3 cache_state=VALID
2026-08-10 12:02:01,058 INFO predmarket.polymarket.gateway - market_stream_pump_progress generation=3 sdk_events_total=13823 sdk_events_delta=2895 sdk_rate_per_second=140.6 mapped_delta=2895 ignored_delta=0 mapping_ms_per_event=0.016 handoff_wait_ms_per_event=0.001 handoff_queue_size=1 handoff_queue_capacity=4096
2026-08-10 12:02:01,059 INFO predmarket.polymarket.gateway - market_stream_consumer_progress generation=3 events_total=13822 events_delta=2886 rate_per_second=140.4 queue_size=0 queue_capacity=65536 queue_utilization_pct=0.0 handle_dropped=0 manager_dropped=0
2026-08-10 12:02:01,060 INFO predmarket.watch.task - watch_price_change_progress messages=63405 messages_delta=4071 entries_per_message=2.00 book_levels_per_message=130.2 parse_ms_per_message=0.006 cache_ms_per_message=0.140 queue_ms_per_message=0.001
2026-08-10 12:02:01,060 INFO predmarket.watch.task - watch_stream_handler_progress messages=69073 messages_delta=4439 rate_per_second=184.4 event_counts=best_bid_ask:312,book:36,last_trade_price:20,price_change:4071 event_ms_per_message=best_bid_ask:0.004,book:0.228,last_trade_price:0.002,price_change:0.167
2026-08-10 12:02:01,083 INFO predmarket.watch.task - watch_evaluation_abort_summary window_aborted=107 reason_counts=dependency_revision_changed:107 stage_counts=after_strategy:33,before_strategy:74 evaluation_requests=63882 evaluation_batches=8653 evaluation_coalesced=89189 pending_tokens=4 last_completed_summary_age_ms=18668 maximum_evaluation_elapsed_ms=15438 sample_reason=dependency_revision_changed sample_stage=after_strategy sample_token_ids=100533687727497443541369483933299762930731780669782590957570011016994709318185,104764801815215006840218735731932203523559164204955657612872827684375163040798 sample_expected_revisions=100533687727497443541369483933299762930731780669782590957570011016994709318185:3462,104764801815215006840218735731932203523559164204955657612872827684375163040798:3462 sample_actual_revisions=100533687727497443541369483933299762930731780669782590957570011016994709318185:3465,104764801815215006840218735731932203523559164204955657612872827684375163040798:3465
2026-08-10 12:02:01,083 INFO predmarket.watch.task - watch_evaluation_batch_completed batch=8653 tokens=6 pending_tokens=4 generation=3 elapsed_ms=15439
2026-08-10 12:02:01,163 INFO predmarket.watch.task - watch_evaluation_queue_progress requests=64000 pending_tokens=16 coalesced_tokens=89409 generation=3
2026-08-10 12:02:01,545 INFO predmarket.watch.task - watch_stream_progress messages=70000 event_type=price_change generation=3 cache_state=VALID
2026-08-10 12:02:01,669 INFO predmarket.watch.task - watch_evaluation_queue_progress requests=65000 pending_tokens=36 coalesced_tokens=91386 generation=3
2026-08-10 12:02:02,027 INFO predmarket.watch.task - watch_stream_progress messages=71000 event_type=price_change generation=3 cache_state=VALID
2026-08-10 12:02:02,200 INFO predmarket.watch.task - watch_evaluation_queue_progress requests=66000 pending_tokens=38 coalesced_tokens=93382 generation=3
2026-08-10 12:02:02,504 INFO predmarket.watch.task - watch_stream_progress messages=72000 event_type=best_bid_ask generation=3 cache_state=VALID
2026-08-10 12:02:02,718 INFO predmarket.watch.task - watch_evaluation_queue_progress requests=67000 pending_tokens=44 coalesced_tokens=95376 generation=3
2026-08-10 12:02:02,989 INFO predmarket.watch.task - watch_stream_progress messages=73000 event_type=price_change generation=3 cache_state=VALID
2026-08-10 12:02:03,250 INFO predmarket.watch.task - watch_evaluation_queue_progress requests=68000 pending_tokens=46 coalesced_tokens=97374 generation=3
2026-08-10 12:02:03,480 INFO predmarket.watch.task - watch_stream_progress messages=74000 event_type=price_change generation=3 cache_state=VALID
2026-08-10 12:02:03,854 INFO predmarket.watch.task - watch_evaluation_queue_progress requests=69000 pending_tokens=48 coalesced_tokens=99370 generation=3
2026-08-10 12:02:04,071 INFO predmarket.watch.task - watch_stream_progress messages=75000 event_type=price_change generation=3 cache_state=VALID
2026-08-10 12:02:04,356 INFO predmarket.watch.task - watch_catalog_refresh_completed requested=50 succeeded=50 failed=0 elapsed_ms=27351 trigger=periodic
2026-08-10 12:02:04,447 INFO predmarket.app - strategy_catalog_snapshot_prepared events=18562 markets=138082 tokens=276164 elapsed_ms=90
2026-08-10 12:02:04,456 INFO predmarket.watch.task - watch_market_metadata_refresh_cycle_completed markets=50 snapshot_source=memory context_prepared=True elapsed_ms=27450
2026-08-10 12:02:04,498 INFO predmarket.watch.task - watch_evaluation_queue_progress requests=70000 pending_tokens=52 coalesced_tokens=101366 generation=3
2026-08-10 12:02:04,697 INFO predmarket.watch.task - watch_stream_progress messages=76000 event_type=price_change generation=3 cache_state=VALID
2026-08-10 12:02:04,992 INFO predmarket.watch.task - watch_evaluation_queue_progress requests=71000 pending_tokens=56 coalesced_tokens=103361 generation=3
2026-08-10 12:02:05,183 INFO predmarket.watch.task - watch_stream_progress messages=77000 event_type=price_change generation=3 cache_state=VALID
2026-08-10 12:02:05,510 INFO predmarket.watch.task - watch_evaluation_queue_progress requests=72000 pending_tokens=56 coalesced_tokens=105359 generation=3
2026-08-10 12:02:05,665 INFO predmarket.watch.task - watch_stream_progress messages=78000 event_type=price_change generation=3 cache_state=VALID
2026-08-10 12:02:06,036 INFO predmarket.watch.task - watch_evaluation_queue_progress requests=73000 pending_tokens=56 coalesced_tokens=107357 generation=3
2026-08-10 12:02:06,108 INFO predmarket.watch.task - watch_evaluation_batch_completed batch=8654 tokens=4 pending_tokens=56 generation=3 elapsed_ms=5024
2026-08-10 12:02:06,153 INFO predmarket.watch.task - watch_stream_progress messages=79000 event_type=best_bid_ask generation=3 cache_state=VALID
2026-08-10 12:02:06,572 INFO predmarket.watch.task - watch_evaluation_queue_progress requests=74000 pending_tokens=22 coalesced_tokens=109334 generation=3
2026-08-10 12:02:06,623 INFO predmarket.watch.task - watch_stream_progress messages=80000 event_type=price_change generation=3 cache_state=VALID
2026-08-10 12:02:07,098 INFO predmarket.watch.task - watch_stream_progress messages=81000 event_type=price_change generation=3 cache_state=VALID
2026-08-10 12:02:07,111 INFO predmarket.watch.task - watch_evaluation_queue_progress requests=75000 pending_tokens=40 coalesced_tokens=111316 generation=3
2026-08-10 12:02:07,571 INFO predmarket.watch.task - watch_stream_progress messages=82000 event_type=price_change generation=3 cache_state=VALID
2026-08-10 12:02:07,647 INFO predmarket.watch.task - watch_evaluation_queue_progress requests=76000 pending_tokens=40 coalesced_tokens=113313 generation=3
2026-08-10 12:02:08,054 INFO predmarket.watch.task - watch_stream_progress messages=83000 event_type=price_change generation=3 cache_state=VALID
2026-08-10 12:02:08,145 INFO predmarket.watch.task - watch_evaluation_queue_progress requests=77000 pending_tokens=42 coalesced_tokens=115309 generation=3
2026-08-10 12:02:08,529 INFO predmarket.watch.task - watch_stream_progress messages=84000 event_type=price_change generation=3 cache_state=VALID
2026-08-10 12:02:08,641 INFO predmarket.watch.task - watch_evaluation_queue_progress requests=78000 pending_tokens=46 coalesced_tokens=117305 generation=3
2026-08-10 12:02:08,669 INFO predmarket.watch.task - watch_evaluation_batch_completed batch=8655 tokens=56 pending_tokens=46 generation=3 elapsed_ms=2560
2026-08-10 12:02:08,688 WARNING predmarket.watch.task - watch_exchange_clock_skew_warning generation=3 token_id=88434880578436488629135385448631143229981290928370501177256981129024822707735 exchange_timestamp=1786334397708 received_timestamp=1786334480471 exchange_clock_skew_ms=-82763 exchange_clock_skew_warning_ms=100 evaluation_continues=true
2026-08-10 12:02:08,837 INFO predmarket.watch.task - watch_evaluation_summary generation=3 tokens=2 generated_targets=4 targets=2 deduplicated_targets=2 persisted_signals=0 market_time=1786334528853 stream_silence_age_ms=3 decisions=ABSENT.PROFIT_BELOW_THRESHOLD:2 maximum_exchange_clock_skew_ms=-82763 exchange_clock_skew_warning_ms=100 maximum_exchange_clock_skew_token_id=88434880578436488629135385448631143229981290928370501177256981129024822707735 exchange_timestamp=1786334397708 received_timestamp=1786334480471 best_return_rate=-0.03699759 required_return_rate=0.00750000 best_opportunity_key=BINARY_UNDERPRICED:3436107 best_market_ids=3436107 context_ms=3 strategy_ms=13 signal_apply_ms=0 elapsed_ms=16
2026-08-10 12:02:08,917 INFO predmarket.app - catalog_cleanup_cycle_completed deleted_versions=0 deleted_journal_rows=150 remaining_versions=0 remaining_journal_rows=0
2026-08-10 12:02:10,648 INFO predmarket.watch.task - watch_stream_progress messages=85000 event_type=price_change generation=3 cache_state=VALID
2026-08-10 12:02:10,815 INFO predmarket.watch.task - watch_evaluation_queue_progress requests=79000 pending_tokens=16 coalesced_tokens=118499 generation=3
2026-08-10 12:02:11,059 INFO predmarket.polymarket.gateway - market_stream_consumer_progress generation=3 events_total=30433 events_delta=16611 rate_per_second=1661.0 queue_size=0 queue_capacity=65536 queue_utilization_pct=0.0 handle_dropped=0 manager_dropped=0
2026-08-10 12:02:11,060 INFO predmarket.watch.task - watch_price_change_progress messages=78869 messages_delta=15464 entries_per_message=2.00 book_levels_per_message=129.1 parse_ms_per_message=0.006 cache_ms_per_message=0.138 queue_ms_per_message=0.001
2026-08-10 12:02:11,060 INFO predmarket.watch.task - watch_stream_handler_progress messages=85684 messages_delta=16611 rate_per_second=1661.0 event_counts=best_bid_ask:970,book:118,last_trade_price:59,price_change:15464 event_ms_per_message=best_bid_ask:0.003,book:0.243,last_trade_price:0.002,price_change:0.164
2026-08-10 12:02:11,068 INFO predmarket.polymarket.gateway - market_stream_pump_progress generation=3 sdk_events_total=30443 sdk_events_delta=16620 sdk_rate_per_second=1660.4 mapped_delta=16620 ignored_delta=0 mapping_ms_per_event=0.015 handoff_wait_ms_per_event=0.000 handoff_queue_size=1 handoff_queue_capacity=4096
2026-08-10 12:02:11,775 INFO predmarket.watch.task - watch_stream_progress messages=86000 event_type=price_change generation=3 cache_state=VALID
2026-08-10 12:02:12,284 INFO predmarket.watch.task - watch_evaluation_queue_progress requests=80000 pending_tokens=10 coalesced_tokens=119882 generation=3
2026-08-10 12:02:14,045 INFO predmarket.watch.task - watch_stream_progress messages=87000 event_type=price_change generation=3 cache_state=VALID
2026-08-10 12:02:14,928 INFO predmarket.watch.task - watch_evaluation_batch_completed batch=9000 tokens=2 pending_tokens=6 generation=3 elapsed_ms=6
2026-08-10 12:02:15,051 INFO predmarket.watch.task - watch_evaluation_queue_progress requests=81000 pending_tokens=2 coalesced_tokens=120886 generation=3
2026-08-10 12:02:16,132 INFO predmarket.watch.task - watch_evaluation_abort_summary window_aborted=348 reason_counts=dependency_revision_changed:348 stage_counts=after_strategy:121,before_strategy:227 evaluation_requests=81349 evaluation_batches=9069 evaluation_coalesced=121197 pending_tokens=8 last_completed_summary_age_ms=7296 maximum_evaluation_elapsed_ms=5024 sample_reason=dependency_revision_changed sample_stage=after_strategy sample_token_ids=100533687727497443541369483933299762930731780669782590957570011016994709318185,104764801815215006840218735731932203523559164204955657612872827684375163040798 sample_expected_revisions=100533687727497443541369483933299762930731780669782590957570011016994709318185:8324,104764801815215006840218735731932203523559164204955657612872827684375163040798:8319 sample_actual_revisions=100533687727497443541369483933299762930731780669782590957570011016994709318185:8326,104764801815215006840218735731932203523559164204955657612872827684375163040798:8321
2026-08-10 12:02:17,017 INFO predmarket.watch.task - watch_stream_progress messages=88000 event_type=price_change generation=3 cache_state=VALID
2026-08-10 12:02:18,135 INFO predmarket.watch.task - watch_evaluation_queue_progress requests=82000 pending_tokens=12 coalesced_tokens=121922 generation=3
2026-08-10 12:02:18,684 WARNING predmarket.watch.task - watch_exchange_clock_skew_warning generation=3 token_id=88434880578436488629135385448631143229981290928370501177256981129024822707735 exchange_timestamp=1786334397708 received_timestamp=1786334480471 exchange_clock_skew_ms=-82763 exchange_clock_skew_warning_ms=100 evaluation_continues=true
2026-08-10 12:02:18,840 INFO predmarket.watch.task - watch_evaluation_summary generation=3 tokens=2 generated_targets=4 targets=2 deduplicated_targets=2 persisted_signals=0 market_time=1786334538869 stream_silence_age_ms=2 decisions=ABSENT.PROFIT_BELOW_THRESHOLD:2 maximum_exchange_clock_skew_ms=-82763 exchange_clock_skew_warning_ms=100 maximum_exchange_clock_skew_token_id=88434880578436488629135385448631143229981290928370501177256981129024822707735 exchange_timestamp=1786334397708 received_timestamp=1786334480471 best_return_rate=-0.03764631 required_return_rate=0.00750000 best_opportunity_key=BINARY_UNDERPRICED:3436107 best_market_ids=3436107 context_ms=1 strategy_ms=12 signal_apply_ms=0 elapsed_ms=14
2026-08-10 12:02:19,423 INFO predmarket.app - catalog_cleanup_cycle_completed deleted_versions=0 deleted_journal_rows=0 remaining_versions=0 remaining_journal_rows=0
2026-08-10 12:02:19,503 INFO predmarket.watch.task - watch_stream_progress messages=89000 event_type=best_bid_ask generation=3 cache_state=VALID
2026-08-10 12:02:19,994 INFO predmarket.watch.task - watch_evaluation_queue_progress requests=83000 pending_tokens=10 coalesced_tokens=123224 generation=3
2026-08-10 12:02:21,060 INFO predmarket.polymarket.gateway - market_stream_consumer_progress generation=3 events_total=34580 events_delta=4147 rate_per_second=414.7 queue_size=0 queue_capacity=65536 queue_utilization_pct=0.0 handle_dropped=0 manager_dropped=0
2026-08-10 12:02:21,060 INFO predmarket.watch.task - watch_price_change_progress messages=82805 messages_delta=3936 entries_per_message=2.00 book_levels_per_message=124.3 parse_ms_per_message=0.006 cache_ms_per_message=0.136 queue_ms_per_message=0.001
2026-08-10 12:02:21,060 INFO predmarket.watch.task - watch_stream_handler_progress messages=89831 messages_delta=4147 rate_per_second=414.7 event_counts=best_bid_ask:148,book:42,last_trade_price:21,price_change:3936 event_ms_per_message=best_bid_ask:0.004,book:0.229,last_trade_price:0.002,price_change:0.164
2026-08-10 12:02:21,085 INFO predmarket.polymarket.gateway - market_stream_pump_progress generation=3 sdk_events_total=34582 sdk_events_delta=4139 sdk_rate_per_second=413.2 mapped_delta=4139 ignored_delta=0 mapping_ms_per_event=0.019 handoff_wait_ms_per_event=0.001 handoff_queue_size=1 handoff_queue_capacity=4096
2026-08-10 12:02:21,628 INFO predmarket.watch.task - watch_stream_progress messages=90000 event_type=price_change generation=3 cache_state=VALID
2026-08-10 12:02:22,902 INFO predmarket.watch.task - watch_evaluation_queue_progress requests=84000 pending_tokens=14 coalesced_tokens=124322 generation=3
2026-08-10 12:02:23,117 INFO predmarket.watch.task - watch_stream_progress messages=91000 event_type=book generation=3 cache_state=VALID
2026-08-10 12:02:24,055 INFO predmarket.watch.task - watch_evaluation_queue_progress requests=85000 pending_tokens=2 coalesced_tokens=125974 generation=3
2026-08-10 12:02:24,768 INFO predmarket.watch.task - watch_stream_progress messages=92000 event_type=price_change generation=3 cache_state=VALID
2026-08-10 12:02:26,141 INFO predmarket.watch.task - watch_evaluation_abort_summary window_aborted=420 reason_counts=dependency_revision_changed:420 stage_counts=after_strategy:151,before_strategy:269 evaluation_requests=85790 evaluation_batches=9582 evaluation_coalesced=126770 pending_tokens=4 last_completed_summary_age_ms=7301 maximum_evaluation_elapsed_ms=345 sample_reason=dependency_revision_changed sample_stage=after_strategy sample_token_ids=100533687727497443541369483933299762930731780669782590957570011016994709318185,104764801815215006840218735731932203523559164204955657612872827684375163040798 sample_expected_revisions=100533687727497443541369483933299762930731780669782590957570011016994709318185:9490,104764801815215006840218735731932203523559164204955657612872827684375163040798:9482 sample_actual_revisions=100533687727497443541369483933299762930731780669782590957570011016994709318185:9491,104764801815215006840218735731932203523559164204955657612872827684375163040798:9483
2026-08-10 12:02:26,327 INFO predmarket.watch.task - watch_evaluation_queue_progress requests=86000 pending_tokens=10 coalesced_tokens=127126 generation=3
2026-08-10 12:02:27,120 INFO predmarket.watch.task - watch_stream_progress messages=93000 event_type=price_change generation=3 cache_state=VALID
2026-08-10 12:02:28,687 WARNING predmarket.watch.task - watch_exchange_clock_skew_warning generation=3 token_id=88434880578436488629135385448631143229981290928370501177256981129024822707735 exchange_timestamp=1786334397708 received_timestamp=1786334480471 exchange_clock_skew_ms=-82763 exchange_clock_skew_warning_ms=100 evaluation_continues=true
2026-08-10 12:02:28,943 INFO predmarket.watch.task - watch_evaluation_summary generation=3 tokens=2 generated_targets=4 targets=2 deduplicated_targets=2 persisted_signals=0 market_time=1786334548963 stream_silence_age_ms=0 decisions=ABSENT.PROFIT_BELOW_THRESHOLD:2 maximum_exchange_clock_skew_ms=-82763 exchange_clock_skew_warning_ms=100 maximum_exchange_clock_skew_token_id=88434880578436488629135385448631143229981290928370501177256981129024822707735 exchange_timestamp=1786334397708 received_timestamp=1786334480471 best_return_rate=-0.05158073 required_return_rate=0.00750000 best_opportunity_key=BINARY_UNDERPRICED:3436114 best_market_ids=3436114 context_ms=2 strategy_ms=9 signal_apply_ms=0 elapsed_ms=12
2026-08-10 12:02:29,038 INFO predmarket.watch.task - watch_evaluation_queue_progress requests=87000 pending_tokens=12 coalesced_tokens=128182 generation=3
2026-08-10 12:02:29,168 INFO predmarket.watch.task - watch_stream_progress messages=94000 event_type=price_change generation=3 cache_state=VALID
2026-08-10 12:02:29,587 INFO predmarket.watch.task - watch_evaluation_queue_progress requests=88000 pending_tokens=18 coalesced_tokens=130148 generation=3
2026-08-10 12:02:29,637 INFO predmarket.watch.task - watch_stream_progress messages=95000 event_type=price_change generation=3 cache_state=VALID
2026-08-10 12:02:30,154 INFO predmarket.app - catalog_cleanup_cycle_completed deleted_versions=0 deleted_journal_rows=0 remaining_versions=0 remaining_journal_rows=0
2026-08-10 12:02:31,079 INFO predmarket.polymarket.gateway - market_stream_consumer_progress generation=3 events_total=40664 events_delta=6084 rate_per_second=607.2 queue_size=1 queue_capacity=65536 queue_utilization_pct=0.0 handle_dropped=0 manager_dropped=0
2026-08-10 12:02:31,079 INFO predmarket.watch.task - watch_price_change_progress messages=88426 messages_delta=5621 entries_per_message=2.00 book_levels_per_message=120.7 parse_ms_per_message=0.006 cache_ms_per_message=0.133 queue_ms_per_message=0.001
2026-08-10 12:02:31,079 INFO predmarket.watch.task - watch_stream_handler_progress messages=95915 messages_delta=6084 rate_per_second=607.2 event_counts=best_bid_ask:430,book:22,last_trade_price:11,price_change:5621 event_ms_per_message=best_bid_ask:0.002,book:0.258,last_trade_price:0.002,price_change:0.160
2026-08-10 12:02:31,089 INFO predmarket.polymarket.gateway - market_stream_pump_progress generation=3 sdk_events_total=40677 sdk_events_delta=6095 sdk_rate_per_second=609.3 mapped_delta=6095 ignored_delta=0 mapping_ms_per_event=0.017 handoff_wait_ms_per_event=0.001 handoff_queue_size=1 handoff_queue_capacity=4096
2026-08-10 12:02:31,206 INFO predmarket.watch.task - watch_evaluation_queue_progress requests=89000 pending_tokens=8 coalesced_tokens=131444 generation=3
2026-08-10 12:02:31,219 INFO predmarket.watch.task - watch_stream_progress messages=96000 event_type=book generation=3 cache_state=VALID
2026-08-10 12:02:33,700 INFO predmarket.watch.task - watch_stream_progress messages=97000 event_type=price_change generation=3 cache_state=VALID
2026-08-10 12:02:33,813 INFO predmarket.watch.task - watch_evaluation_queue_progress requests=90000 pending_tokens=12 coalesced_tokens=132455 generation=3
2026-08-10 12:02:34,054 INFO predmarket.watch.task - watch_evaluation_batch_completed batch=10000 tokens=6 pending_tokens=10 generation=3 elapsed_ms=29
2026-08-10 12:02:36,164 INFO predmarket.watch.task - watch_evaluation_abort_summary window_aborted=448 reason_counts=dependency_revision_changed:448 stage_counts=after_strategy:163,before_strategy:285 evaluation_requests=90802 evaluation_batches=10109 evaluation_coalesced=133327 pending_tokens=10 last_completed_summary_age_ms=7221 maximum_evaluation_elapsed_ms=487 sample_reason=dependency_revision_changed sample_stage=after_strategy sample_token_ids=109077064265911698308447693489210062710385235422725333233376984942622645861203,47026039906272739025820416233789701333043808274821291111666395828511940852745 sample_expected_revisions=109077064265911698308447693489210062710385235422725333233376984942622645861203:25,47026039906272739025820416233789701333043808274821291111666395828511940852745:25 sample_actual_revisions=109077064265911698308447693489210062710385235422725333233376984942622645861203:26,47026039906272739025820416233789701333043808274821291111666395828511940852745:26
2026-08-10 12:02:36,410 INFO predmarket.watch.task - watch_stream_progress messages=98000 event_type=price_change generation=3 cache_state=VALID
2026-08-10 12:02:36,745 INFO predmarket.watch.task - watch_evaluation_queue_progress requests=91000 pending_tokens=16 coalesced_tokens=133509 generation=3
2026-08-10 12:02:38,706 INFO predmarket.watch.task - watch_stream_progress messages=99000 event_type=price_change generation=3 cache_state=VALID
2026-08-10 12:02:38,709 WARNING predmarket.watch.task - watch_exchange_clock_skew_warning generation=3 token_id=16726108051003885011161825885118848549843259375194208492122441662442212860816 exchange_timestamp=1786334424000 received_timestamp=1786334480472 exchange_clock_skew_ms=-56472 exchange_clock_skew_warning_ms=100 evaluation_continues=true
2026-08-10 12:02:39,032 INFO predmarket.watch.task - watch_evaluation_queue_progress requests=92000 pending_tokens=2 coalesced_tokens=134627 generation=3
2026-08-10 12:02:39,092 INFO predmarket.watch.task - watch_evaluation_summary generation=3 tokens=4 generated_targets=8 targets=4 deduplicated_targets=4 persisted_signals=0 market_time=1786334559096 stream_silence_age_ms=10 decisions=ABSENT.PROFIT_BELOW_THRESHOLD:4 maximum_exchange_clock_skew_ms=-56472 exchange_clock_skew_warning_ms=100 maximum_exchange_clock_skew_token_id=16726108051003885011161825885118848549843259375194208492122441662442212860816 exchange_timestamp=1786334424000 received_timestamp=1786334480472 best_return_rate=-0.03943227 required_return_rate=0.00750000 best_opportunity_key=BINARY_UNDERPRICED:3436107 best_market_ids=3436107 context_ms=1 strategy_ms=27 signal_apply_ms=0 elapsed_ms=29
2026-08-10 12:02:40,670 INFO predmarket.app - catalog_cleanup_cycle_completed deleted_versions=0 deleted_journal_rows=0 remaining_versions=0 remaining_journal_rows=0
2026-08-10 12:02:41,083 INFO predmarket.polymarket.gateway - market_stream_consumer_progress generation=3 events_total=44542 events_delta=3878 rate_per_second=387.6 queue_size=0 queue_capacity=65536 queue_utilization_pct=0.0 handle_dropped=0 manager_dropped=0
2026-08-10 12:02:41,083 INFO predmarket.watch.task - watch_price_change_progress messages=92128 messages_delta=3702 entries_per_message=2.00 book_levels_per_message=121.9 parse_ms_per_message=0.007 cache_ms_per_message=0.136 queue_ms_per_message=0.001
2026-08-10 12:02:41,083 INFO predmarket.watch.task - watch_stream_handler_progress messages=99793 messages_delta=3878 rate_per_second=387.6 event_counts=best_bid_ask:152,book:16,last_trade_price:8,price_change:3702 event_ms_per_message=best_bid_ask:0.002,book:0.241,last_trade_price:0.002,price_change:0.164
2026-08-10 12:02:41,102 INFO predmarket.polymarket.gateway - market_stream_pump_progress generation=3 sdk_events_total=44551 sdk_events_delta=3874 sdk_rate_per_second=386.9 mapped_delta=3874 ignored_delta=0 mapping_ms_per_event=0.019 handoff_wait_ms_per_event=0.001 handoff_queue_size=1 handoff_queue_capacity=4096
2026-08-10 12:02:41,788 INFO predmarket.watch.task - watch_stream_progress messages=100000 event_type=price_change generation=3 cache_state=VALID
2026-08-10 12:02:42,323 INFO predmarket.watch.task - watch_evaluation_queue_progress requests=93000 pending_tokens=4 coalesced_tokens=135541 generation=3
2026-08-10 12:02:43,186 INFO predmarket.watch.task - watch_stream_progress messages=101000 event_type=price_change generation=3 cache_state=VALID
2026-08-10 12:02:43,307 INFO predmarket.watch.task - watch_evaluation_queue_progress requests=94000 pending_tokens=8 coalesced_tokens=137285 generation=3
2026-08-10 12:02:43,734 INFO predmarket.watch.task - watch_stream_progress messages=102000 event_type=price_change generation=3 cache_state=VALID
2026-08-10 12:02:44,114 INFO predmarket.watch.task - watch_evaluation_queue_progress requests=95000 pending_tokens=6 coalesced_tokens=139026 generation=3
2026-08-10 12:02:44,852 INFO predmarket.watch.task - watch_stream_progress messages=103000 event_type=price_change generation=3 cache_state=VALID
2026-08-10 12:02:45,082 INFO predmarket.watch.task - watch_evaluation_queue_progress requests=96000 pending_tokens=16 coalesced_tokens=140733 generation=3
2026-08-10 12:02:45,322 INFO predmarket.watch.task - watch_stream_progress messages=104000 event_type=price_change generation=3 cache_state=VALID
2026-08-10 12:02:46,134 INFO predmarket.watch.task - watch_evaluation_queue_progress requests=97000 pending_tokens=8 coalesced_tokens=142449 generation=3
2026-08-10 12:02:46,199 INFO predmarket.watch.task - watch_evaluation_abort_summary window_aborted=416 reason_counts=dependency_revision_changed:416 stage_counts=after_strategy:148,before_strategy:268 evaluation_requests=97125 evaluation_batches=10604 evaluation_coalesced=142691 pending_tokens=16 last_completed_summary_age_ms=7108 maximum_evaluation_elapsed_ms=554 sample_reason=dependency_revision_changed sample_stage=before_strategy sample_token_ids=100533687727497443541369483933299762930731780669782590957570011016994709318185,104764801815215006840218735731932203523559164204955657612872827684375163040798 sample_expected_revisions=100533687727497443541369483933299762930731780669782590957570011016994709318185:12877,104764801815215006840218735731932203523559164204955657612872827684375163040798:12869 sample_actual_revisions=100533687727497443541369483933299762930731780669782590957570011016994709318185:12915,104764801815215006840218735731932203523559164204955657612872827684375163040798:12907
2026-08-10 12:02:46,587 INFO predmarket.watch.task - watch_stream_progress messages=105000 event_type=price_change generation=3 cache_state=VALID
2026-08-10 12:02:48,263 INFO predmarket.watch.task - watch_evaluation_queue_progress requests=98000 pending_tokens=6 coalesced_tokens=143695 generation=3
2026-08-10 12:02:48,723 WARNING predmarket.watch.task - watch_exchange_clock_skew_warning generation=3 token_id=16726108051003885011161825885118848549843259375194208492122441662442212860816 exchange_timestamp=1786334424000 received_timestamp=1786334480472 exchange_clock_skew_ms=-56472 exchange_clock_skew_warning_ms=100 evaluation_continues=true
2026-08-10 12:02:49,088 INFO predmarket.watch.task - watch_stream_progress messages=106000 event_type=price_change generation=3 cache_state=VALID
2026-08-10 12:02:49,119 INFO predmarket.watch.task - watch_evaluation_summary generation=3 tokens=2 generated_targets=4 targets=2 deduplicated_targets=2 persisted_signals=0 market_time=1786334569140 stream_silence_age_ms=1 decisions=ABSENT.PROFIT_BELOW_THRESHOLD:2 maximum_exchange_clock_skew_ms=-56472 exchange_clock_skew_warning_ms=100 maximum_exchange_clock_skew_token_id=16726108051003885011161825885118848549843259375194208492122441662442212860816 exchange_timestamp=1786334424000 received_timestamp=1786334480472 best_return_rate=-0.03826827 required_return_rate=0.00750000 best_opportunity_key=BINARY_UNDERPRICED:3436107 best_market_ids=3436107 context_ms=3 strategy_ms=11 signal_apply_ms=0 elapsed_ms=15
2026-08-10 12:02:50,759 INFO predmarket.watch.task - watch_evaluation_queue_progress requests=99000 pending_tokens=2 coalesced_tokens=144709 generation=3
2026-08-10 12:02:51,083 INFO predmarket.polymarket.gateway - market_stream_consumer_progress generation=3 events_total=51587 events_delta=7045 rate_per_second=704.5 queue_size=0 queue_capacity=65536 queue_utilization_pct=0.0 handle_dropped=0 manager_dropped=0
2026-08-10 12:02:51,083 INFO predmarket.watch.task - watch_price_change_progress messages=98598 messages_delta=6470 entries_per_message=2.00 book_levels_per_message=122.8 parse_ms_per_message=0.006 cache_ms_per_message=0.134 queue_ms_per_message=0.001
2026-08-10 12:02:51,084 INFO predmarket.watch.task - watch_stream_handler_progress messages=106838 messages_delta=7045 rate_per_second=704.5 event_counts=best_bid_ask:476,book:66,last_trade_price:33,price_change:6470 event_ms_per_message=best_bid_ask:0.002,book:0.211,last_trade_price:0.002,price_change:0.160
2026-08-10 12:02:51,104 INFO predmarket.polymarket.gateway - market_stream_pump_progress generation=3 sdk_events_total=51592 sdk_events_delta=7041 sdk_rate_per_second=703.9 mapped_delta=7041 ignored_delta=0 mapping_ms_per_event=0.017 handoff_wait_ms_per_event=0.001 handoff_queue_size=1 handoff_queue_capacity=4096
2026-08-10 12:02:51,159 INFO predmarket.app - catalog_cleanup_cycle_completed deleted_versions=0 deleted_journal_rows=0 remaining_versions=0 remaining_journal_rows=0
2026-08-10 12:02:51,433 INFO predmarket.watch.task - watch_stream_progress messages=107000 event_type=price_change generation=3 cache_state=VALID
2026-08-10 12:02:52,812 INFO predmarket.watch.task - watch_evaluation_batch_completed batch=11000 tokens=10 pending_tokens=10 generation=3 elapsed_ms=5
2026-08-10 12:02:53,787 INFO predmarket.watch.task - watch_evaluation_queue_progress requests=100000 pending_tokens=2 coalesced_tokens=145711 generation=3
2026-08-10 12:02:54,598 INFO predmarket.watch.task - watch_stream_progress messages=108000 event_type=book generation=3 cache_state=VALID
2026-08-10 12:02:56,239 INFO predmarket.watch.task - watch_evaluation_abort_summary window_aborted=449 reason_counts=dependency_revision_changed:449 stage_counts=after_strategy:150,before_strategy:299 evaluation_requests=100882 evaluation_batches=11168 evaluation_coalesced=146755 pending_tokens=4 last_completed_summary_age_ms=7120 maximum_evaluation_elapsed_ms=196 sample_reason=dependency_revision_changed sample_stage=after_strategy sample_token_ids=91947488640105949615483017443405502580169589781851812483421045493873497582851,97778838859299636841264641147426977849209388716758308980309133152224569162973 sample_expected_revisions=91947488640105949615483017443405502580169589781851812483421045493873497582851:9167,97778838859299636841264641147426977849209388716758308980309133152224569162973:9166 sample_actual_revisions=91947488640105949615483017443405502580169589781851812483421045493873497582851:9168,97778838859299636841264641147426977849209388716758308980309133152224569162973:9167
2026-08-10 12:02:56,413 INFO predmarket.watch.task - watch_evaluation_queue_progress requests=101000 pending_tokens=14 coalesced_tokens=146913 generation=3
2026-08-10 12:02:57,176 INFO predmarket.watch.task - watch_stream_progress messages=109000 event_type=price_change generation=3 cache_state=VALID
2026-08-10 12:02:58,718 INFO predmarket.watch.task - watch_evaluation_queue_progress requests=102000 pending_tokens=8 coalesced_tokens=148104 generation=3
2026-08-10 12:02:58,741 WARNING predmarket.watch.task - watch_exchange_clock_skew_warning generation=3 token_id=16726108051003885011161825885118848549843259375194208492122441662442212860816 exchange_timestamp=1786334424000 received_timestamp=1786334480472 exchange_clock_skew_ms=-56472 exchange_clock_skew_warning_ms=100 evaluation_continues=true
2026-08-10 12:02:59,147 INFO predmarket.watch.task - watch_evaluation_summary generation=3 tokens=2 generated_targets=4 targets=2 deduplicated_targets=2 persisted_signals=0 market_time=1786334579159 stream_silence_age_ms=0 decisions=ABSENT.PROFIT_BELOW_THRESHOLD:2 maximum_exchange_clock_skew_ms=-56472 exchange_clock_skew_warning_ms=100 maximum_exchange_clock_skew_token_id=16726108051003885011161825885118848549843259375194208492122441662442212860816 exchange_timestamp=1786334424000 received_timestamp=1786334480472 best_return_rate=-0.03886355 required_return_rate=0.00750000 best_opportunity_key=BINARY_UNDERPRICED:3436107 best_market_ids=3436107 context_ms=2 strategy_ms=14 signal_apply_ms=0 elapsed_ms=16
2026-08-10 12:02:59,281 INFO predmarket.watch.task - watch_stream_progress messages=110000 event_type=price_change generation=3 cache_state=VALID
2026-08-10 12:03:00,443 INFO predmarket.watch.task - watch_evaluation_queue_progress requests=103000 pending_tokens=14 coalesced_tokens=149529 generation=3
2026-08-10 12:03:00,498 INFO predmarket.watch.task - watch_stream_progress messages=111000 event_type=price_change generation=3 cache_state=VALID
2026-08-10 12:03:01,086 INFO predmarket.polymarket.gateway - market_stream_consumer_progress generation=3 events_total=56571 events_delta=4984 rate_per_second=498.2 queue_size=0 queue_capacity=65536 queue_utilization_pct=0.0 handle_dropped=0 manager_dropped=0
2026-08-10 12:03:01,087 INFO predmarket.watch.task - watch_price_change_progress messages=103283 messages_delta=4685 entries_per_message=2.00 book_levels_per_message=125.9 parse_ms_per_message=0.006 cache_ms_per_message=0.138 queue_ms_per_message=0.001
2026-08-10 12:03:01,087 INFO predmarket.watch.task - watch_stream_handler_progress messages=111822 messages_delta=4984 rate_per_second=498.2 event_counts=best_bid_ask:242,book:38,last_trade_price:19,price_change:4685 event_ms_per_message=best_bid_ask:0.002,book:0.236,last_trade_price:0.003,price_change:0.166
2026-08-10 12:03:01,105 INFO predmarket.polymarket.gateway - market_stream_pump_progress generation=3 sdk_events_total=56578 sdk_events_delta=4986 sdk_rate_per_second=498.5 mapped_delta=4986 ignored_delta=0 mapping_ms_per_event=0.018 handoff_wait_ms_per_event=0.001 handoff_queue_size=1 handoff_queue_capacity=4096
2026-08-10 12:03:01,580 INFO predmarket.watch.task - watch_stream_progress messages=112000 event_type=price_change generation=3 cache_state=VALID
2026-08-10 12:03:01,600 INFO predmarket.watch.task - watch_evaluation_queue_progress requests=104000 pending_tokens=4 coalesced_tokens=151132 generation=3
2026-08-10 12:03:01,685 INFO predmarket.app - catalog_cleanup_cycle_completed deleted_versions=0 deleted_journal_rows=0 remaining_versions=0 remaining_journal_rows=0
2026-08-10 12:03:02,962 INFO predmarket.watch.task - watch_stream_progress messages=113000 event_type=price_change generation=3 cache_state=VALID
2026-08-10 12:03:02,992 INFO predmarket.watch.task - watch_evaluation_queue_progress requests=105000 pending_tokens=16 coalesced_tokens=152610 generation=3
2026-08-10 12:03:03,490 INFO predmarket.watch.task - watch_stream_progress messages=114000 event_type=price_change generation=3 cache_state=VALID
2026-08-10 12:03:03,571 INFO predmarket.watch.task - watch_evaluation_queue_progress requests=106000 pending_tokens=18 coalesced_tokens=154568 generation=3
2026-08-10 12:03:04,039 INFO predmarket.watch.task - watch_stream_progress messages=115000 event_type=price_change generation=3 cache_state=VALID
2026-08-10 12:03:04,205 INFO predmarket.watch.task - watch_evaluation_queue_progress requests=107000 pending_tokens=8 coalesced_tokens=156410 generation=3
2026-08-10 12:03:05,005 INFO predmarket.watch.task - watch_stream_progress messages=116000 event_type=price_change generation=3 cache_state=VALID
2026-08-10 12:03:05,579 INFO predmarket.watch.task - watch_evaluation_queue_progress requests=108000 pending_tokens=6 coalesced_tokens=157843 generation=3
2026-08-10 12:03:06,262 INFO predmarket.watch.task - watch_evaluation_abort_summary window_aborted=414 reason_counts=dependency_revision_changed:414 stage_counts=after_strategy:122,before_strategy:292 evaluation_requests=108260 evaluation_batches=11627 evaluation_coalesced=158087 pending_tokens=10 last_completed_summary_age_ms=7116 maximum_evaluation_elapsed_ms=465 sample_reason=dependency_revision_changed sample_stage=after_strategy sample_token_ids=59394815024709904213836118829245952619060436367744549960970945115365530751657,9780141388934315942797470541536692197609331853690586787323160343155123191147 sample_expected_revisions=59394815024709904213836118829245952619060436367744549960970945115365530751657:6988,9780141388934315942797470541536692197609331853690586787323160343155123191147:6983 sample_actual_revisions=59394815024709904213836118829245952619060436367744549960970945115365530751657:6990,9780141388934315942797470541536692197609331853690586787323160343155123191147:6985
2026-08-10 12:03:06,494 INFO predmarket.watch.task - watch_stream_progress messages=117000 event_type=price_change generation=3 cache_state=VALID
2026-08-10 12:03:07,027 INFO predmarket.watch.task - watch_evaluation_queue_progress requests=109000 pending_tokens=12 coalesced_tokens=159248 generation=3
2026-08-10 12:03:08,268 INFO predmarket.watch.task - watch_stream_progress messages=118000 event_type=price_change generation=3 cache_state=VALID
2026-08-10 12:03:08,749 WARNING predmarket.watch.task - watch_exchange_clock_skew_warning generation=3 token_id=16726108051003885011161825885118848549843259375194208492122441662442212860816 exchange_timestamp=1786334424000 received_timestamp=1786334480472 exchange_clock_skew_ms=-56472 exchange_clock_skew_warning_ms=100 evaluation_continues=true
2026-08-10 12:03:09,122 INFO predmarket.watch.task - watch_evaluation_queue_progress requests=110000 pending_tokens=16 coalesced_tokens=160508 generation=3
2026-08-10 12:03:09,300 INFO predmarket.watch.task - watch_stream_progress messages=119000 event_type=price_change generation=3 cache_state=VALID
2026-08-10 12:03:09,574 INFO predmarket.watch.task - watch_evaluation_summary generation=3 tokens=2 generated_targets=4 targets=2 deduplicated_targets=2 persisted_signals=0 market_time=1786334589602 stream_silence_age_ms=2 decisions=ABSENT.PROFIT_BELOW_THRESHOLD:2 maximum_exchange_clock_skew_ms=-56472 exchange_clock_skew_warning_ms=100 maximum_exchange_clock_skew_token_id=16726108051003885011161825885118848549843259375194208492122441662442212860816 exchange_timestamp=1786334424000 received_timestamp=1786334480472 best_return_rate=-0.03561940 required_return_rate=0.00750000 best_opportunity_key=BINARY_UNDERPRICED:3436107 best_market_ids=3436107 context_ms=1 strategy_ms=12 signal_apply_ms=0 elapsed_ms=14
2026-08-10 12:03:10,380 INFO predmarket.watch.task - watch_evaluation_queue_progress requests=111000 pending_tokens=12 coalesced_tokens=162125 generation=3
2026-08-10 12:03:10,646 INFO predmarket.watch.task - watch_stream_progress messages=120000 event_type=price_change generation=3 cache_state=VALID
2026-08-10 12:03:11,092 INFO predmarket.polymarket.gateway - market_stream_consumer_progress generation=3 events_total=64954 events_delta=8383 rate_per_second=837.9 queue_size=1 queue_capacity=65536 queue_utilization_pct=0.0 handle_dropped=0 manager_dropped=0
2026-08-10 12:03:11,092 INFO predmarket.watch.task - watch_price_change_progress messages=110875 messages_delta=7592 entries_per_message=2.00 book_levels_per_message=119.0 parse_ms_per_message=0.006 cache_ms_per_message=0.131 queue_ms_per_message=0.001
2026-08-10 12:03:11,092 INFO predmarket.watch.task - watch_stream_handler_progress messages=120205 messages_delta=8383 rate_per_second=837.8 event_counts=best_bid_ask:674,book:78,last_trade_price:39,price_change:7592 event_ms_per_message=best_bid_ask:0.002,book:0.229,last_trade_price:0.002,price_change:0.157
2026-08-10 12:03:11,115 INFO predmarket.polymarket.gateway - market_stream_pump_progress generation=3 sdk_events_total=64958 sdk_events_delta=8380 sdk_rate_per_second=837.2 mapped_delta=8380 ignored_delta=0 mapping_ms_per_event=0.016 handoff_wait_ms_per_event=0.001 handoff_queue_size=1 handoff_queue_capacity=4096
2026-08-10 12:03:12,169 INFO predmarket.app - catalog_cleanup_cycle_completed deleted_versions=0 deleted_journal_rows=0 remaining_versions=0 remaining_journal_rows=0
2026-08-10 12:03:12,343 INFO predmarket.watch.task - watch_evaluation_queue_progress requests=112000 pending_tokens=14 coalesced_tokens=163251 generation=3
2026-08-10 12:03:12,442 INFO predmarket.watch.task - watch_stream_progress messages=121000 event_type=price_change generation=3 cache_state=VALID
2026-08-10 12:03:13,503 INFO predmarket.watch.task - watch_evaluation_batch_completed batch=12000 tokens=10 pending_tokens=8 generation=3 elapsed_ms=18
2026-08-10 12:03:14,043 INFO predmarket.watch.task - watch_evaluation_queue_progress requests=113000 pending_tokens=2 coalesced_tokens=164525 generation=3
2026-08-10 12:03:14,229 INFO predmarket.watch.task - watch_stream_progress messages=122000 event_type=price_change generation=3 cache_state=VALID
2026-08-10 12:03:16,310 INFO predmarket.watch.task - watch_evaluation_abort_summary window_aborted=423 reason_counts=dependency_revision_changed:423 stage_counts=after_strategy:137,before_strategy:286 evaluation_requests=113811 evaluation_batches=12108 evaluation_coalesced=165619 pending_tokens=12 last_completed_summary_age_ms=6737 maximum_evaluation_elapsed_ms=309 sample_reason=dependency_revision_changed sample_stage=before_strategy sample_token_ids=50940646408963453238635113892643295795715943123124267182415357448530392214022,66484835772642281574260105084083260613874850000865828870340716696170084116122 sample_expected_revisions=50940646408963453238635113892643295795715943123124267182415357448530392214022:11479,66484835772642281574260105084083260613874850000865828870340716696170084116122:11471 sample_actual_revisions=50940646408963453238635113892643295795715943123124267182415357448530392214022:11481,66484835772642281574260105084083260613874850000865828870340716696170084116122:11473
2026-08-10 12:03:16,770 INFO predmarket.watch.task - watch_evaluation_queue_progress requests=114000 pending_tokens=8 coalesced_tokens=165829 generation=3
2026-08-10 12:03:16,839 INFO predmarket.watch.task - watch_stream_progress messages=123000 event_type=price_change generation=3 cache_state=VALID
2026-08-10 12:03:18,777 WARNING predmarket.watch.task - watch_exchange_clock_skew_warning generation=3 token_id=16726108051003885011161825885118848549843259375194208492122441662442212860816 exchange_timestamp=1786334424000 received_timestamp=1786334480472 exchange_clock_skew_ms=-56472 exchange_clock_skew_warning_ms=100 evaluation_continues=true
2026-08-10 12:03:18,936 INFO predmarket.watch.task - watch_stream_progress messages=124000 event_type=price_change generation=3 cache_state=VALID
2026-08-10 12:03:18,942 INFO predmarket.watch.task - watch_evaluation_queue_progress requests=115000 pending_tokens=14 coalesced_tokens=167133 generation=3
2026-08-10 12:03:19,911 INFO predmarket.watch.task - watch_evaluation_summary generation=3 tokens=2 generated_targets=4 targets=2 deduplicated_targets=2 persisted_signals=0 market_time=1786334599937 stream_silence_age_ms=2 decisions=ABSENT.PROFIT_BELOW_THRESHOLD:2 maximum_exchange_clock_skew_ms=-56472 exchange_clock_skew_warning_ms=100 maximum_exchange_clock_skew_token_id=16726108051003885011161825885118848549843259375194208492122441662442212860816 exchange_timestamp=1786334424000 received_timestamp=1786334480472 best_return_rate=-0.03413278 required_return_rate=0.00750000 best_opportunity_key=BINARY_UNDERPRICED:3436107 best_market_ids=3436107 context_ms=1 strategy_ms=15 signal_apply_ms=0 elapsed_ms=16
2026-08-10 12:03:20,666 INFO predmarket.watch.task - watch_stream_progress messages=125000 event_type=price_change generation=3 cache_state=VALID
2026-08-10 12:03:20,917 INFO predmarket.watch.task - watch_evaluation_queue_progress requests=116000 pending_tokens=4 coalesced_tokens=168489 generation=3
2026-08-10 12:03:21,265 INFO predmarket.polymarket.gateway - market_stream_pump_progress generation=3 sdk_events_total=70001 sdk_events_delta=5043 sdk_rate_per_second=496.8 mapped_delta=5031 ignored_delta=12 mapping_ms_per_event=0.017 handoff_wait_ms_per_event=0.001 handoff_queue_size=0 handoff_queue_capacity=4096
2026-08-10 12:03:21,266 INFO predmarket.polymarket.gateway - market_stream_consumer_progress generation=3 events_total=69989 events_delta=5035 rate_per_second=494.9 queue_size=0 queue_capacity=65536 queue_utilization_pct=0.0 handle_dropped=0 manager_dropped=0
2026-08-10 12:03:21,266 INFO predmarket.watch.task - watch_price_change_progress messages=115521 messages_delta=4646 entries_per_message=2.00 book_levels_per_message=122.4 parse_ms_per_message=0.006 cache_ms_per_message=0.136 queue_ms_per_message=0.001
2026-08-10 12:03:21,267 INFO predmarket.watch.task - watch_stream_handler_progress messages=125240 messages_delta=5035 rate_per_second=494.9 event_counts=best_bid_ask:368,book:14,last_trade_price:7,price_change:4646 event_ms_per_message=best_bid_ask:0.002,book:0.224,last_trade_price:0.002,price_change:0.163
2026-08-10 12:03:22,353 INFO predmarket.watch.task - watch_stream_progress messages=126000 event_type=price_change generation=3 cache_state=VALID
2026-08-10 12:03:22,706 INFO predmarket.app - catalog_cleanup_cycle_completed deleted_versions=0 deleted_journal_rows=0 remaining_versions=0 remaining_journal_rows=0
2026-08-10 12:03:23,008 INFO predmarket.watch.task - watch_evaluation_queue_progress requests=117000 pending_tokens=6 coalesced_tokens=169839 generation=3
2026-08-10 12:03:24,996 INFO predmarket.watch.task - watch_stream_progress messages=127000 event_type=price_change generation=3 cache_state=VALID
2026-08-10 12:03:26,317 INFO predmarket.watch.task - watch_evaluation_abort_summary window_aborted=399 reason_counts=dependency_revision_changed:399 stage_counts=after_strategy:145,before_strategy:254 evaluation_requests=117954 evaluation_batches=12592 evaluation_coalesced=170751 pending_tokens=4 last_completed_summary_age_ms=6407 maximum_evaluation_elapsed_ms=206 sample_reason=dependency_revision_changed sample_stage=before_strategy sample_token_ids=50940646408963453238635113892643295795715943123124267182415357448530392214022,66484835772642281574260105084083260613874850000865828870340716696170084116122 sample_expected_revisions=50940646408963453238635113892643295795715943123124267182415357448530392214022:12118,66484835772642281574260105084083260613874850000865828870340716696170084116122:12110 sample_actual_revisions=50940646408963453238635113892643295795715943123124267182415357448530392214022:12119,66484835772642281574260105084083260613874850000865828870340716696170084116122:12111
2026-08-10 12:03:26,424 INFO predmarket.watch.task - watch_evaluation_queue_progress requests=118000 pending_tokens=6 coalesced_tokens=170801 generation=3
2026-08-10 12:03:28,373 INFO predmarket.watch.task - watch_stream_progress messages=128000 event_type=price_change generation=3 cache_state=VALID
2026-08-10 12:03:28,790 WARNING predmarket.watch.task - watch_exchange_clock_skew_warning generation=3 token_id=16726108051003885011161825885118848549843259375194208492122441662442212860816 exchange_timestamp=1786334424000 received_timestamp=1786334480472 exchange_clock_skew_ms=-56472 exchange_clock_skew_warning_ms=100 evaluation_continues=true
2026-08-10 12:03:29,789 INFO predmarket.watch.task - watch_evaluation_queue_progress requests=119000 pending_tokens=2 coalesced_tokens=171623 generation=3
2026-08-10 12:03:29,959 INFO predmarket.watch.task - watch_evaluation_summary generation=3 tokens=8 generated_targets=16 targets=8 deduplicated_targets=8 persisted_signals=0 market_time=1786334609935 stream_silence_age_ms=2 decisions=ABSENT.PROFIT_BELOW_THRESHOLD:8 maximum_exchange_clock_skew_ms=-56472 exchange_clock_skew_warning_ms=100 maximum_exchange_clock_skew_token_id=16726108051003885011161825885118848549843259375194208492122441662442212860816 exchange_timestamp=1786334424000 received_timestamp=1786334480472 best_return_rate=-0.03413278 required_return_rate=0.00750000 best_opportunity_key=BINARY_UNDERPRICED:3436107 best_market_ids=3436107 context_ms=1 strategy_ms=58 signal_apply_ms=0 elapsed_ms=60
2026-08-10 12:03:30,978 INFO predmarket.watch.task - watch_stream_progress messages=129000 event_type=price_change generation=3 cache_state=VALID
2026-08-10 12:03:31,266 INFO predmarket.polymarket.gateway - market_stream_consumer_progress generation=3 events_total=74005 events_delta=4016 rate_per_second=401.6 queue_size=8 queue_capacity=65536 queue_utilization_pct=0.0 handle_dropped=0 manager_dropped=0
2026-08-10 12:03:31,267 INFO predmarket.watch.task - watch_price_change_progress messages=119012 messages_delta=3491 entries_per_message=2.00 book_levels_per_message=119.6 parse_ms_per_message=0.007 cache_ms_per_message=0.135 queue_ms_per_message=0.001
2026-08-10 12:03:31,267 INFO predmarket.watch.task - watch_stream_handler_progress messages=129257 messages_delta=4017 rate_per_second=401.7 event_counts=best_bid_ask:520,book:4,last_trade_price:2,price_change:3491 event_ms_per_message=best_bid_ask:0.002,book:0.362,last_trade_price:0.003,price_change:0.164
2026-08-10 12:03:31,267 INFO predmarket.polymarket.gateway - market_stream_pump_progress generation=3 sdk_events_total=74031 sdk_events_delta=4030 sdk_rate_per_second=402.9 mapped_delta=4020 ignored_delta=10 mapping_ms_per_event=0.018 handoff_wait_ms_per_event=0.001 handoff_queue_size=1 handoff_queue_capacity=4096
2026-08-10 12:03:32,220 INFO predmarket.watch.task - watch_evaluation_queue_progress requests=120000 pending_tokens=2 coalesced_tokens=172841 generation=3
2026-08-10 12:03:33,119 INFO predmarket.watch.task - watch_stream_progress messages=130000 event_type=price_change generation=3 cache_state=VALID
2026-08-10 12:03:33,197 INFO predmarket.app - catalog_cleanup_cycle_completed deleted_versions=0 deleted_journal_rows=0 remaining_versions=0 remaining_journal_rows=0
2026-08-10 12:03:34,021 INFO predmarket.watch.task - watch_evaluation_batch_completed batch=13000 tokens=2 pending_tokens=0 generation=3 elapsed_ms=13
2026-08-10 12:03:34,617 INFO predmarket.watch.task - watch_evaluation_queue_progress requests=121000 pending_tokens=14 coalesced_tokens=174075 generation=3
2026-08-10 12:03:34,722 INFO predmarket.watch.task - watch_stream_progress messages=131000 event_type=price_change generation=3 cache_state=VALID
2026-08-10 12:03:35,161 INFO predmarket.watch.task - watch_evaluation_queue_progress requests=122000 pending_tokens=14 coalesced_tokens=176043 generation=3
2026-08-10 12:03:35,194 INFO predmarket.watch.task - watch_stream_progress messages=132000 event_type=price_change generation=3 cache_state=VALID
2026-08-10 12:03:35,670 INFO predmarket.watch.task - watch_stream_progress messages=133000 event_type=price_change generation=3 cache_state=VALID
2026-08-10 12:03:35,681 INFO predmarket.watch.task - watch_evaluation_queue_progress requests=123000 pending_tokens=18 coalesced_tokens=178035 generation=3
2026-08-10 12:03:36,331 INFO predmarket.watch.task - watch_stream_progress messages=134000 event_type=price_change generation=3 cache_state=VALID
2026-08-10 12:03:36,332 INFO predmarket.watch.task - watch_evaluation_abort_summary window_aborted=371 reason_counts=dependency_revision_changed:371 stage_counts=after_strategy:110,before_strategy:261 evaluation_requests=123851 evaluation_batches=13048 evaluation_coalesced=179595 pending_tokens=8 last_completed_summary_age_ms=6373 maximum_evaluation_elapsed_ms=845 sample_reason=dependency_revision_changed sample_stage=after_strategy sample_token_ids=31629100688475301710039035676793029972891575873328548589488424510522784838245,38540212896209836315571565663577538031322436116097036792994284319281831455382 sample_expected_revisions=31629100688475301710039035676793029972891575873328548589488424510522784838245:6101,38540212896209836315571565663577538031322436116097036792994284319281831455382:6102 sample_actual_revisions=31629100688475301710039035676793029972891575873328548589488424510522784838245:6102,38540212896209836315571565663577538031322436116097036792994284319281831455382:6103
2026-08-10 12:03:36,908 INFO predmarket.watch.task - watch_evaluation_queue_progress requests=124000 pending_tokens=12 coalesced_tokens=179783 generation=3
2026-08-10 12:03:38,240 INFO predmarket.watch.task - watch_stream_progress messages=135000 event_type=price_change generation=3 cache_state=VALID
2026-08-10 12:03:38,677 INFO predmarket.watch.task - watch_evaluation_queue_progress requests=125000 pending_tokens=4 coalesced_tokens=181073 generation=3
2026-08-10 12:03:38,828 WARNING predmarket.watch.task - watch_exchange_clock_skew_warning generation=3 token_id=16726108051003885011161825885118848549843259375194208492122441662442212860816 exchange_timestamp=1786334424000 received_timestamp=1786334480472 exchange_clock_skew_ms=-56472 exchange_clock_skew_warning_ms=100 evaluation_continues=true
2026-08-10 12:03:39,640 INFO predmarket.watch.task - watch_stream_progress messages=136000 event_type=price_change generation=3 cache_state=VALID
2026-08-10 12:03:40,097 INFO predmarket.watch.task - watch_evaluation_queue_progress requests=126000 pending_tokens=6 coalesced_tokens=182749 generation=3
2026-08-10 12:03:40,144 INFO predmarket.watch.task - watch_evaluation_summary generation=3 tokens=4 generated_targets=8 targets=4 deduplicated_targets=4 persisted_signals=0 market_time=1786334620148 stream_silence_age_ms=12 decisions=ABSENT.PROFIT_BELOW_THRESHOLD:4 maximum_exchange_clock_skew_ms=-56472 exchange_clock_skew_warning_ms=100 maximum_exchange_clock_skew_token_id=16726108051003885011161825885118848549843259375194208492122441662442212860816 exchange_timestamp=1786334424000 received_timestamp=1786334480472 best_return_rate=-0.03394523 required_return_rate=0.00750000 best_opportunity_key=BINARY_UNDERPRICED:3436115 best_market_ids=3436115 context_ms=2 strategy_ms=26 signal_apply_ms=0 elapsed_ms=28
2026-08-10 12:03:40,953 INFO predmarket.watch.task - watch_stream_progress messages=137000 event_type=price_change generation=3 cache_state=VALID
2026-08-10 12:03:41,232 INFO predmarket.watch.task - watch_evaluation_queue_progress requests=127000 pending_tokens=10 coalesced_tokens=184538 generation=3
2026-08-10 12:03:41,266 INFO predmarket.polymarket.gateway - market_stream_consumer_progress generation=3 events_total=82129 events_delta=8124 rate_per_second=812.4 queue_size=0 queue_capacity=65536 queue_utilization_pct=0.0 handle_dropped=0 manager_dropped=0
2026-08-10 12:03:41,267 INFO predmarket.watch.task - watch_price_change_progress messages=126458 messages_delta=7446 entries_per_message=2.00 book_levels_per_message=118.9 parse_ms_per_message=0.006 cache_ms_per_message=0.132 queue_ms_per_message=0.001
2026-08-10 12:03:41,267 INFO predmarket.watch.task - watch_stream_handler_progress messages=137381 messages_delta=8124 rate_per_second=812.4 event_counts=best_bid_ask:588,book:60,last_trade_price:30,price_change:7446 event_ms_per_message=best_bid_ask:0.002,book:0.219,last_trade_price:0.002,price_change:0.158
2026-08-10 12:03:41,286 INFO predmarket.polymarket.gateway - market_stream_pump_progress generation=3 sdk_events_total=82210 sdk_events_delta=8179 sdk_rate_per_second=816.4 mapped_delta=8162 ignored_delta=17 mapping_ms_per_event=0.016 handoff_wait_ms_per_event=0.001 handoff_queue_size=1 handoff_queue_capacity=4096
2026-08-10 12:03:42,516 INFO predmarket.watch.task - watch_stream_progress messages=138000 event_type=price_change generation=3 cache_state=VALID
2026-08-10 12:03:43,324 INFO predmarket.watch.task - watch_evaluation_queue_progress requests=128000 pending_tokens=2 coalesced_tokens=185931 generation=3
2026-08-10 12:03:43,674 INFO predmarket.app - catalog_cleanup_cycle_completed deleted_versions=0 deleted_journal_rows=0 remaining_versions=0 remaining_journal_rows=0
2026-08-10 12:03:44,964 INFO predmarket.watch.task - watch_stream_progress messages=139000 event_type=price_change generation=3 cache_state=VALID
2026-08-10 12:03:46,393 INFO predmarket.watch.task - watch_evaluation_abort_summary window_aborted=334 reason_counts=dependency_revision_changed:334 stage_counts=after_strategy:125,before_strategy:209 evaluation_requests=128939 evaluation_batches=13436 evaluation_coalesced=186892 pending_tokens=6 last_completed_summary_age_ms=6249 maximum_evaluation_elapsed_ms=206 sample_reason=dependency_revision_changed sample_stage=after_strategy sample_token_ids=50940646408963453238635113892643295795715943123124267182415357448530392214022,66484835772642281574260105084083260613874850000865828870340716696170084116122 sample_expected_revisions=50940646408963453238635113892643295795715943123124267182415357448530392214022:14238,66484835772642281574260105084083260613874850000865828870340716696170084116122:14229 sample_actual_revisions=50940646408963453238635113892643295795715943123124267182415357448530392214022:14241,66484835772642281574260105084083260613874850000865828870340716696170084116122:14232
2026-08-10 12:03:46,512 INFO predmarket.watch.task - watch_evaluation_queue_progress requests=129000 pending_tokens=2 coalesced_tokens=186952 generation=3
2026-08-10 12:03:48,006 INFO predmarket.watch.task - watch_stream_progress messages=140000 event_type=price_change generation=3 cache_state=VALID
2026-08-10 12:03:48,846 WARNING predmarket.watch.task - watch_exchange_clock_skew_warning generation=3 token_id=16726108051003885011161825885118848549843259375194208492122441662442212860816 exchange_timestamp=1786334424000 received_timestamp=1786334480472 exchange_clock_skew_ms=-56472 exchange_clock_skew_warning_ms=100 evaluation_continues=true
2026-08-10 12:03:49,300 INFO predmarket.watch.task - watch_evaluation_queue_progress requests=130000 pending_tokens=4 coalesced_tokens=187881 generation=3
2026-08-10 12:03:50,443 INFO predmarket.watch.task - watch_evaluation_summary generation=3 tokens=4 generated_targets=8 targets=4 deduplicated_targets=4 persisted_signals=0 market_time=1786334630457 stream_silence_age_ms=1 decisions=ABSENT.PROFIT_BELOW_THRESHOLD:4 maximum_exchange_clock_skew_ms=-56472 exchange_clock_skew_warning_ms=100 maximum_exchange_clock_skew_token_id=16726108051003885011161825885118848549843259375194208492122441662442212860816 exchange_timestamp=1786334424000 received_timestamp=1786334480472 best_return_rate=-0.02617951 required_return_rate=0.00750000 best_opportunity_key=BINARY_UNDERPRICED:3436107 best_market_ids=3436107 context_ms=1 strategy_ms=27 signal_apply_ms=0 elapsed_ms=29
2026-08-10 12:03:50,500 INFO predmarket.watch.task - watch_stream_progress messages=141000 event_type=price_change generation=3 cache_state=VALID
2026-08-10 12:03:51,283 INFO predmarket.polymarket.gateway - market_stream_consumer_progress generation=3 events_total=86010 events_delta=3881 rate_per_second=387.4 queue_size=0 queue_capacity=65536 queue_utilization_pct=0.0 handle_dropped=0 manager_dropped=0
2026-08-10 12:03:51,284 INFO predmarket.watch.task - watch_price_change_progress messages=130190 messages_delta=3732 entries_per_message=2.00 book_levels_per_message=120.0 parse_ms_per_message=0.006 cache_ms_per_message=0.134 queue_ms_per_message=0.001
2026-08-10 12:03:51,284 INFO predmarket.watch.task - watch_stream_handler_progress messages=141261 messages_delta=3880 rate_per_second=387.4 event_counts=best_bid_ask:106,book:28,last_trade_price:14,price_change:3732 event_ms_per_message=best_bid_ask:0.002,book:0.214,last_trade_price:0.003,price_change:0.162
2026-08-10 12:03:51,619 INFO predmarket.polymarket.gateway - market_stream_pump_progress generation=3 sdk_events_total=86065 sdk_events_delta=3855 sdk_rate_per_second=373.1 mapped_delta=3841 ignored_delta=14 mapping_ms_per_event=0.019 handoff_wait_ms_per_event=0.001 handoff_queue_size=0 handoff_queue_capacity=4096
2026-08-10 12:03:52,115 INFO predmarket.watch.task - watch_evaluation_queue_progress requests=131000 pending_tokens=4 coalesced_tokens=188982 generation=3
2026-08-10 12:03:53,059 INFO predmarket.watch.task - watch_stream_progress messages=142000 event_type=price_change generation=3 cache_state=VALID
2026-08-10 12:03:54,019 INFO predmarket.watch.task - watch_evaluation_queue_progress requests=132000 pending_tokens=8 coalesced_tokens=190355 generation=3
2026-08-10 12:03:54,142 INFO predmarket.app - catalog_cleanup_cycle_completed deleted_versions=0 deleted_journal_rows=0 remaining_versions=0 remaining_journal_rows=0
2026-08-10 12:03:55,523 INFO predmarket.watch.task - watch_stream_progress messages=143000 event_type=price_change generation=3 cache_state=VALID
2026-08-10 12:03:56,403 INFO predmarket.watch.task - watch_evaluation_abort_summary window_aborted=452 reason_counts=dependency_revision_changed:452 stage_counts=after_strategy:155,before_strategy:297 evaluation_requests=132910 evaluation_batches=13970 evaluation_coalesced=191341 pending_tokens=10 last_completed_summary_age_ms=5960 maximum_evaluation_elapsed_ms=188 sample_reason=dependency_revision_changed sample_stage=after_strategy sample_token_ids=4331526763713857491268580299746388775956424860347585238269644477637145082479,844904608873038341199926254276998851963996846457482967710823416715904546620 sample_expected_revisions=4331526763713857491268580299746388775956424860347585238269644477637145082479:5670,844904608873038341199926254276998851963996846457482967710823416715904546620:5671 sample_actual_revisions=4331526763713857491268580299746388775956424860347585238269644477637145082479:5671,844904608873038341199926254276998851963996846457482967710823416715904546620:5672
2026-08-10 12:03:56,542 INFO predmarket.watch.task - watch_evaluation_queue_progress requests=133000 pending_tokens=6 coalesced_tokens=191459 generation=3
2026-08-10 12:03:56,905 INFO predmarket.watch.task - watch_evaluation_batch_completed batch=14000 tokens=6 pending_tokens=8 generation=3 elapsed_ms=3
2026-08-10 12:03:57,088 INFO predmarket.watch.task - watch_stream_progress messages=144000 event_type=best_bid_ask generation=3 cache_state=VALID
2026-08-10 12:03:58,065 INFO predmarket.watch.task - watch_evaluation_queue_progress requests=134000 pending_tokens=2 coalesced_tokens=192657 generation=3
2026-08-10 12:03:58,663 INFO predmarket.watch.task - watch_stream_progress messages=145000 event_type=price_change generation=3 cache_state=VALID
2026-08-10 12:03:58,856 WARNING predmarket.watch.task - watch_exchange_clock_skew_warning generation=3 token_id=16726108051003885011161825885118848549843259375194208492122441662442212860816 exchange_timestamp=1786334424000 received_timestamp=1786334480472 exchange_clock_skew_ms=-56472 exchange_clock_skew_warning_ms=100 evaluation_continues=true
2026-08-10 12:04:00,192 INFO predmarket.watch.task - watch_evaluation_queue_progress requests=135000 pending_tokens=12 coalesced_tokens=193905 generation=3
2026-08-10 12:04:00,397 INFO predmarket.watch.task - watch_stream_progress messages=146000 event_type=price_change generation=3 cache_state=VALID
2026-08-10 12:04:00,945 INFO predmarket.watch.task - watch_evaluation_queue_progress requests=136000 pending_tokens=20 coalesced_tokens=195635 generation=3
2026-08-10 12:04:01,136 INFO predmarket.watch.task - watch_stream_progress messages=147000 event_type=price_change generation=3 cache_state=VALID
2026-08-10 12:04:01,283 INFO predmarket.polymarket.gateway - market_stream_consumer_progress generation=3 events_total=91977 events_delta=5967 rate_per_second=596.7 queue_size=0 queue_capacity=65536 queue_utilization_pct=0.0 handle_dropped=0 manager_dropped=0
2026-08-10 12:04:01,284 INFO predmarket.watch.task - watch_price_change_progress messages=135868 messages_delta=5678 entries_per_message=2.00 book_levels_per_message=127.5 parse_ms_per_message=0.006 cache_ms_per_message=0.139 queue_ms_per_message=0.001
2026-08-10 12:04:01,284 INFO predmarket.watch.task - watch_stream_handler_progress messages=147228 messages_delta=5967 rate_per_second=596.7 event_counts=best_bid_ask:234,book:38,last_trade_price:17,price_change:5678 event_ms_per_message=best_bid_ask:0.003,book:0.213,last_trade_price:0.002,price_change:0.166
2026-08-10 12:04:01,606 INFO predmarket.watch.task - watch_evaluation_queue_progress requests=137000 pending_tokens=24 coalesced_tokens=197474 generation=3
2026-08-10 12:04:01,623 INFO predmarket.polymarket.gateway - market_stream_pump_progress generation=3 sdk_events_total=92605 sdk_events_delta=6540 sdk_rate_per_second=653.7 mapped_delta=6530 ignored_delta=10 mapping_ms_per_event=0.017 handoff_wait_ms_per_event=0.001 handoff_queue_size=1 handoff_queue_capacity=4096
2026-08-10 12:04:02,011 INFO predmarket.watch.task - watch_stream_progress messages=148000 event_type=price_change generation=3 cache_state=VALID
2026-08-10 12:04:02,303 INFO predmarket.watch.task - watch_evaluation_summary generation=3 tokens=2 generated_targets=4 targets=2 deduplicated_targets=2 persisted_signals=0 market_time=1786334642332 stream_silence_age_ms=2 decisions=ABSENT.PROFIT_BELOW_THRESHOLD:2 maximum_exchange_clock_skew_ms=-56472 exchange_clock_skew_warning_ms=100 maximum_exchange_clock_skew_token_id=16726108051003885011161825885118848549843259375194208492122441662442212860816 exchange_timestamp=1786334424000 received_timestamp=1786334480472 best_return_rate=-0.05170215 required_return_rate=0.00750000 best_opportunity_key=BINARY_UNDERPRICED:3436103 best_market_ids=3436103 context_ms=1 strategy_ms=8 signal_apply_ms=0 elapsed_ms=10
2026-08-10 12:04:03,805 INFO predmarket.watch.task - watch_evaluation_queue_progress requests=138000 pending_tokens=8 coalesced_tokens=198637 generation=3
2026-08-10 12:04:04,228 INFO predmarket.watch.task - watch_stream_progress messages=149000 event_type=price_change generation=3 cache_state=VALID
2026-08-10 12:04:04,706 INFO predmarket.app - catalog_cleanup_cycle_completed deleted_versions=0 deleted_journal_rows=0 remaining_versions=0 remaining_journal_rows=0
2026-08-10 12:04:05,632 INFO predmarket.watch.task - watch_evaluation_queue_progress requests=139000 pending_tokens=10 coalesced_tokens=199917 generation=3
2026-08-10 12:04:05,838 INFO predmarket.watch.task - watch_stream_progress messages=150000 event_type=price_change generation=3 cache_state=VALID
2026-08-10 12:04:06,419 INFO predmarket.watch.task - watch_evaluation_abort_summary window_aborted=433 reason_counts=dependency_revision_changed:433 stage_counts=after_strategy:157,before_strategy:276 evaluation_requests=139538 evaluation_batches=14447 evaluation_coalesced=200671 pending_tokens=10 last_completed_summary_age_ms=4116 maximum_evaluation_elapsed_ms=256 sample_reason=dependency_revision_changed sample_stage=after_strategy sample_token_ids=100533687727497443541369483933299762930731780669782590957570011016994709318185,104764801815215006840218735731932203523559164204955657612872827684375163040798 sample_expected_revisions=100533687727497443541369483933299762930731780669782590957570011016994709318185:24013,104764801815215006840218735731932203523559164204955657612872827684375163040798:23993 sample_actual_revisions=100533687727497443541369483933299762930731780669782590957570011016994709318185:24016,104764801815215006840218735731932203523559164204955657612872827684375163040798:23996
2026-08-10 12:04:07,312 INFO predmarket.watch.task - watch_evaluation_queue_progress requests=140000 pending_tokens=6 coalesced_tokens=201179 generation=3
2026-08-10 12:04:07,438 INFO predmarket.watch.task - watch_stream_progress messages=151000 event_type=price_change generation=3 cache_state=VALID
2026-08-10 12:04:08,520 INFO predmarket.watch.task - watch_evaluation_queue_progress requests=141000 pending_tokens=4 coalesced_tokens=202627 generation=3
2026-08-10 12:04:08,602 INFO predmarket.watch.task - watch_stream_progress messages=152000 event_type=price_change generation=3 cache_state=VALID
2026-08-10 12:04:08,867 WARNING predmarket.watch.task - watch_exchange_clock_skew_warning generation=3 token_id=16726108051003885011161825885118848549843259375194208492122441662442212860816 exchange_timestamp=1786334424000 received_timestamp=1786334480472 exchange_clock_skew_ms=-56472 exchange_clock_skew_warning_ms=100 evaluation_continues=true
2026-08-10 12:04:10,922 INFO predmarket.watch.task - watch_evaluation_queue_progress requests=142000 pending_tokens=2 coalesced_tokens=203661 generation=3
2026-08-10 12:04:10,946 INFO predmarket.watch.task - watch_stream_progress messages=153000 event_type=price_change generation=3 cache_state=VALID
2026-08-10 12:04:11,306 INFO predmarket.polymarket.gateway - market_stream_consumer_progress generation=3 events_total=97898 events_delta=5921 rate_per_second=590.8 queue_size=0 queue_capacity=65536 queue_utilization_pct=0.0 handle_dropped=0 manager_dropped=0
2026-08-10 12:04:11,306 INFO predmarket.watch.task - watch_price_change_progress messages=141532 messages_delta=5664 entries_per_message=2.00 book_levels_per_message=121.5 parse_ms_per_message=0.006 cache_ms_per_message=0.135 queue_ms_per_message=0.001
2026-08-10 12:04:11,306 INFO predmarket.watch.task - watch_stream_handler_progress messages=153149 messages_delta=5921 rate_per_second=590.8 event_counts=best_bid_ask:220,book:24,last_trade_price:13,price_change:5664 event_ms_per_message=best_bid_ask:0.002,book:0.244,last_trade_price:0.003,price_change:0.163
2026-08-10 12:04:11,636 INFO predmarket.polymarket.gateway - market_stream_pump_progress generation=3 sdk_events_total=98068 sdk_events_delta=5463 sdk_rate_per_second=545.6 mapped_delta=5463 ignored_delta=0 mapping_ms_per_event=0.018 handoff_wait_ms_per_event=0.001 handoff_queue_size=1 handoff_queue_capacity=4096
2026-08-10 12:04:12,504 INFO predmarket.watch.task - watch_evaluation_summary generation=3 tokens=4 generated_targets=8 targets=4 deduplicated_targets=4 persisted_signals=0 market_time=1786334652513 stream_silence_age_ms=0 decisions=ABSENT.PROFIT_BELOW_THRESHOLD:4 maximum_exchange_clock_skew_ms=-56472 exchange_clock_skew_warning_ms=100 maximum_exchange_clock_skew_token_id=16726108051003885011161825885118848549843259375194208492122441662442212860816 exchange_timestamp=1786334424000 received_timestamp=1786334480472 best_return_rate=-0.02708119 required_return_rate=0.00750000 best_opportunity_key=BINARY_UNDERPRICED:3436107 best_market_ids=3436107 context_ms=3 strategy_ms=25 signal_apply_ms=0 elapsed_ms=29
2026-08-10 12:04:13,564 INFO predmarket.watch.task - watch_stream_progress messages=154000 event_type=price_change generation=3 cache_state=VALID
2026-08-10 12:04:13,578 INFO predmarket.watch.task - watch_evaluation_queue_progress requests=143000 pending_tokens=8 coalesced_tokens=204658 generation=3
2026-08-10 12:04:15,204 INFO predmarket.app - catalog_cleanup_cycle_completed deleted_versions=0 deleted_journal_rows=0 remaining_versions=0 remaining_journal_rows=0
2026-08-10 12:04:18,863 INFO predmarket.watch.task - watch_evaluation_abort_summary window_aborted=441 reason_counts=dependency_revision_changed:441 stage_counts=after_strategy:137,before_strategy:304 evaluation_requests=143646 evaluation_batches=14957 evaluation_coalesced=205386 pending_tokens=2 last_completed_summary_age_ms=6359 maximum_evaluation_elapsed_ms=190 sample_reason=dependency_revision_changed sample_stage=before_strategy sample_token_ids=50940646408963453238635113892643295795715943123124267182415357448530392214022,66484835772642281574260105084083260613874850000865828870340716696170084116122 sample_expected_revisions=50940646408963453238635113892643295795715943123124267182415357448530392214022:17054,66484835772642281574260105084083260613874850000865828870340716696170084116122:17042 sample_actual_revisions=50940646408963453238635113892643295795715943123124267182415357448530392214022:17056,66484835772642281574260105084083260613874850000865828870340716696170084116122:17044
2026-08-10 12:04:19,022 WARNING predmarket.watch.task - watch_exchange_clock_skew_warning generation=3 token_id=16726108051003885011161825885118848549843259375194208492122441662442212860816 exchange_timestamp=1786334424000 received_timestamp=1786334480472 exchange_clock_skew_ms=-56472 exchange_clock_skew_warning_ms=100 evaluation_continues=true
2026-08-10 12:04:20,883 INFO predmarket.watch.task - watch_stream_progress messages=155000 event_type=price_change generation=3 cache_state=VALID
2026-08-10 12:04:21,085 INFO predmarket.watch.task - watch_evaluation_queue_progress requests=144000 pending_tokens=14 coalesced_tokens=205869 generation=3
2026-08-10 12:04:21,438 INFO predmarket.polymarket.gateway - market_stream_consumer_progress generation=3 events_total=99865 events_delta=1967 rate_per_second=194.1 queue_size=0 queue_capacity=65536 queue_utilization_pct=0.0 handle_dropped=0 manager_dropped=0
2026-08-10 12:04:21,439 INFO predmarket.watch.task - watch_price_change_progress messages=143405 messages_delta=1873 entries_per_message=2.00 book_levels_per_message=119.3 parse_ms_per_message=0.007 cache_ms_per_message=0.139 queue_ms_per_message=0.001
2026-08-10 12:04:21,439 INFO predmarket.watch.task - watch_stream_handler_progress messages=155116 messages_delta=1967 rate_per_second=194.1 event_counts=best_bid_ask:72,book:18,last_trade_price:4,price_change:1873 event_ms_per_message=best_bid_ask:0.003,book:0.230,last_trade_price:0.003,price_change:0.169
2026-08-10 12:04:21,639 INFO predmarket.polymarket.gateway - market_stream_pump_progress generation=3 sdk_events_total=100005 sdk_events_delta=1937 sdk_rate_per_second=193.6 mapped_delta=1926 ignored_delta=11 mapping_ms_per_event=0.020 handoff_wait_ms_per_event=0.001 handoff_queue_size=1 handoff_queue_capacity=4096
2026-08-10 12:04:22,219 INFO predmarket.watch.task - watch_evaluation_batch_completed batch=15000 tokens=6 pending_tokens=12 generation=3 elapsed_ms=23
2026-08-10 12:04:22,651 INFO predmarket.watch.task - watch_evaluation_summary generation=3 tokens=8 generated_targets=16 targets=8 deduplicated_targets=8 persisted_signals=0 market_time=1786334659364 stream_silence_age_ms=2 decisions=ABSENT.PROFIT_BELOW_THRESHOLD:8 maximum_exchange_clock_skew_ms=-56472 exchange_clock_skew_warning_ms=100 maximum_exchange_clock_skew_token_id=16726108051003885011161825885118848549843259375194208492122441662442212860816 exchange_timestamp=1786334424000 received_timestamp=1786334480472 best_return_rate=-0.02607300 required_return_rate=0.00750000 best_opportunity_key=BINARY_UNDERPRICED:3436107 best_market_ids=3436107 context_ms=1 strategy_ms=55 signal_apply_ms=0 elapsed_ms=57
2026-08-10 12:04:24,121 INFO predmarket.watch.task - watch_stream_progress messages=156000 event_type=price_change generation=3 cache_state=VALID
2026-08-10 12:04:24,482 INFO predmarket.watch.task - watch_evaluation_queue_progress requests=145000 pending_tokens=8 coalesced_tokens=207459 generation=3
2026-08-10 12:04:25,590 INFO predmarket.watch.task - watch_stream_progress messages=157000 event_type=price_change generation=3 cache_state=VALID
2026-08-10 12:04:25,669 INFO predmarket.app - catalog_cleanup_cycle_completed deleted_versions=0 deleted_journal_rows=0 remaining_versions=0 remaining_journal_rows=0
2026-08-10 12:04:25,808 INFO predmarket.watch.task - watch_evaluation_queue_progress requests=146000 pending_tokens=8 coalesced_tokens=209213 generation=3
2026-08-10 12:04:26,396 INFO predmarket.watch.task - watch_stream_progress messages=158000 event_type=price_change generation=3 cache_state=VALID
2026-08-10 12:04:26,645 INFO predmarket.watch.task - watch_evaluation_queue_progress requests=147000 pending_tokens=20 coalesced_tokens=211078 generation=3
2026-08-10 12:04:27,022 INFO predmarket.watch.task - watch_stream_progress messages=159000 event_type=price_change generation=3 cache_state=VALID
2026-08-10 12:04:27,265 INFO predmarket.watch.task - watch_evaluation_queue_progress requests=148000 pending_tokens=16 coalesced_tokens=213012 generation=3
2026-08-10 12:04:27,550 INFO predmarket.watch.task - watch_stream_progress messages=160000 event_type=price_change generation=3 cache_state=VALID
2026-08-10 12:04:27,776 INFO predmarket.watch.task - watch_evaluation_queue_progress requests=149000 pending_tokens=30 coalesced_tokens=214946 generation=3
2026-08-10 12:04:28,217 INFO predmarket.watch.task - watch_stream_progress messages=161000 event_type=price_change generation=3 cache_state=VALID
2026-08-10 12:04:29,006 WARNING predmarket.watch.task - watch_exchange_clock_skew_warning generation=3 token_id=16726108051003885011161825885118848549843259375194208492122441662442212860816 exchange_timestamp=1786334424000 received_timestamp=1786334480472 exchange_clock_skew_ms=-56472 exchange_clock_skew_warning_ms=100 evaluation_continues=true
2026-08-10 12:04:29,058 INFO predmarket.watch.task - watch_evaluation_abort_summary window_aborted=106 reason_counts=dependency_revision_changed:106 stage_counts=after_strategy:27,before_strategy:79 evaluation_requests=149855 evaluation_batches=15114 evaluation_coalesced=216288 pending_tokens=8 last_completed_summary_age_ms=6407 maximum_evaluation_elapsed_ms=394 sample_reason=dependency_revision_changed sample_stage=before_strategy sample_token_ids=91947488640105949615483017443405502580169589781851812483421045493873497582851,97778838859299636841264641147426977849209388716758308980309133152224569162973 sample_expected_revisions=91947488640105949615483017443405502580169589781851812483421045493873497582851:17141,97778838859299636841264641147426977849209388716758308980309133152224569162973:17139 sample_actual_revisions=91947488640105949615483017443405502580169589781851812483421045493873497582851:17142,97778838859299636841264641147426977849209388716758308980309133152224569162973:17140
2026-08-10 12:04:29,449 INFO predmarket.watch.task - watch_evaluation_queue_progress requests=150000 pending_tokens=4 coalesced_tokens=216426 generation=3
2026-08-10 12:04:30,015 INFO predmarket.watch.task - watch_stream_progress messages=162000 event_type=price_change generation=3 cache_state=VALID
2026-08-10 12:04:31,440 INFO predmarket.polymarket.gateway - market_stream_consumer_progress generation=3 events_total=107266 events_delta=7401 rate_per_second=740.0 queue_size=0 queue_capacity=65536 queue_utilization_pct=0.0 handle_dropped=0 manager_dropped=0
2026-08-10 12:04:31,440 INFO predmarket.watch.task - watch_price_change_progress messages=150334 messages_delta=6929 entries_per_message=2.00 book_levels_per_message=120.0 parse_ms_per_message=0.006 cache_ms_per_message=0.134 queue_ms_per_message=0.001
2026-08-10 12:04:31,440 INFO predmarket.watch.task - watch_stream_handler_progress messages=162517 messages_delta=7401 rate_per_second=740.0 event_counts=best_bid_ask:386,book:54,last_trade_price:32,price_change:6929 event_ms_per_message=best_bid_ask:0.002,book:0.234,last_trade_price:0.002,price_change:0.160
2026-08-10 12:04:31,541 INFO predmarket.watch.task - watch_evaluation_queue_progress requests=151000 pending_tokens=2 coalesced_tokens=217725 generation=3
2026-08-10 12:04:31,641 INFO predmarket.polymarket.gateway - market_stream_pump_progress generation=3 sdk_events_total=107394 sdk_events_delta=7389 sdk_rate_per_second=738.7 mapped_delta=7378 ignored_delta=11 mapping_ms_per_event=0.016 handoff_wait_ms_per_event=0.001 handoff_queue_size=1 handoff_queue_capacity=4096
2026-08-10 12:04:32,681 INFO predmarket.watch.task - watch_evaluation_summary generation=3 tokens=6 generated_targets=12 targets=6 deduplicated_targets=6 persisted_signals=0 market_time=1786334672683 stream_silence_age_ms=1 decisions=ABSENT.PROFIT_BELOW_THRESHOLD:6 maximum_exchange_clock_skew_ms=-56472 exchange_clock_skew_warning_ms=100 maximum_exchange_clock_skew_token_id=16726108051003885011161825885118848549843259375194208492122441662442212860816 exchange_timestamp=1786334424000 received_timestamp=1786334480472 best_return_rate=-0.02607300 required_return_rate=0.00750000 best_opportunity_key=BINARY_UNDERPRICED:3436107 best_market_ids=3436107 context_ms=1 strategy_ms=29 signal_apply_ms=0 elapsed_ms=31
2026-08-10 12:04:32,907 INFO predmarket.watch.task - watch_stream_progress messages=163000 event_type=price_change generation=3 cache_state=VALID
2026-08-10 12:04:34,455 INFO predmarket.watch.task - watch_catalog_refresh_started markets=50 concurrency=10 trigger=periodic
2026-08-10 12:04:34,628 INFO predmarket.watch.task - watch_evaluation_queue_progress requests=152000 pending_tokens=12 coalesced_tokens=218660 generation=3
2026-08-10 12:04:35,247 INFO predmarket.watch.task - watch_stream_progress messages=164000 event_type=price_change generation=3 cache_state=VALID
2026-08-10 12:04:36,937 INFO predmarket.watch.task - watch_evaluation_queue_progress requests=153000 pending_tokens=4 coalesced_tokens=219994 generation=3
2026-08-10 12:04:38,300 INFO predmarket.watch.task - watch_stream_progress messages=165000 event_type=price_change generation=3 cache_state=VALID
2026-08-10 12:04:39,811 INFO predmarket.watch.task - watch_evaluation_abort_summary window_aborted=413 reason_counts=dependency_revision_changed:413 stage_counts=after_strategy:140,before_strategy:273 evaluation_requests=153573 evaluation_batches=15598 evaluation_coalesced=220496 pending_tokens=8 last_completed_summary_age_ms=7130 maximum_evaluation_elapsed_ms=964 sample_reason=dependency_revision_changed sample_stage=after_strategy sample_token_ids=31629100688475301710039035676793029972891575873328548589488424510522784838245,38540212896209836315571565663577538031322436116097036792994284319281831455382 sample_expected_revisions=31629100688475301710039035676793029972891575873328548589488424510522784838245:8568,38540212896209836315571565663577538031322436116097036792994284319281831455382:8572 sample_actual_revisions=31629100688475301710039035676793029972891575873328548589488424510522784838245:8569,38540212896209836315571565663577538031322436116097036792994284319281831455382:8573
2026-08-10 12:04:40,032 WARNING predmarket.watch.task - watch_exchange_clock_skew_warning generation=3 token_id=16726108051003885011161825885118848549843259375194208492122441662442212860816 exchange_timestamp=1786334424000 received_timestamp=1786334480472 exchange_clock_skew_ms=-56472 exchange_clock_skew_warning_ms=100 evaluation_continues=true
2026-08-10 12:04:40,189 INFO predmarket.watch.task - watch_evaluation_queue_progress requests=154000 pending_tokens=4 coalesced_tokens=221269 generation=3
2026-08-10 12:04:41,199 INFO predmarket.watch.task - watch_stream_progress messages=166000 event_type=price_change generation=3 cache_state=VALID
2026-08-10 12:04:41,440 INFO predmarket.polymarket.gateway - market_stream_consumer_progress generation=3 events_total=110830 events_delta=3564 rate_per_second=356.4 queue_size=0 queue_capacity=65536 queue_utilization_pct=0.0 handle_dropped=0 manager_dropped=0
2026-08-10 12:04:41,440 INFO predmarket.watch.task - watch_price_change_progress messages=153807 messages_delta=3473 entries_per_message=2.00 book_levels_per_message=117.9 parse_ms_per_message=0.007 cache_ms_per_message=0.134 queue_ms_per_message=0.001
2026-08-10 12:04:41,440 INFO predmarket.watch.task - watch_stream_handler_progress messages=166081 messages_delta=3564 rate_per_second=356.4 event_counts=best_bid_ask:70,book:14,last_trade_price:7,price_change:3473 event_ms_per_message=best_bid_ask:0.002,book:0.245,last_trade_price:0.003,price_change:0.163
2026-08-10 12:04:57,037 INFO predmarket.polymarket.gateway - market_stream_pump_progress generation=3 sdk_events_total=110973 sdk_events_delta=3579 sdk_rate_per_second=140.9 mapped_delta=3563 ignored_delta=16 mapping_ms_per_event=0.019 handoff_wait_ms_per_event=0.001 handoff_queue_size=0 handoff_queue_capacity=4096
2026-08-10 12:04:57,048 INFO predmarket.polymarket.gateway - market_stream_consumer_progress generation=3 events_total=110872 events_delta=42 rate_per_second=2.7 queue_size=351 queue_capacity=65536 queue_utilization_pct=0.5 handle_dropped=0 manager_dropped=0
2026-08-10 12:04:57,049 INFO predmarket.watch.task - watch_price_change_progress messages=153847 messages_delta=40 entries_per_message=2.00 book_levels_per_message=121.1 parse_ms_per_message=0.007 cache_ms_per_message=0.136 queue_ms_per_message=0.001
2026-08-10 12:04:57,049 INFO predmarket.watch.task - watch_stream_handler_progress messages=166123 messages_delta=42 rate_per_second=2.7 event_counts=best_bid_ask:2,price_change:40 event_ms_per_message=best_bid_ask:0.003,price_change:0.168
2026-08-10 12:04:57,291 INFO predmarket.watch.task - watch_evaluation_queue_progress requests=155000 pending_tokens=12 coalesced_tokens=222829 generation=3
2026-08-10 12:04:57,470 INFO predmarket.watch.task - watch_stream_progress messages=167000 event_type=price_change generation=3 cache_state=VALID
2026-08-10 12:04:57,790 INFO predmarket.watch.task - watch_evaluation_queue_progress requests=156000 pending_tokens=36 coalesced_tokens=224805 generation=3
2026-08-10 12:04:57,935 INFO predmarket.watch.task - watch_stream_progress messages=168000 event_type=price_change generation=3 cache_state=VALID
2026-08-10 12:04:58,324 INFO predmarket.watch.task - watch_evaluation_queue_progress requests=157000 pending_tokens=40 coalesced_tokens=226801 generation=3
2026-08-10 12:04:58,402 INFO predmarket.watch.task - watch_stream_progress messages=169000 event_type=price_change generation=3 cache_state=VALID
2026-08-10 12:04:58,871 INFO predmarket.watch.task - watch_evaluation_queue_progress requests=158000 pending_tokens=48 coalesced_tokens=228788 generation=3
2026-08-10 12:04:58,883 INFO predmarket.watch.task - watch_stream_progress messages=170000 event_type=price_change generation=3 cache_state=VALID
2026-08-10 12:04:59,361 INFO predmarket.watch.task - watch_stream_progress messages=171000 event_type=price_change generation=3 cache_state=VALID
2026-08-10 12:04:59,368 INFO predmarket.watch.task - watch_evaluation_queue_progress requests=159000 pending_tokens=54 coalesced_tokens=230780 generation=3
2026-08-10 12:04:59,949 INFO predmarket.watch.task - watch_stream_progress messages=172000 event_type=price_change generation=3 cache_state=VALID
2026-08-10 12:04:59,991 INFO predmarket.watch.task - watch_evaluation_queue_progress requests=160000 pending_tokens=54 coalesced_tokens=232777 generation=3
2026-08-10 12:05:00,403 INFO predmarket.watch.task - watch_catalog_refresh_completed requested=50 succeeded=50 failed=0 elapsed_ms=25948 trigger=periodic
2026-08-10 12:05:00,495 INFO predmarket.app - strategy_catalog_snapshot_prepared events=18562 markets=138082 tokens=276164 elapsed_ms=91
2026-08-10 12:05:00,503 INFO predmarket.watch.task - watch_market_metadata_refresh_cycle_completed markets=50 snapshot_source=memory context_prepared=True elapsed_ms=26048
2026-08-10 12:05:00,547 INFO predmarket.watch.task - watch_stream_progress messages=173000 event_type=price_change generation=3 cache_state=VALID
2026-08-10 12:05:00,634 INFO predmarket.watch.task - watch_evaluation_queue_progress requests=161000 pending_tokens=56 coalesced_tokens=234773 generation=3
2026-08-10 12:05:01,016 INFO predmarket.watch.task - watch_stream_progress messages=174000 event_type=price_change generation=3 cache_state=VALID
2026-08-10 12:05:01,160 INFO predmarket.watch.task - watch_evaluation_queue_progress requests=162000 pending_tokens=56 coalesced_tokens=236770 generation=3
2026-08-10 12:05:01,504 INFO predmarket.watch.task - watch_stream_progress messages=175000 event_type=price_change generation=3 cache_state=VALID
2026-08-10 12:05:01,671 INFO predmarket.watch.task - watch_evaluation_queue_progress requests=163000 pending_tokens=58 coalesced_tokens=238765 generation=3
2026-08-10 12:05:01,982 INFO predmarket.watch.task - watch_stream_progress messages=176000 event_type=price_change generation=3 cache_state=VALID
2026-08-10 12:05:02,169 INFO predmarket.watch.task - watch_evaluation_queue_progress requests=164000 pending_tokens=60 coalesced_tokens=240758 generation=3
2026-08-10 12:05:02,232 INFO predmarket.watch.task - watch_evaluation_abort_summary window_aborted=67 reason_counts=dependency_revision_changed:67 stage_counts=after_strategy:19,before_strategy:48 evaluation_requests=164097 evaluation_batches=15679 evaluation_coalesced=240950 pending_tokens=60 last_completed_summary_age_ms=29552 maximum_evaluation_elapsed_ms=5001 sample_reason=dependency_revision_changed sample_stage=before_strategy sample_token_ids=100533687727497443541369483933299762930731780669782590957570011016994709318185,104764801815215006840218735731932203523559164204955657612872827684375163040798 sample_expected_revisions=100533687727497443541369483933299762930731780669782590957570011016994709318185:27709,104764801815215006840218735731932203523559164204955657612872827684375163040798:27687 sample_actual_revisions=100533687727497443541369483933299762930731780669782590957570011016994709318185:29820,104764801815215006840218735731932203523559164204955657612872827684375163040798:29797
2026-08-10 12:05:02,233 INFO predmarket.watch.task - watch_evaluation_batch_completed batch=15679 tokens=22 pending_tokens=60 generation=3 elapsed_ms=5001
2026-08-10 12:05:02,470 INFO predmarket.watch.task - watch_stream_progress messages=177000 event_type=price_change generation=3 cache_state=VALID
2026-08-10 12:05:02,712 INFO predmarket.watch.task - watch_evaluation_queue_progress requests=165000 pending_tokens=44 coalesced_tokens=242709 generation=3
2026-08-10 12:05:02,937 WARNING predmarket.watch.task - watch_exchange_clock_skew_warning generation=3 token_id=16726108051003885011161825885118848549843259375194208492122441662442212860816 exchange_timestamp=1786334424000 received_timestamp=1786334480472 exchange_clock_skew_ms=-56472 exchange_clock_skew_warning_ms=100 evaluation_continues=true
2026-08-10 12:05:03,015 INFO predmarket.watch.task - watch_stream_progress messages=178000 event_type=price_change generation=3 cache_state=VALID
2026-08-10 12:05:03,306 INFO predmarket.app - catalog_cleanup_cycle_completed deleted_versions=0 deleted_journal_rows=150 remaining_versions=0 remaining_journal_rows=0
2026-08-10 12:05:04,054 INFO predmarket.watch.task - watch_evaluation_queue_progress requests=166000 pending_tokens=2 coalesced_tokens=244113 generation=3
2026-08-10 12:05:04,341 INFO predmarket.watch.task - watch_evaluation_summary generation=3 tokens=8 generated_targets=16 targets=8 deduplicated_targets=8 persisted_signals=0 market_time=1786334700960 stream_silence_age_ms=2 decisions=ABSENT.PROFIT_BELOW_THRESHOLD:8 maximum_exchange_clock_skew_ms=-56472 exchange_clock_skew_warning_ms=100 maximum_exchange_clock_skew_token_id=16726108051003885011161825885118848549843259375194208492122441662442212860816 exchange_timestamp=1786334424000 received_timestamp=1786334480472 best_return_rate=-0.01941461 required_return_rate=0.00750000 best_opportunity_key=BINARY_UNDERPRICED:3436107 best_market_ids=3436107 context_ms=1 strategy_ms=44 signal_apply_ms=0 elapsed_ms=46
2026-08-10 12:05:04,570 INFO predmarket.watch.task - watch_stream_progress messages=179000 event_type=price_change generation=3 cache_state=VALID
2026-08-10 12:05:05,946 INFO predmarket.watch.task - watch_evaluation_queue_progress requests=167000 pending_tokens=6 coalesced_tokens=245265 generation=3
2026-08-10 12:05:06,266 INFO predmarket.watch.task - watch_stream_progress messages=180000 event_type=price_change generation=3 cache_state=VALID
2026-08-10 12:05:07,046 INFO predmarket.polymarket.gateway - market_stream_pump_progress generation=3 sdk_events_total=125261 sdk_events_delta=14288 sdk_rate_per_second=1427.5 mapped_delta=14249 ignored_delta=39 mapping_ms_per_event=0.015 handoff_wait_ms_per_event=0.000 handoff_queue_size=1 handoff_queue_capacity=4096
2026-08-10 12:05:07,049 INFO predmarket.polymarket.gateway - market_stream_consumer_progress generation=3 events_total=125125 events_delta=14253 rate_per_second=1425.3 queue_size=0 queue_capacity=65536 queue_utilization_pct=0.0 handle_dropped=0 manager_dropped=0
2026-08-10 12:05:07,049 INFO predmarket.watch.task - watch_stream_handler_progress messages=180376 messages_delta=14253 rate_per_second=1425.3 event_counts=best_bid_ask:1116,book:177,last_trade_price:76,price_change:12884 event_ms_per_message=best_bid_ask:0.002,book:0.270,last_trade_price:0.002,price_change:0.159
2026-08-10 12:05:07,055 INFO predmarket.watch.task - watch_price_change_progress messages=166732 messages_delta=12885 entries_per_message=2.00 book_levels_per_message=121.9 parse_ms_per_message=0.006 cache_ms_per_message=0.133 queue_ms_per_message=0.001
2026-08-10 12:05:08,331 INFO predmarket.watch.task - watch_stream_progress messages=181000 event_type=price_change generation=3 cache_state=VALID
2026-08-10 12:05:08,349 INFO predmarket.watch.task - watch_evaluation_queue_progress requests=168000 pending_tokens=4 coalesced_tokens=246431 generation=3
2026-08-10 12:05:10,218 INFO predmarket.watch.task - watch_stream_progress messages=182000 event_type=price_change generation=3 cache_state=VALID
2026-08-10 12:05:10,560 INFO predmarket.watch.task - watch_evaluation_queue_progress requests=169000 pending_tokens=10 coalesced_tokens=247619 generation=3
2026-08-10 12:05:11,002 INFO predmarket.watch.task - watch_evaluation_batch_completed batch=16000 tokens=18 pending_tokens=8 generation=3 elapsed_ms=24
2026-08-10 12:05:11,893 INFO predmarket.watch.task - watch_stream_progress messages=183000 event_type=price_change generation=3 cache_state=VALID
2026-08-10 12:05:12,430 INFO predmarket.watch.task - watch_evaluation_queue_progress requests=170000 pending_tokens=2 coalesced_tokens=248883 generation=3
2026-08-10 12:05:12,931 INFO predmarket.watch.task - watch_evaluation_abort_summary window_aborted=380 reason_counts=dependency_revision_changed:380 stage_counts=after_strategy:131,before_strategy:249 evaluation_requests=170342 evaluation_batches=16070 evaluation_coalesced=249323 pending_tokens=18 last_completed_summary_age_ms=8591 maximum_evaluation_elapsed_ms=694 sample_reason=dependency_revision_changed sample_stage=before_strategy sample_token_ids=107680238245947379182702293425019414027983397974846100843875219767249340135753,25935494914059452680000853707967869346056748161885673178607087993196047123856 sample_expected_revisions=107680238245947379182702293425019414027983397974846100843875219767249340135753:1058,25935494914059452680000853707967869346056748161885673178607087993196047123856:1058 sample_actual_revisions=107680238245947379182702293425019414027983397974846100843875219767249340135753:1064,25935494914059452680000853707967869346056748161885673178607087993196047123856:1064
2026-08-10 12:05:12,957 WARNING predmarket.watch.task - watch_exchange_clock_skew_warning generation=3 token_id=16726108051003885011161825885118848549843259375194208492122441662442212860816 exchange_timestamp=1786334424000 received_timestamp=1786334480472 exchange_clock_skew_ms=-56472 exchange_clock_skew_warning_ms=100 evaluation_continues=true
2026-08-10 12:05:13,388 INFO predmarket.watch.task - watch_stream_progress messages=184000 event_type=price_change generation=3 cache_state=VALID
2026-08-10 12:05:13,812 INFO predmarket.app - catalog_cleanup_cycle_completed deleted_versions=0 deleted_journal_rows=0 remaining_versions=0 remaining_journal_rows=0
2026-08-10 12:05:13,900 INFO predmarket.watch.task - watch_evaluation_queue_progress requests=171000 pending_tokens=6 coalesced_tokens=250187 generation=3
2026-08-10 12:05:14,457 INFO predmarket.watch.task - watch_stream_progress messages=185000 event_type=price_change generation=3 cache_state=VALID
2026-08-10 12:05:14,952 INFO predmarket.watch.task - watch_evaluation_queue_progress requests=172000 pending_tokens=24 coalesced_tokens=251692 generation=3
2026-08-10 12:05:15,276 INFO predmarket.watch.task - watch_stream_progress messages=186000 event_type=price_change generation=3 cache_state=VALID
2026-08-10 12:05:15,708 INFO predmarket.watch.task - watch_evaluation_queue_progress requests=173000 pending_tokens=12 coalesced_tokens=253323 generation=3
2026-08-10 12:05:15,852 INFO predmarket.watch.task - watch_stream_progress messages=187000 event_type=price_change generation=3 cache_state=VALID
2026-08-10 12:05:16,318 INFO predmarket.watch.task - watch_evaluation_queue_progress requests=174000 pending_tokens=28 coalesced_tokens=255157 generation=3
2026-08-10 12:05:16,372 INFO predmarket.watch.task - watch_stream_progress messages=188000 event_type=price_change generation=3 cache_state=VALID
2026-08-10 12:05:16,906 INFO predmarket.watch.task - watch_evaluation_queue_progress requests=175000 pending_tokens=36 coalesced_tokens=257058 generation=3
2026-08-10 12:05:16,909 INFO predmarket.watch.task - watch_stream_progress messages=189000 event_type=price_change generation=3 cache_state=VALID
2026-08-10 12:05:17,049 INFO predmarket.polymarket.gateway - market_stream_consumer_progress generation=3 events_total=134025 events_delta=8900 rate_per_second=890.0 queue_size=0 queue_capacity=65536 queue_utilization_pct=0.0 handle_dropped=0 manager_dropped=0
2026-08-10 12:05:17,049 INFO predmarket.watch.task - watch_stream_handler_progress messages=189276 messages_delta=8900 rate_per_second=890.0 event_counts=best_bid_ask:856,book:205,last_trade_price:110,price_change:7729 event_ms_per_message=best_bid_ask:0.002,book:0.298,last_trade_price:0.002,price_change:0.179
2026-08-10 12:05:17,056 INFO predmarket.polymarket.gateway - market_stream_pump_progress generation=3 sdk_events_total=134185 sdk_events_delta=8924 sdk_rate_per_second=891.5 mapped_delta=8914 ignored_delta=10 mapping_ms_per_event=0.017 handoff_wait_ms_per_event=0.001 handoff_queue_size=1 handoff_queue_capacity=4096
2026-08-10 12:05:17,060 INFO predmarket.watch.task - watch_price_change_progress messages=174469 messages_delta=7737 entries_per_message=2.00 book_levels_per_message=145.5 parse_ms_per_message=0.006 cache_ms_per_message=0.152 queue_ms_per_message=0.001
2026-08-10 12:05:17,410 INFO predmarket.watch.task - watch_stream_progress messages=190000 event_type=price_change generation=3 cache_state=VALID
2026-08-10 12:05:17,457 INFO predmarket.watch.task - watch_evaluation_queue_progress requests=176000 pending_tokens=28 coalesced_tokens=259018 generation=3
2026-08-10 12:05:17,912 INFO predmarket.watch.task - watch_stream_progress messages=191000 event_type=price_change generation=3 cache_state=VALID
2026-08-10 12:05:17,983 INFO predmarket.watch.task - watch_evaluation_queue_progress requests=177000 pending_tokens=36 coalesced_tokens=261005 generation=3
2026-08-10 12:05:18,389 INFO predmarket.watch.task - watch_stream_progress messages=192000 event_type=price_change generation=3 cache_state=VALID
2026-08-10 12:05:18,520 INFO predmarket.watch.task - watch_evaluation_queue_progress requests=178000 pending_tokens=38 coalesced_tokens=263001 generation=3
2026-08-10 12:05:18,875 INFO predmarket.watch.task - watch_stream_progress messages=193000 event_type=price_change generation=3 cache_state=VALID
2026-08-10 12:05:19,062 INFO predmarket.watch.task - watch_evaluation_queue_progress requests=179000 pending_tokens=38 coalesced_tokens=265000 generation=3
2026-08-10 12:05:19,378 INFO predmarket.watch.task - watch_stream_progress messages=194000 event_type=price_change generation=3 cache_state=VALID
2026-08-10 12:05:19,592 INFO predmarket.watch.task - watch_evaluation_queue_progress requests=180000 pending_tokens=40 coalesced_tokens=266996 generation=3
2026-08-10 12:05:19,781 INFO predmarket.watch.task - watch_evaluation_batch_completed batch=16162 tokens=40 pending_tokens=40 generation=3 elapsed_ms=2479
2026-08-10 12:05:19,863 INFO predmarket.watch.task - watch_stream_progress messages=195000 event_type=price_change generation=3 cache_state=VALID
2026-08-10 12:05:20,112 INFO predmarket.watch.task - watch_evaluation_queue_progress requests=181000 pending_tokens=34 coalesced_tokens=268960 generation=3
2026-08-10 12:05:20,361 INFO predmarket.watch.task - watch_stream_progress messages=196000 event_type=price_change generation=3 cache_state=VALID
2026-08-10 12:05:20,632 INFO predmarket.watch.task - watch_evaluation_queue_progress requests=182000 pending_tokens=40 coalesced_tokens=270952 generation=3
2026-08-10 12:05:20,864 INFO predmarket.watch.task - watch_stream_progress messages=197000 event_type=price_change generation=3 cache_state=VALID
2026-08-10 12:05:21,199 INFO predmarket.watch.task - watch_evaluation_queue_progress requests=183000 pending_tokens=44 coalesced_tokens=272942 generation=3
2026-08-10 12:05:21,218 INFO predmarket.watch.task - watch_evaluation_batch_completed batch=16163 tokens=40 pending_tokens=44 generation=3 elapsed_ms=1437
2026-08-10 12:05:21,472 INFO predmarket.watch.task - watch_stream_progress messages=198000 event_type=price_change generation=3 cache_state=VALID
2026-08-10 12:05:22,128 INFO predmarket.watch.task - watch_evaluation_queue_progress requests=184000 pending_tokens=34 coalesced_tokens=274732 generation=3
2026-08-10 12:05:22,316 INFO predmarket.watch.task - watch_stream_progress messages=199000 event_type=price_change generation=3 cache_state=VALID
2026-08-10 12:05:22,958 INFO predmarket.watch.task - watch_evaluation_abort_summary window_aborted=128 reason_counts=dependency_revision_changed:128 stage_counts=after_strategy:44,before_strategy:84 evaluation_requests=184948 evaluation_batches=16198 evaluation_coalesced=276198 pending_tokens=18 last_completed_summary_age_ms=18618 maximum_evaluation_elapsed_ms=2478 sample_reason=dependency_revision_changed sample_stage=after_strategy sample_token_ids=100533687727497443541369483933299762930731780669782590957570011016994709318185,104764801815215006840218735731932203523559164204955657612872827684375163040798 sample_expected_revisions=100533687727497443541369483933299762930731780669782590957570011016994709318185:32453,104764801815215006840218735731932203523559164204955657612872827684375163040798:32426 sample_actual_revisions=100533687727497443541369483933299762930731780669782590957570011016994709318185:32454,104764801815215006840218735731932203523559164204955657612872827684375163040798:32427
2026-08-10 12:05:22,972 WARNING predmarket.watch.task - watch_exchange_clock_skew_warning generation=3 token_id=16726108051003885011161825885118848549843259375194208492122441662442212860816 exchange_timestamp=1786334424000 received_timestamp=1786334480472 exchange_clock_skew_ms=-56472 exchange_clock_skew_warning_ms=100 evaluation_continues=true
2026-08-10 12:05:23,035 INFO predmarket.watch.task - watch_evaluation_queue_progress requests=185000 pending_tokens=10 coalesced_tokens=276238 generation=3
2026-08-10 12:05:23,129 INFO predmarket.watch.task - watch_stream_progress messages=200000 event_type=price_change generation=3 cache_state=VALID
2026-08-10 12:05:23,757 INFO predmarket.watch.task - watch_evaluation_summary generation=3 tokens=2 generated_targets=4 targets=2 deduplicated_targets=2 persisted_signals=0 market_time=1786334717533 stream_silence_age_ms=0 decisions=ABSENT.PROFIT_BELOW_THRESHOLD:2 maximum_exchange_clock_skew_ms=-56472 exchange_clock_skew_warning_ms=100 maximum_exchange_clock_skew_token_id=16726108051003885011161825885118848549843259375194208492122441662442212860816 exchange_timestamp=1786334424000 received_timestamp=1786334480472 best_return_rate=-0.01941461 required_return_rate=0.00750000 best_opportunity_key=BINARY_UNDERPRICED:3436107 best_market_ids=3436107 context_ms=1 strategy_ms=8 signal_apply_ms=0 elapsed_ms=10
2026-08-10 12:05:23,878 INFO predmarket.watch.task - watch_evaluation_queue_progress requests=186000 pending_tokens=20 coalesced_tokens=277891 generation=3
2026-08-10 12:05:23,960 INFO predmarket.watch.task - watch_stream_progress messages=201000 event_type=price_change generation=3 cache_state=VALID
2026-08-10 12:05:24,716 INFO predmarket.watch.task - watch_evaluation_queue_progress requests=187000 pending_tokens=18 coalesced_tokens=279681 generation=3
2026-08-10 12:05:24,734 INFO predmarket.app - catalog_cleanup_cycle_completed deleted_versions=0 deleted_journal_rows=0 remaining_versions=0 remaining_journal_rows=0
2026-08-10 12:05:24,765 INFO predmarket.watch.task - watch_stream_progress messages=202000 event_type=price_change generation=3 cache_state=VALID
2026-08-10 12:05:25,493 INFO predmarket.watch.task - watch_stream_progress messages=203000 event_type=price_change generation=3 cache_state=VALID
2026-08-10 12:05:25,508 INFO predmarket.watch.task - watch_evaluation_queue_progress requests=188000 pending_tokens=6 coalesced_tokens=281263 generation=3
2026-08-10 12:05:26,239 INFO predmarket.watch.task - watch_stream_progress messages=204000 event_type=price_change generation=3 cache_state=VALID
2026-08-10 12:05:26,313 INFO predmarket.watch.task - watch_evaluation_queue_progress requests=189000 pending_tokens=22 coalesced_tokens=282879 generation=3
2026-08-10 12:05:26,936 INFO predmarket.watch.task - watch_stream_progress messages=205000 event_type=best_bid_ask generation=3 cache_state=VALID
2026-08-10 12:05:27,057 INFO predmarket.polymarket.gateway - market_stream_pump_progress generation=3 sdk_events_total=150049 sdk_events_delta=15864 sdk_rate_per_second=1586.2 mapped_delta=15842 ignored_delta=22 mapping_ms_per_event=0.016 handoff_wait_ms_per_event=0.000 handoff_queue_size=1 handoff_queue_capacity=4096
2026-08-10 12:05:27,060 INFO predmarket.polymarket.gateway - market_stream_consumer_progress generation=3 events_total=149876 events_delta=15851 rate_per_second=1583.2 queue_size=0 queue_capacity=65536 queue_utilization_pct=0.0 handle_dropped=0 manager_dropped=0
2026-08-10 12:05:27,061 INFO predmarket.watch.task - watch_price_change_progress messages=189005 messages_delta=14536 entries_per_message=2.00 book_levels_per_message=147.2 parse_ms_per_message=0.006 cache_ms_per_message=0.153 queue_ms_per_message=0.001
2026-08-10 12:05:27,061 INFO predmarket.watch.task - watch_stream_handler_progress messages=205127 messages_delta=15851 rate_per_second=1583.2 event_counts=best_bid_ask:996,book:210,last_trade_price:100,price_change:14545 event_ms_per_message=best_bid_ask:0.002,book:0.309,last_trade_price:0.003,price_change:0.179
2026-08-10 12:05:27,209 INFO predmarket.watch.task - watch_evaluation_queue_progress requests=190000 pending_tokens=6 coalesced_tokens=284482 generation=3
2026-08-10 12:05:27,712 INFO predmarket.watch.task - watch_stream_progress messages=206000 event_type=price_change generation=3 cache_state=VALID
2026-08-10 12:05:28,052 INFO predmarket.watch.task - watch_evaluation_queue_progress requests=191000 pending_tokens=12 coalesced_tokens=286101 generation=3
2026-08-10 12:05:28,375 INFO predmarket.watch.task - watch_stream_progress messages=207000 event_type=price_change generation=3 cache_state=VALID
2026-08-10 12:05:28,772 INFO predmarket.watch.task - watch_evaluation_queue_progress requests=192000 pending_tokens=30 coalesced_tokens=287839 generation=3
2026-08-10 12:05:28,950 INFO predmarket.watch.task - watch_stream_progress messages=208000 event_type=price_change generation=3 cache_state=VALID
2026-08-10 12:05:29,395 INFO predmarket.watch.task - watch_evaluation_queue_progress requests=193000 pending_tokens=10 coalesced_tokens=289614 generation=3
2026-08-10 12:05:30,003 INFO predmarket.watch.task - watch_stream_progress messages=209000 event_type=price_change generation=3 cache_state=VALID
2026-08-10 12:05:30,672 INFO predmarket.watch.task - watch_evaluation_queue_progress requests=194000 pending_tokens=24 coalesced_tokens=291313 generation=3
2026-08-10 12:05:30,753 INFO predmarket.watch.task - watch_stream_progress messages=210000 event_type=price_change generation=3 cache_state=VALID
2026-08-10 12:05:31,357 INFO predmarket.watch.task - watch_evaluation_queue_progress requests=195000 pending_tokens=28 coalesced_tokens=293213 generation=3
2026-08-10 12:05:31,368 INFO predmarket.watch.task - watch_stream_progress messages=211000 event_type=price_change generation=3 cache_state=VALID
2026-08-10 12:05:32,270 INFO predmarket.watch.task - watch_stream_progress messages=212000 event_type=price_change generation=3 cache_state=VALID
2026-08-10 12:05:32,305 INFO predmarket.watch.task - watch_evaluation_queue_progress requests=196000 pending_tokens=18 coalesced_tokens=294735 generation=3
2026-08-10 12:05:32,976 INFO predmarket.watch.task - watch_evaluation_abort_summary window_aborted=187 reason_counts=dependency_revision_changed:187 stage_counts=after_strategy:70,before_strategy:117 evaluation_requests=196729 evaluation_batches=16388 evaluation_coalesced=295901 pending_tokens=24 last_completed_summary_age_ms=9219 maximum_evaluation_elapsed_ms=397 sample_reason=dependency_revision_changed sample_stage=before_strategy sample_token_ids=100533687727497443541369483933299762930731780669782590957570011016994709318185,104764801815215006840218735731932203523559164204955657612872827684375163040798 sample_expected_revisions=100533687727497443541369483933299762930731780669782590957570011016994709318185:33580,104764801815215006840218735731932203523559164204955657612872827684375163040798:33552 sample_actual_revisions=100533687727497443541369483933299762930731780669782590957570011016994709318185:33584,104764801815215006840218735731932203523559164204955657612872827684375163040798:33556
2026-08-10 12:05:32,978 WARNING predmarket.watch.task - watch_exchange_clock_skew_warning generation=3 token_id=16726108051003885011161825885118848549843259375194208492122441662442212860816 exchange_timestamp=1786334424000 received_timestamp=1786334480472 exchange_clock_skew_ms=-56472 exchange_clock_skew_warning_ms=100 evaluation_continues=true
2026-08-10 12:05:33,114 INFO predmarket.watch.task - watch_stream_progress messages=213000 event_type=best_bid_ask generation=3 cache_state=VALID
2026-08-10 12:05:33,232 INFO predmarket.watch.task - watch_evaluation_queue_progress requests=197000 pending_tokens=22 coalesced_tokens=296313 generation=3
2026-08-10 12:05:33,995 INFO predmarket.watch.task - watch_stream_progress messages=214000 event_type=book generation=3 cache_state=VALID
2026-08-10 12:05:34,176 INFO predmarket.watch.task - watch_evaluation_queue_progress requests=198000 pending_tokens=26 coalesced_tokens=297794 generation=3
2026-08-10 12:05:34,821 INFO predmarket.watch.task - watch_stream_progress messages=215000 event_type=price_change generation=3 cache_state=VALID
2026-08-10 12:05:35,083 INFO predmarket.watch.task - watch_evaluation_queue_progress requests=199000 pending_tokens=8 coalesced_tokens=299374 generation=3
2026-08-10 12:05:35,399 INFO predmarket.app - catalog_cleanup_cycle_completed deleted_versions=0 deleted_journal_rows=0 remaining_versions=0 remaining_journal_rows=0
2026-08-10 12:05:35,599 INFO predmarket.watch.task - watch_evaluation_summary generation=3 tokens=28 generated_targets=56 targets=28 deduplicated_targets=28 persisted_signals=0 market_time=1786334725825 stream_silence_age_ms=2 decisions=ABSENT.PROFIT_BELOW_THRESHOLD:28 maximum_exchange_clock_skew_ms=-56472 exchange_clock_skew_warning_ms=100 maximum_exchange_clock_skew_token_id=16726108051003885011161825885118848549843259375194208492122441662442212860816 exchange_timestamp=1786334424000 received_timestamp=1786334480472 best_return_rate=-0.02175136 required_return_rate=0.00750000 best_opportunity_key=BINARY_UNDERPRICED:3436107 best_market_ids=3436107 context_ms=1 strategy_ms=195 signal_apply_ms=0 elapsed_ms=198
2026-08-10 12:05:35,821 INFO predmarket.watch.task - watch_stream_progress messages=216000 event_type=price_change generation=3 cache_state=VALID
2026-08-10 12:05:36,068 INFO predmarket.watch.task - watch_evaluation_queue_progress requests=200000 pending_tokens=2 coalesced_tokens=301137 generation=3
2026-08-10 12:05:36,923 INFO predmarket.watch.task - watch_stream_progress messages=217000 event_type=price_change generation=3 cache_state=VALID
2026-08-10 12:05:37,059 INFO predmarket.polymarket.gateway - market_stream_pump_progress generation=3 sdk_events_total=162172 sdk_events_delta=12123 sdk_rate_per_second=1212.0 mapped_delta=12122 ignored_delta=1 mapping_ms_per_event=0.016 handoff_wait_ms_per_event=0.001 handoff_queue_size=1 handoff_queue_capacity=4096
2026-08-10 12:05:37,061 INFO predmarket.polymarket.gateway - market_stream_consumer_progress generation=3 events_total=162000 events_delta=12124 rate_per_second=1212.3 queue_size=0 queue_capacity=65536 queue_utilization_pct=0.0 handle_dropped=0 manager_dropped=0
2026-08-10 12:05:37,061 INFO predmarket.watch.task - watch_price_change_progress messages=199822 messages_delta=10817 entries_per_message=2.00 book_levels_per_message=157.4 parse_ms_per_message=0.006 cache_ms_per_message=0.161 queue_ms_per_message=0.001
2026-08-10 12:05:37,061 INFO predmarket.watch.task - watch_stream_handler_progress messages=217251 messages_delta=12124 rate_per_second=1212.3 event_counts=best_bid_ask:982,book:218,last_trade_price:107,price_change:10817 event_ms_per_message=best_bid_ask:0.002,book:0.319,last_trade_price:0.002,price_change:0.188
2026-08-10 12:05:37,382 INFO predmarket.watch.task - watch_evaluation_queue_progress requests=201000 pending_tokens=6 coalesced_tokens=302747 generation=3
2026-08-10 12:05:38,089 INFO predmarket.watch.task - watch_stream_progress messages=218000 event_type=price_change generation=3 cache_state=VALID
2026-08-10 12:05:39,051 INFO predmarket.watch.task - watch_evaluation_queue_progress requests=202000 pending_tokens=6 coalesced_tokens=304128 generation=3
2026-08-10 12:05:39,315 INFO predmarket.watch.task - watch_stream_progress messages=219000 event_type=price_change generation=3 cache_state=VALID
2026-08-10 12:05:40,188 INFO predmarket.watch.task - watch_evaluation_queue_progress requests=203000 pending_tokens=8 coalesced_tokens=305699 generation=3
2026-08-10 12:05:40,466 INFO predmarket.watch.task - watch_stream_progress messages=220000 event_type=price_change generation=3 cache_state=VALID
2026-08-10 12:05:41,917 INFO predmarket.watch.task - watch_evaluation_queue_progress requests=204000 pending_tokens=12 coalesced_tokens=307135 generation=3
2026-08-10 12:05:42,009 INFO predmarket.watch.task - watch_stream_progress messages=221000 event_type=price_change generation=3 cache_state=VALID
2026-08-10 12:05:42,985 WARNING predmarket.watch.task - watch_exchange_clock_skew_warning generation=3 token_id=100533687727497443541369483933299762930731780669782590957570011016994709318185 exchange_timestamp=1786334728374 received_timestamp=1786334742974 exchange_clock_skew_ms=-14600 exchange_clock_skew_warning_ms=100 evaluation_continues=true
2026-08-10 12:05:43,074 INFO predmarket.watch.task - watch_evaluation_abort_summary window_aborted=203 reason_counts=dependency_revision_changed:203 stage_counts=after_strategy:73,before_strategy:130 evaluation_requests=204711 evaluation_batches=16597 evaluation_coalesced=308247 pending_tokens=18 last_completed_summary_age_ms=7475 maximum_evaluation_elapsed_ms=250 sample_reason=dependency_revision_changed sample_stage=after_strategy sample_token_ids=42510750590941529190948547648591091159961726742666138609147094754699623789186,9527897186028883866601376291426044887292125040180168165330522910551404848146 sample_expected_revisions=42510750590941529190948547648591091159961726742666138609147094754699623789186:13720,9527897186028883866601376291426044887292125040180168165330522910551404848146:13667 sample_actual_revisions=42510750590941529190948547648591091159961726742666138609147094754699623789186:13721,9527897186028883866601376291426044887292125040180168165330522910551404848146:13668
2026-08-10 12:05:43,988 INFO predmarket.watch.task - watch_evaluation_queue_progress requests=205000 pending_tokens=12 coalesced_tokens=308505 generation=3
2026-08-10 12:05:44,073 INFO predmarket.watch.task - watch_stream_progress messages=222000 event_type=price_change generation=3 cache_state=VALID
2026-08-10 12:05:45,947 INFO predmarket.app - catalog_cleanup_cycle_completed deleted_versions=0 deleted_journal_rows=0 remaining_versions=0 remaining_journal_rows=0
2026-08-10 12:05:46,617 INFO predmarket.watch.task - watch_stream_progress messages=223000 event_type=price_change generation=3 cache_state=VALID
2026-08-10 12:05:46,802 INFO predmarket.watch.task - watch_evaluation_queue_progress requests=206000 pending_tokens=4 coalesced_tokens=309585 generation=3
2026-08-10 12:05:46,888 INFO predmarket.watch.task - watch_evaluation_summary generation=3 tokens=6 generated_targets=12 targets=6 deduplicated_targets=6 persisted_signals=0 market_time=1786334729222 stream_silence_age_ms=0 decisions=ABSENT.PROFIT_BELOW_THRESHOLD:6 maximum_exchange_clock_skew_ms=-17609 exchange_clock_skew_warning_ms=100 maximum_exchange_clock_skew_token_id=42510750590941529190948547648591091159961726742666138609147094754699623789186 exchange_timestamp=1786334729220 received_timestamp=1786334746829 best_return_rate=-0.04336887 required_return_rate=0.00750000 best_opportunity_key=BINARY_UNDERPRICED:3436199 best_market_ids=3436199 context_ms=1 strategy_ms=53 signal_apply_ms=0 elapsed_ms=55
2026-08-10 12:05:47,068 INFO predmarket.polymarket.gateway - market_stream_consumer_progress generation=3 events_total=167939 events_delta=5939 rate_per_second=593.4 queue_size=5 queue_capacity=65536 queue_utilization_pct=0.0 handle_dropped=0 manager_dropped=0
2026-08-10 12:05:47,069 INFO predmarket.watch.task - watch_price_change_progress messages=205026 messages_delta=5204 entries_per_message=2.00 book_levels_per_message=158.2 parse_ms_per_message=0.006 cache_ms_per_message=0.165 queue_ms_per_message=0.001
2026-08-10 12:05:47,069 INFO predmarket.watch.task - watch_stream_handler_progress messages=223190 messages_delta=5939 rate_per_second=593.4 event_counts=best_bid_ask:540,book:130,last_trade_price:65,price_change:5204 event_ms_per_message=best_bid_ask:0.002,book:0.322,last_trade_price:0.003,price_change:0.196
2026-08-10 12:05:47,074 INFO predmarket.polymarket.gateway - market_stream_pump_progress generation=3 sdk_events_total=168125 sdk_events_delta=5953 sdk_rate_per_second=594.4 mapped_delta=5953 ignored_delta=0 mapping_ms_per_event=0.018 handoff_wait_ms_per_event=0.001 handoff_queue_size=1 handoff_queue_capacity=4096
2026-08-10 12:05:48,696 INFO predmarket.watch.task - watch_stream_progress messages=224000 event_type=price_change generation=3 cache_state=VALID
2026-08-10 12:05:49,040 INFO predmarket.watch.task - watch_evaluation_queue_progress requests=207000 pending_tokens=22 coalesced_tokens=310831 generation=3
2026-08-10 12:05:50,109 INFO predmarket.watch.task - watch_stream_progress messages=225000 event_type=price_change generation=3 cache_state=VALID
2026-08-10 12:05:50,386 INFO predmarket.watch.task - watch_evaluation_queue_progress requests=208000 pending_tokens=16 coalesced_tokens=312249 generation=3
2026-08-10 12:05:51,034 INFO predmarket.watch.task - watch_stream_progress messages=226000 event_type=price_change generation=3 cache_state=VALID
2026-08-10 12:05:51,272 INFO predmarket.watch.task - watch_evaluation_queue_progress requests=209000 pending_tokens=24 coalesced_tokens=313848 generation=3
2026-08-10 12:05:52,110 WARNING predmarket.polymarket.gateway - market_stream_connection_lost close_code=1006 close_reason='' socket_state=CLOSED reader_exception_type=none reader_exception='' parser_exception_type=EOFError parser_exception='stream ends after 236 bytes, expected 611 bytes' heartbeat_age_seconds=11.937 websocket_latency_seconds=9.710 websocket_frame_queue_size=0 websocket_frame_queue_high=16 websocket_frame_queue_low=4 websocket_frame_queue_paused=False transport_closing=True
2026-08-10 12:05:52,166 WARNING predmarket.watch.task - watch_subscription_invalidated reason_code=SDK_DISCONNECTED detail=connection_lost generation=3 tokens=100
2026-08-10 12:05:52,172 INFO predmarket.watch.task - watch_recovery_started tokens=100
2026-08-10 12:05:52,172 INFO predmarket.polymarket.gateway - market_recovery_started generation=4 tokens=100 token_id_bytes=7701
2026-08-10 12:05:52,653 INFO predmarket.polymarket.gateway - market_stream_subscribed generation=4 tokens=100 elapsed_ms=480
2026-08-10 12:05:52,653 INFO predmarket.polymarket.gateway - market_recovery_books_started generation=4 tokens=100
2026-08-10 12:05:53,071 INFO predmarket.polymarket.gateway - market_recovery_books_received generation=4 tokens=100 books=100 elapsed_ms=418
2026-08-10 12:05:53,072 INFO predmarket.polymarket.gateway - market_recovery_completed generation=4 tokens=100 elapsed_ms=899
2026-08-10 12:05:53,072 INFO predmarket.watch.task - watch_recovery_baseline_received tokens=100 books=100 generation=4 elapsed_ms=899
2026-08-10 12:05:53,072 INFO predmarket.watch.task - watch_market_clock_initialized generation=4 market_time=1786334753040 books=100
2026-08-10 12:05:53,072 INFO predmarket.watch.task - watch_evaluation_started tokens=100
2026-08-10 12:05:53,076 WARNING predmarket.watch.task - watch_exchange_clock_skew_warning generation=4 token_id=72366991480996425287600181789304450420806821777293640224741963783447722473191 exchange_timestamp=1786334468662 received_timestamp=1786334753055 exchange_clock_skew_ms=-284393 exchange_clock_skew_warning_ms=100 evaluation_continues=true
2026-08-10 12:05:53,389 INFO predmarket.watch.task - watch_evaluation_summary generation=4 tokens=100 generated_targets=200 targets=100 deduplicated_targets=100 persisted_signals=0 market_time=1786334753040 stream_silence_age_ms=0 decisions=ABSENT.PROFIT_BELOW_THRESHOLD:34,NOT_EVALUABLE.ORDERBOOK_STALE.orderbook_stale:66 maximum_exchange_clock_skew_ms=-284393 exchange_clock_skew_warning_ms=100 maximum_exchange_clock_skew_token_id=72366991480996425287600181789304450420806821777293640224741963783447722473191 exchange_timestamp=1786334468662 received_timestamp=1786334753055 best_return_rate=-0.02059781 required_return_rate=0.00750000 best_opportunity_key=BINARY_UNDERPRICED:3436107 best_market_ids=3436107 context_ms=4 strategy_ms=308 signal_apply_ms=0 elapsed_ms=316
2026-08-10 12:05:53,389 INFO predmarket.watch.task - watch_evaluation_completed tokens=100 elapsed_ms=316
2026-08-10 12:05:53,389 INFO predmarket.watch.task - watch_subscribed markets=50 tokens=100 generation=4
2026-08-10 12:05:53,680 INFO predmarket.polymarket.gateway - market_stream_pump_progress generation=4 sdk_events_total=1 sdk_events_delta=1 sdk_rate_per_second=1.0 mapped_delta=1 ignored_delta=0 mapping_ms_per_event=0.151 handoff_wait_ms_per_event=0.004 handoff_queue_size=1 handoff_queue_capacity=4096
2026-08-10 12:05:53,700 INFO predmarket.polymarket.gateway - market_stream_consumer_progress generation=4 events_total=1 events_delta=1 rate_per_second=1.0 queue_size=0 queue_capacity=65536 queue_utilization_pct=0.0 handle_dropped=0 manager_dropped=0
2026-08-10 12:05:53,754 INFO predmarket.watch.task - watch_stream_progress messages=227000 event_type=book generation=4 cache_state=VALID
2026-08-10 12:05:54,046 INFO predmarket.watch.task - watch_evaluation_queue_progress requests=210000 pending_tokens=32 coalesced_tokens=315520 generation=4
2026-08-10 12:05:54,239 INFO predmarket.watch.task - watch_stream_progress messages=228000 event_type=price_change generation=4 cache_state=VALID
2026-08-10 12:05:54,580 INFO predmarket.watch.task - watch_evaluation_queue_progress requests=211000 pending_tokens=36 coalesced_tokens=317514 generation=4
2026-08-10 12:05:54,622 INFO predmarket.watch.task - watch_evaluation_abort_summary window_aborted=211 reason_counts=cache_invalid_or_closed:1,dependency_revision_changed:210 stage_counts=after_strategy:73,before_strategy:138 evaluation_requests=211067 evaluation_batches=16815 evaluation_coalesced=317648 pending_tokens=36 last_completed_summary_age_ms=1233 maximum_evaluation_elapsed_ms=846 sample_reason=dependency_revision_changed sample_stage=before_strategy sample_token_ids=106429334050090823328330576377733997987187180651908724756846683786451073001502,84246002852984326313320894134338110351752801388857359944367702168519509348440 sample_expected_revisions=106429334050090823328330576377733997987187180651908724756846683786451073001502:2,84246002852984326313320894134338110351752801388857359944367702168519509348440:2 sample_actual_revisions=106429334050090823328330576377733997987187180651908724756846683786451073001502:22,84246002852984326313320894134338110351752801388857359944367702168519509348440:22
2026-08-10 12:05:54,886 INFO predmarket.watch.task - watch_stream_progress messages=229000 event_type=price_change generation=4 cache_state=VALID
2026-08-10 12:05:55,448 INFO predmarket.watch.task - watch_evaluation_queue_progress requests=212000 pending_tokens=28 coalesced_tokens=319178 generation=4
2026-08-10 12:05:55,762 INFO predmarket.watch.task - watch_stream_progress messages=230000 event_type=price_change generation=4 cache_state=VALID
2026-08-10 12:05:56,402 INFO predmarket.watch.task - watch_evaluation_queue_progress requests=213000 pending_tokens=28 coalesced_tokens=320531 generation=4
2026-08-10 12:05:56,447 INFO predmarket.app - catalog_cleanup_cycle_completed deleted_versions=0 deleted_journal_rows=0 remaining_versions=0 remaining_journal_rows=0
2026-08-10 12:05:56,752 INFO predmarket.watch.task - watch_stream_progress messages=231000 event_type=price_change generation=4 cache_state=VALID
2026-08-10 12:05:57,082 INFO predmarket.watch.task - watch_price_change_progress messages=212298 messages_delta=7272 entries_per_message=2.00 book_levels_per_message=158.3 parse_ms_per_message=0.006 cache_ms_per_message=0.162 queue_ms_per_message=0.001
2026-08-10 12:05:57,083 INFO predmarket.watch.task - watch_stream_handler_progress messages=231277 messages_delta=8087 rate_per_second=807.6 event_counts=best_bid_ask:446,book:182,invalidated:1,last_trade_price:41,price_change:7417 event_ms_per_message=best_bid_ask:0.002,book:0.312,invalidated:1223.473,last_trade_price:0.002,price_change:0.187
2026-08-10 12:05:57,803 INFO predmarket.watch.task - watch_evaluation_queue_progress requests=214000 pending_tokens=12 coalesced_tokens=321767 generation=4
2026-08-10 12:05:58,032 INFO predmarket.watch.task - watch_stream_progress messages=232000 event_type=price_change generation=4 cache_state=VALID
2026-08-10 12:05:58,844 INFO predmarket.watch.task - watch_evaluation_queue_progress requests=215000 pending_tokens=18 coalesced_tokens=323233 generation=4
2026-08-10 12:05:58,964 INFO predmarket.watch.task - watch_stream_progress messages=233000 event_type=price_change generation=4 cache_state=VALID
2026-08-10 12:05:59,514 INFO predmarket.watch.task - watch_evaluation_queue_progress requests=216000 pending_tokens=28 coalesced_tokens=325021 generation=4
2026-08-10 12:05:59,567 INFO predmarket.watch.task - watch_stream_progress messages=234000 event_type=price_change generation=4 cache_state=VALID
2026-08-10 12:06:00,076 INFO predmarket.watch.task - watch_evaluation_queue_progress requests=217000 pending_tokens=30 coalesced_tokens=327011 generation=4
2026-08-10 12:06:00,081 INFO predmarket.watch.task - watch_stream_progress messages=235000 event_type=price_change generation=4 cache_state=VALID
2026-08-10 12:06:00,584 INFO predmarket.watch.task - watch_stream_progress messages=236000 event_type=price_change generation=4 cache_state=VALID
2026-08-10 12:06:00,645 INFO predmarket.watch.task - watch_evaluation_queue_progress requests=218000 pending_tokens=36 coalesced_tokens=329000 generation=4
2026-08-10 12:06:01,092 INFO predmarket.watch.task - watch_stream_progress messages=237000 event_type=price_change generation=4 cache_state=VALID
2026-08-10 12:06:01,204 INFO predmarket.watch.task - watch_evaluation_queue_progress requests=219000 pending_tokens=38 coalesced_tokens=330991 generation=4
2026-08-10 12:06:01,616 INFO predmarket.watch.task - watch_stream_progress messages=238000 event_type=price_change generation=4 cache_state=VALID
2026-08-10 12:06:01,786 INFO predmarket.watch.task - watch_evaluation_queue_progress requests=220000 pending_tokens=46 coalesced_tokens=332970 generation=4
2026-08-10 12:06:02,100 INFO predmarket.watch.task - watch_stream_progress messages=239000 event_type=price_change generation=4 cache_state=VALID
2026-08-10 12:06:02,328 INFO predmarket.watch.task - watch_evaluation_batch_completed batch=17000 tokens=28 pending_tokens=46 generation=4 elapsed_ms=3040
2026-08-10 12:06:02,359 INFO predmarket.watch.task - watch_evaluation_queue_progress requests=221000 pending_tokens=16 coalesced_tokens=334950 generation=4
2026-08-10 12:06:02,599 INFO predmarket.watch.task - watch_stream_progress messages=240000 event_type=price_change generation=4 cache_state=VALID
2026-08-10 12:06:03,020 INFO predmarket.watch.task - watch_evaluation_queue_progress requests=222000 pending_tokens=28 coalesced_tokens=336902 generation=4
2026-08-10 12:06:03,226 INFO predmarket.watch.task - watch_stream_progress messages=241000 event_type=price_change generation=4 cache_state=VALID
2026-08-10 12:06:03,476 WARNING predmarket.watch.task - watch_exchange_clock_skew_warning generation=4 token_id=78079398411412679865785162318121662523923374287476168241127307587426298033835 exchange_timestamp=1786334468662 received_timestamp=1786334753697 exchange_clock_skew_ms=-285035 exchange_clock_skew_warning_ms=100 evaluation_continues=true
2026-08-10 12:06:03,482 INFO predmarket.watch.task - watch_evaluation_summary generation=4 tokens=2 generated_targets=4 targets=2 deduplicated_targets=2 persisted_signals=0 market_time=1786334763516 stream_silence_age_ms=1 decisions=ABSENT.PROFIT_BELOW_THRESHOLD:2 maximum_exchange_clock_skew_ms=-285035 exchange_clock_skew_warning_ms=100 maximum_exchange_clock_skew_token_id=78079398411412679865785162318121662523923374287476168241127307587426298033835 exchange_timestamp=1786334468662 received_timestamp=1786334753697 best_return_rate=-0.01941461 required_return_rate=0.00750000 best_opportunity_key=BINARY_UNDERPRICED:3436107 best_market_ids=3436107 context_ms=1 strategy_ms=5 signal_apply_ms=0 elapsed_ms=7
2026-08-10 12:06:03,733 INFO predmarket.polymarket.gateway - market_stream_consumer_progress generation=4 events_total=14745 events_delta=14744 rate_per_second=1469.5 queue_size=0 queue_capacity=65536 queue_utilization_pct=0.0 handle_dropped=0 manager_dropped=0
2026-08-10 12:06:03,742 INFO predmarket.polymarket.gateway - market_stream_pump_progress generation=4 sdk_events_total=14758 sdk_events_delta=14757 sdk_rate_per_second=1466.6 mapped_delta=14746 ignored_delta=11 mapping_ms_per_event=0.017 handoff_wait_ms_per_event=0.001 handoff_queue_size=1 handoff_queue_capacity=4096
2026-08-10 12:06:03,772 INFO predmarket.watch.task - watch_evaluation_queue_progress requests=223000 pending_tokens=20 coalesced_tokens=338764 generation=4
2026-08-10 12:06:04,054 INFO predmarket.watch.task - watch_stream_progress messages=242000 event_type=price_change generation=4 cache_state=VALID
2026-08-10 12:06:04,727 INFO predmarket.watch.task - watch_evaluation_abort_summary window_aborted=206 reason_counts=dependency_revision_changed:206 stage_counts=after_strategy:69,before_strategy:137 evaluation_requests=223789 evaluation_batches=17030 evaluation_coalesced=339980 pending_tokens=14 last_completed_summary_age_ms=1245 maximum_evaluation_elapsed_ms=3040 sample_reason=dependency_revision_changed sample_stage=after_strategy sample_token_ids=107680238245947379182702293425019414027983397974846100843875219767249340135753,25935494914059452680000853707967869346056748161885673178607087993196047123856 sample_expected_revisions=107680238245947379182702293425019414027983397974846100843875219767249340135753:1159,25935494914059452680000853707967869346056748161885673178607087993196047123856:1158 sample_actual_revisions=107680238245947379182702293425019414027983397974846100843875219767249340135753:1168,25935494914059452680000853707967869346056748161885673178607087993196047123856:1167
2026-08-10 12:06:04,841 INFO predmarket.watch.task - watch_evaluation_queue_progress requests=224000 pending_tokens=24 coalesced_tokens=340378 generation=4
2026-08-10 12:06:04,957 INFO predmarket.watch.task - watch_stream_progress messages=243000 event_type=price_change generation=4 cache_state=VALID
2026-08-10 12:06:05,389 INFO predmarket.watch.task - watch_evaluation_queue_progress requests=225000 pending_tokens=28 coalesced_tokens=342374 generation=4
2026-08-10 12:06:05,477 INFO predmarket.watch.task - watch_stream_progress messages=244000 event_type=price_change generation=4 cache_state=VALID
2026-08-10 12:06:05,958 INFO predmarket.watch.task - watch_evaluation_queue_progress requests=226000 pending_tokens=30 coalesced_tokens=344363 generation=4
2026-08-10 12:06:05,969 INFO predmarket.watch.task - watch_stream_progress messages=245000 event_type=best_bid_ask generation=4 cache_state=VALID
2026-08-10 12:06:06,482 INFO predmarket.watch.task - watch_stream_progress messages=246000 event_type=price_change generation=4 cache_state=VALID
2026-08-10 12:06:06,564 INFO predmarket.watch.task - watch_evaluation_queue_progress requests=227000 pending_tokens=30 coalesced_tokens=346346 generation=4
2026-08-10 12:06:06,992 INFO predmarket.watch.task - watch_stream_progress messages=247000 event_type=price_change generation=4 cache_state=VALID
2026-08-10 12:06:07,082 INFO predmarket.watch.task - watch_price_change_progress messages=226567 messages_delta=14269 entries_per_message=2.00 book_levels_per_message=158.8 parse_ms_per_message=0.006 cache_ms_per_message=0.161 queue_ms_per_message=0.001
2026-08-10 12:06:07,083 INFO predmarket.watch.task - watch_stream_handler_progress messages=247189 messages_delta=15912 rate_per_second=1591.2 event_counts=best_bid_ask:1240,book:276,last_trade_price:127,price_change:14269 event_ms_per_message=best_bid_ask:0.002,book:0.325,last_trade_price:0.002,price_change:0.188
2026-08-10 12:06:07,160 INFO predmarket.watch.task - watch_evaluation_queue_progress requests=228000 pending_tokens=34 coalesced_tokens=348329 generation=4
2026-08-10 12:06:07,502 INFO predmarket.watch.task - watch_stream_progress messages=248000 event_type=price_change generation=4 cache_state=VALID
2026-08-10 12:06:07,715 INFO predmarket.watch.task - watch_evaluation_queue_progress requests=229000 pending_tokens=46 coalesced_tokens=350317 generation=4
2026-08-10 12:06:08,002 INFO predmarket.watch.task - watch_stream_progress messages=249000 event_type=price_change generation=4 cache_state=VALID
2026-08-10 12:06:08,274 INFO predmarket.watch.task - watch_evaluation_queue_progress requests=230000 pending_tokens=46 coalesced_tokens=352316 generation=4
2026-08-10 12:06:08,509 INFO predmarket.watch.task - watch_stream_progress messages=250000 event_type=price_change generation=4 cache_state=VALID
2026-08-10 12:06:08,855 INFO predmarket.watch.task - watch_evaluation_queue_progress requests=231000 pending_tokens=46 coalesced_tokens=354302 generation=4
2026-08-10 12:06:08,875 INFO predmarket.watch.task - watch_evaluation_batch_completed batch=17031 tokens=14 pending_tokens=46 generation=4 elapsed_ms=4147
2026-08-10 12:06:09,004 INFO predmarket.watch.task - watch_stream_progress messages=251000 event_type=price_change generation=4 cache_state=VALID
2026-08-10 12:06:09,414 INFO predmarket.watch.task - watch_evaluation_queue_progress requests=232000 pending_tokens=36 coalesced_tokens=356260 generation=4
2026-08-10 12:06:09,503 INFO predmarket.watch.task - watch_stream_progress messages=252000 event_type=price_change generation=4 cache_state=VALID
2026-08-10 12:06:09,997 INFO predmarket.watch.task - watch_evaluation_queue_progress requests=233000 pending_tokens=38 coalesced_tokens=358255 generation=4
2026-08-10 12:06:10,010 INFO predmarket.watch.task - watch_stream_progress messages=253000 event_type=best_bid_ask generation=4 cache_state=VALID
2026-08-10 12:06:10,546 INFO predmarket.watch.task - watch_stream_progress messages=254000 event_type=last_trade_price generation=4 cache_state=VALID
2026-08-10 12:06:10,564 INFO predmarket.watch.task - watch_evaluation_queue_progress requests=234000 pending_tokens=42 coalesced_tokens=360242 generation=4
2026-08-10 12:06:11,068 INFO predmarket.watch.task - watch_stream_progress messages=255000 event_type=price_change generation=4 cache_state=VALID
2026-08-10 12:06:11,098 INFO predmarket.watch.task - watch_evaluation_queue_progress requests=235000 pending_tokens=54 coalesced_tokens=362229 generation=4
2026-08-10 12:06:11,590 INFO predmarket.watch.task - watch_stream_progress messages=256000 event_type=price_change generation=4 cache_state=VALID
2026-08-10 12:06:11,645 INFO predmarket.watch.task - watch_evaluation_queue_progress requests=236000 pending_tokens=56 coalesced_tokens=364225 generation=4
2026-08-10 12:06:12,119 INFO predmarket.watch.task - watch_stream_progress messages=257000 event_type=best_bid_ask generation=4 cache_state=VALID
2026-08-10 12:06:12,214 INFO predmarket.watch.task - watch_evaluation_queue_progress requests=237000 pending_tokens=56 coalesced_tokens=366222 generation=4
2026-08-10 12:06:12,642 INFO predmarket.watch.task - watch_stream_progress messages=258000 event_type=price_change generation=4 cache_state=VALID
2026-08-10 12:06:12,802 INFO predmarket.watch.task - watch_evaluation_queue_progress requests=238000 pending_tokens=58 coalesced_tokens=368204 generation=4
2026-08-10 12:06:13,153 INFO predmarket.watch.task - watch_stream_progress messages=259000 event_type=price_change generation=4 cache_state=VALID
2026-08-10 12:06:13,353 INFO predmarket.watch.task - watch_evaluation_queue_progress requests=239000 pending_tokens=64 coalesced_tokens=370194 generation=4
2026-08-10 12:06:13,382 INFO predmarket.watch.task - watch_evaluation_batch_completed batch=17032 tokens=46 pending_tokens=64 generation=4 elapsed_ms=4506
2026-08-10 12:06:13,675 INFO predmarket.watch.task - watch_stream_progress messages=260000 event_type=price_change generation=4 cache_state=VALID
2026-08-10 12:06:13,734 INFO predmarket.polymarket.gateway - market_stream_consumer_progress generation=4 events_total=33208 events_delta=18463 rate_per_second=1846.2 queue_size=411 queue_capacity=65536 queue_utilization_pct=0.6 handle_dropped=0 manager_dropped=0
2026-08-10 12:06:13,806 INFO predmarket.polymarket.gateway - market_stream_pump_progress generation=4 sdk_events_total=33369 sdk_events_delta=18611 sdk_rate_per_second=1849.3 mapped_delta=18611 ignored_delta=0 mapping_ms_per_event=0.016 handoff_wait_ms_per_event=0.000 handoff_queue_size=1 handoff_queue_capacity=4096
2026-08-10 12:06:13,909 INFO predmarket.watch.task - watch_evaluation_queue_progress requests=240000 pending_tokens=38 coalesced_tokens=372156 generation=4
2026-08-10 12:06:14,172 INFO predmarket.watch.task - watch_stream_progress messages=261000 event_type=price_change generation=4 cache_state=VALID
2026-08-10 12:06:14,486 INFO predmarket.watch.task - watch_evaluation_queue_progress requests=241000 pending_tokens=44 coalesced_tokens=374143 generation=4
2026-08-10 12:06:14,687 INFO predmarket.watch.task - watch_stream_progress messages=262000 event_type=price_change generation=4 cache_state=VALID
2026-08-10 12:06:15,045 INFO predmarket.watch.task - watch_evaluation_queue_progress requests=242000 pending_tokens=48 coalesced_tokens=376136 generation=4
2026-08-10 12:06:15,176 INFO predmarket.watch.task - watch_stream_progress messages=263000 event_type=price_change generation=4 cache_state=VALID
2026-08-10 12:06:15,597 INFO predmarket.watch.task - watch_evaluation_queue_progress requests=243000 pending_tokens=54 coalesced_tokens=378129 generation=4
2026-08-10 12:06:15,681 INFO predmarket.watch.task - watch_stream_progress messages=264000 event_type=price_change generation=4 cache_state=VALID
2026-08-10 12:06:15,844 INFO predmarket.watch.task - watch_evaluation_batch_completed batch=17033 tokens=64 pending_tokens=54 generation=4 elapsed_ms=2462
2026-08-10 12:06:15,849 WARNING predmarket.watch.task - watch_exchange_clock_skew_warning generation=4 token_id=78079398411412679865785162318121662523923374287476168241127307587426298033835 exchange_timestamp=1786334468662 received_timestamp=1786334753697 exchange_clock_skew_ms=-285035 exchange_clock_skew_warning_ms=100 evaluation_continues=true
2026-08-10 12:06:16,006 INFO predmarket.app - catalog_cleanup_cycle_completed deleted_versions=0 deleted_journal_rows=0 remaining_versions=0 remaining_journal_rows=0
2026-08-10 12:06:16,152 INFO predmarket.watch.task - watch_evaluation_summary generation=4 tokens=54 generated_targets=108 targets=54 deduplicated_targets=54 persisted_signals=0 market_time=1786334775504 stream_silence_age_ms=2 decisions=ABSENT.PROFIT_BELOW_THRESHOLD:36,NOT_EVALUABLE.ORDERBOOK_STALE.orderbook_stale:18 maximum_exchange_clock_skew_ms=-285035 exchange_clock_skew_warning_ms=100 maximum_exchange_clock_skew_token_id=78079398411412679865785162318121662523923374287476168241127307587426298033835 exchange_timestamp=1786334468662 received_timestamp=1786334753697 best_return_rate=-0.02175136 required_return_rate=0.00750000 best_opportunity_key=BINARY_UNDERPRICED:3436107 best_market_ids=3436107 context_ms=4 strategy_ms=300 signal_apply_ms=0 elapsed_ms=307
2026-08-10 12:06:18,047 INFO predmarket.watch.task - watch_price_change_progress messages=242102 messages_delta=15535 entries_per_message=2.00 book_levels_per_message=161.2 parse_ms_per_message=0.006 cache_ms_per_message=0.165 queue_ms_per_message=0.001
2026-08-10 12:06:18,047 INFO predmarket.watch.task - watch_stream_handler_progress messages=264342 messages_delta=17153 rate_per_second=1564.4 event_counts=best_bid_ask:1274,book:226,last_trade_price:118,price_change:15535 event_ms_per_message=best_bid_ask:0.002,book:0.333,last_trade_price:0.004,price_change:0.193
2026-08-10 12:06:18,957 INFO predmarket.watch.task - watch_evaluation_abort_summary window_aborted=21 reason_counts=dependency_revision_changed:21 stage_counts=after_strategy:7,before_strategy:14 evaluation_requests=243924 evaluation_batches=17052 evaluation_coalesced=379655 pending_tokens=8 last_completed_summary_age_ms=2805 maximum_evaluation_elapsed_ms=4506 sample_reason=dependency_revision_changed sample_stage=before_strategy sample_token_ids=42510750590941529190948547648591091159961726742666138609147094754699623789186,9527897186028883866601376291426044887292125040180168165330522910551404848146 sample_expected_revisions=42510750590941529190948547648591091159961726742666138609147094754699623789186:10517,9527897186028883866601376291426044887292125040180168165330522910551404848146:10489 sample_actual_revisions=42510750590941529190948547648591091159961726742666138609147094754699623789186:10518,9527897186028883866601376291426044887292125040180168165330522910551404848146:10490
2026-08-10 12:06:19,121 INFO predmarket.watch.task - watch_evaluation_queue_progress requests=244000 pending_tokens=21 coalesced_tokens=379739 generation=4
2026-08-10 12:06:19,265 INFO predmarket.watch.task - watch_stream_progress messages=265000 event_type=price_change generation=4 cache_state=VALID
2026-08-10 12:06:20,859 INFO predmarket.watch.task - watch_evaluation_queue_progress requests=245000 pending_tokens=6 coalesced_tokens=381075 generation=4
2026-08-10 12:06:20,931 INFO predmarket.watch.task - watch_stream_progress messages=266000 event_type=price_change generation=4 cache_state=VALID
2026-08-10 12:06:22,572 INFO predmarket.watch.task - watch_stream_progress messages=267000 event_type=price_change generation=4 cache_state=VALID
2026-08-10 12:06:22,583 INFO predmarket.watch.task - watch_evaluation_queue_progress requests=246000 pending_tokens=12 coalesced_tokens=382367 generation=4
2026-08-10 12:06:23,772 INFO predmarket.polymarket.gateway - market_stream_consumer_progress generation=4 events_total=40723 events_delta=7515 rate_per_second=748.7 queue_size=0 queue_capacity=65536 queue_utilization_pct=0.0 handle_dropped=0 manager_dropped=0
2026-08-10 12:06:23,830 INFO predmarket.polymarket.gateway - market_stream_pump_progress generation=4 sdk_events_total=40779 sdk_events_delta=7410 sdk_rate_per_second=739.2 mapped_delta=7399 ignored_delta=11 mapping_ms_per_event=0.016 handoff_wait_ms_per_event=0.001 handoff_queue_size=1 handoff_queue_capacity=4096
2026-08-10 12:06:24,243 INFO predmarket.watch.task - watch_stream_progress messages=268000 event_type=price_change generation=4 cache_state=VALID
2026-08-10 12:06:24,377 INFO predmarket.watch.task - watch_evaluation_queue_progress requests=247000 pending_tokens=4 coalesced_tokens=383786 generation=4
2026-08-10 12:06:25,775 INFO predmarket.watch.task - watch_stream_progress messages=269000 event_type=price_change generation=4 cache_state=VALID
2026-08-10 12:06:25,886 WARNING predmarket.watch.task - watch_exchange_clock_skew_warning generation=4 token_id=78079398411412679865785162318121662523923374287476168241127307587426298033835 exchange_timestamp=1786334468662 received_timestamp=1786334753697 exchange_clock_skew_ms=-285035 exchange_clock_skew_warning_ms=100 evaluation_continues=true
2026-08-10 12:06:25,987 INFO predmarket.watch.task - watch_evaluation_queue_progress requests=248000 pending_tokens=20 coalesced_tokens=385201 generation=4
2026-08-10 12:06:26,561 INFO predmarket.app - catalog_cleanup_cycle_completed deleted_versions=0 deleted_journal_rows=0 remaining_versions=0 remaining_journal_rows=0
2026-08-10 12:06:27,097 INFO predmarket.watch.task - watch_stream_progress messages=270000 event_type=price_change generation=4 cache_state=VALID
2026-08-10 12:06:27,481 INFO predmarket.watch.task - watch_evaluation_queue_progress requests=249000 pending_tokens=10 coalesced_tokens=386461 generation=4
2026-08-10 12:06:28,055 INFO predmarket.watch.task - watch_price_change_progress messages=248005 messages_delta=5903 entries_per_message=2.00 book_levels_per_message=158.3 parse_ms_per_message=0.006 cache_ms_per_message=0.163 queue_ms_per_message=0.001
2026-08-10 12:06:28,055 INFO predmarket.watch.task - watch_stream_handler_progress messages=270700 messages_delta=6358 rate_per_second=635.3 event_counts=best_bid_ask:398,book:38,last_trade_price:19,price_change:5903 event_ms_per_message=best_bid_ask:0.002,book:0.350,last_trade_price:0.002,price_change:0.192
2026-08-10 12:06:28,464 INFO predmarket.watch.task - watch_stream_progress messages=271000 event_type=price_change generation=4 cache_state=VALID
2026-08-10 12:06:28,924 INFO predmarket.watch.task - watch_evaluation_queue_progress requests=250000 pending_tokens=16 coalesced_tokens=387899 generation=4
2026-08-10 12:06:29,067 INFO predmarket.watch.task - watch_evaluation_abort_summary window_aborted=253 reason_counts=dependency_revision_changed:253 stage_counts=after_strategy:102,before_strategy:151 evaluation_requests=250089 evaluation_batches=17309 evaluation_coalesced=388037 pending_tokens=14 last_completed_summary_age_ms=12916 maximum_evaluation_elapsed_ms=283 sample_reason=dependency_revision_changed sample_stage=before_strategy sample_token_ids=42510750590941529190948547648591091159961726742666138609147094754699623789186,9527897186028883866601376291426044887292125040180168165330522910551404848146 sample_expected_revisions=42510750590941529190948547648591091159961726742666138609147094754699623789186:12243,9527897186028883866601376291426044887292125040180168165330522910551404848146:12212 sample_actual_revisions=42510750590941529190948547648591091159961726742666138609147094754699623789186:12253,9527897186028883866601376291426044887292125040180168165330522910551404848146:12222
2026-08-10 12:06:29,937 INFO predmarket.watch.task - watch_stream_progress messages=272000 event_type=price_change generation=4 cache_state=VALID
2026-08-10 12:06:30,539 INFO predmarket.watch.task - watch_evaluation_queue_progress requests=251000 pending_tokens=8 coalesced_tokens=389347 generation=4
2026-08-10 12:06:31,178 INFO predmarket.watch.task - watch_stream_progress messages=273000 event_type=price_change generation=4 cache_state=VALID
2026-08-10 12:06:31,687 INFO predmarket.watch.task - watch_evaluation_queue_progress requests=252000 pending_tokens=10 coalesced_tokens=390785 generation=4
2026-08-10 12:06:32,134 INFO predmarket.watch.task - watch_stream_progress messages=274000 event_type=price_change generation=4 cache_state=VALID
2026-08-10 12:06:32,569 INFO predmarket.watch.task - watch_evaluation_queue_progress requests=253000 pending_tokens=10 coalesced_tokens=392303 generation=4
2026-08-10 12:06:32,884 INFO predmarket.watch.task - watch_stream_progress messages=275000 event_type=best_bid_ask generation=4 cache_state=VALID
2026-08-10 12:06:33,277 INFO predmarket.watch.task - watch_evaluation_queue_progress requests=254000 pending_tokens=34 coalesced_tokens=393923 generation=4
2026-08-10 12:06:33,569 INFO predmarket.watch.task - watch_stream_progress messages=276000 event_type=price_change generation=4 cache_state=VALID
2026-08-10 12:06:33,772 INFO predmarket.polymarket.gateway - market_stream_consumer_progress generation=4 events_total=49485 events_delta=8762 rate_per_second=876.2 queue_size=0 queue_capacity=65536 queue_utilization_pct=0.0 handle_dropped=0 manager_dropped=0
2026-08-10 12:06:33,869 INFO predmarket.polymarket.gateway - market_stream_pump_progress generation=4 sdk_events_total=49705 sdk_events_delta=8926 sdk_rate_per_second=889.1 mapped_delta=8915 ignored_delta=11 mapping_ms_per_event=0.016 handoff_wait_ms_per_event=0.001 handoff_queue_size=1 handoff_queue_capacity=4096
2026-08-10 12:06:33,913 INFO predmarket.watch.task - watch_evaluation_queue_progress requests=255000 pending_tokens=36 coalesced_tokens=395807 generation=4
2026-08-10 12:06:34,079 INFO predmarket.watch.task - watch_stream_progress messages=277000 event_type=price_change generation=4 cache_state=VALID
2026-08-10 12:06:34,474 INFO predmarket.watch.task - watch_evaluation_queue_progress requests=256000 pending_tokens=34 coalesced_tokens=397768 generation=4
2026-08-10 12:06:34,584 INFO predmarket.watch.task - watch_stream_progress messages=278000 event_type=price_change generation=4 cache_state=VALID
2026-08-10 12:06:35,017 INFO predmarket.watch.task - watch_evaluation_queue_progress requests=257000 pending_tokens=36 coalesced_tokens=399732 generation=4
2026-08-10 12:06:35,098 INFO predmarket.watch.task - watch_stream_progress messages=279000 event_type=price_change generation=4 cache_state=VALID
2026-08-10 12:06:35,554 INFO predmarket.watch.task - watch_evaluation_queue_progress requests=258000 pending_tokens=38 coalesced_tokens=401728 generation=4
2026-08-10 12:06:35,616 INFO predmarket.watch.task - watch_stream_progress messages=280000 event_type=price_change generation=4 cache_state=VALID
2026-08-10 12:06:36,099 INFO predmarket.watch.task - watch_evaluation_queue_progress requests=259000 pending_tokens=40 coalesced_tokens=403726 generation=4
2026-08-10 12:06:36,130 INFO predmarket.watch.task - watch_stream_progress messages=281000 event_type=best_bid_ask generation=4 cache_state=VALID
2026-08-10 12:06:36,639 INFO predmarket.watch.task - watch_stream_progress messages=282000 event_type=price_change generation=4 cache_state=VALID
2026-08-10 12:06:36,641 INFO predmarket.watch.task - watch_evaluation_queue_progress requests=260000 pending_tokens=44 coalesced_tokens=405722 generation=4
2026-08-10 12:06:37,142 INFO predmarket.watch.task - watch_stream_progress messages=283000 event_type=price_change generation=4 cache_state=VALID
2026-08-10 12:06:37,155 INFO predmarket.app - sync_cycle_started initial=false
2026-08-10 12:06:37,155 INFO predmarket.catalog.sync - 正在开始执行第一次扫描
2026-08-10 12:06:37,174 INFO predmarket.watch.task - watch_evaluation_queue_progress requests=261000 pending_tokens=44 coalesced_tokens=407721 generation=4
2026-08-10 12:06:37,664 INFO predmarket.watch.task - watch_stream_progress messages=284000 event_type=price_change generation=4 cache_state=VALID
2026-08-10 12:06:37,696 INFO predmarket.watch.task - watch_evaluation_queue_progress requests=262000 pending_tokens=46 coalesced_tokens=409717 generation=4
2026-08-10 12:06:37,820 INFO predmarket.watch.task - watch_evaluation_batch_completed batch=17423 tokens=34 pending_tokens=46 generation=4 elapsed_ms=3198
2026-08-10 12:06:38,055 INFO predmarket.watch.task - watch_price_change_progress messages=261263 messages_delta=13258 entries_per_message=2.00 book_levels_per_message=159.3 parse_ms_per_message=0.006 cache_ms_per_message=0.162 queue_ms_per_message=0.001
2026-08-10 12:06:38,055 INFO predmarket.watch.task - watch_stream_handler_progress messages=284759 messages_delta=14059 rate_per_second=1405.8 event_counts=best_bid_ask:660,book:94,last_trade_price:47,price_change:13258 event_ms_per_message=best_bid_ask:0.003,book:0.341,last_trade_price:0.002,price_change:0.189
2026-08-10 12:06:38,174 INFO predmarket.watch.task - watch_stream_progress messages=285000 event_type=price_change generation=4 cache_state=VALID
2026-08-10 12:06:38,215 INFO predmarket.watch.task - watch_evaluation_queue_progress requests=263000 pending_tokens=28 coalesced_tokens=411688 generation=4
2026-08-10 12:06:38,780 INFO predmarket.watch.task - watch_stream_progress messages=286000 event_type=price_change generation=4 cache_state=VALID
2026-08-10 12:06:38,829 INFO predmarket.watch.task - watch_evaluation_queue_progress requests=264000 pending_tokens=34 coalesced_tokens=413682 generation=4
2026-08-10 12:06:39,291 INFO predmarket.watch.task - watch_stream_progress messages=287000 event_type=price_change generation=4 cache_state=VALID
2026-08-10 12:06:39,343 INFO predmarket.watch.task - watch_evaluation_queue_progress requests=265000 pending_tokens=38 coalesced_tokens=415678 generation=4
2026-08-10 12:06:39,810 INFO predmarket.watch.task - watch_stream_progress messages=288000 event_type=price_change generation=4 cache_state=VALID
2026-08-10 12:06:39,873 INFO predmarket.catalog.sync - sync_started sync_generation=sync-9b56110b6eb4439989d59ccc4d5a3471
2026-08-10 12:06:39,873 INFO predmarket.catalog.sync - sync_stage_started sync_generation=sync-9b56110b6eb4439989d59ccc4d5a3471 stage=events_fetch
2026-08-10 12:06:39,885 INFO predmarket.watch.task - watch_evaluation_queue_progress requests=266000 pending_tokens=48 coalesced_tokens=417668 generation=4
2026-08-10 12:06:40,333 INFO predmarket.watch.task - watch_stream_progress messages=289000 event_type=price_change generation=4 cache_state=VALID
2026-08-10 12:06:40,430 INFO predmarket.watch.task - watch_evaluation_queue_progress requests=267000 pending_tokens=50 coalesced_tokens=419662 generation=4
2026-08-10 12:06:40,843 INFO predmarket.watch.task - watch_stream_progress messages=290000 event_type=price_change generation=4 cache_state=VALID
2026-08-10 12:06:40,990 INFO predmarket.watch.task - watch_evaluation_queue_progress requests=268000 pending_tokens=50 coalesced_tokens=421662 generation=4
2026-08-10 12:06:41,352 INFO predmarket.watch.task - watch_stream_progress messages=291000 event_type=price_change generation=4 cache_state=VALID
2026-08-10 12:06:41,674 INFO predmarket.watch.task - watch_evaluation_queue_progress requests=269000 pending_tokens=54 coalesced_tokens=423656 generation=4
2026-08-10 12:06:42,010 INFO predmarket.watch.task - watch_stream_progress messages=292000 event_type=price_change generation=4 cache_state=VALID
2026-08-10 12:06:42,219 INFO predmarket.watch.task - watch_evaluation_queue_progress requests=270000 pending_tokens=54 coalesced_tokens=425653 generation=4
2026-08-10 12:06:42,533 INFO predmarket.watch.task - watch_stream_progress messages=293000 event_type=price_change generation=4 cache_state=VALID
2026-08-10 12:06:42,776 INFO predmarket.watch.task - watch_evaluation_queue_progress requests=271000 pending_tokens=62 coalesced_tokens=427644 generation=4
2026-08-10 12:06:43,013 INFO predmarket.watch.task - watch_evaluation_abort_summary window_aborted=115 reason_counts=dependency_revision_changed:115 stage_counts=after_strategy:42,before_strategy:73 evaluation_requests=271415 evaluation_batches=17424 evaluation_coalesced=428473 pending_tokens=62 last_completed_summary_age_ms=26862 maximum_evaluation_elapsed_ms=5193 sample_reason=dependency_revision_changed sample_stage=before_strategy sample_token_ids=100533687727497443541369483933299762930731780669782590957570011016994709318185,104764801815215006840218735731932203523559164204955657612872827684375163040798 sample_expected_revisions=100533687727497443541369483933299762930731780669782590957570011016994709318185:5865,104764801815215006840218735731932203523559164204955657612872827684375163040798:5864 sample_actual_revisions=100533687727497443541369483933299762930731780669782590957570011016994709318185:6936,104764801815215006840218735731932203523559164204955657612872827684375163040798:6935
2026-08-10 12:06:43,014 INFO predmarket.watch.task - watch_evaluation_batch_completed batch=17424 tokens=46 pending_tokens=62 generation=4 elapsed_ms=5194
2026-08-10 12:06:43,057 INFO predmarket.watch.task - watch_stream_progress messages=294000 event_type=price_change generation=4 cache_state=VALID
2026-08-10 12:06:43,333 INFO predmarket.watch.task - watch_evaluation_queue_progress requests=272000 pending_tokens=32 coalesced_tokens=429611 generation=4
2026-08-10 12:06:43,566 INFO predmarket.watch.task - watch_stream_progress messages=295000 event_type=price_change generation=4 cache_state=VALID
2026-08-10 12:06:43,643 WARNING predmarket.watch.task - watch_exchange_clock_skew_warning generation=4 token_id=78079398411412679865785162318121662523923374287476168241127307587426298033835 exchange_timestamp=1786334468662 received_timestamp=1786334753697 exchange_clock_skew_ms=-285035 exchange_clock_skew_warning_ms=100 evaluation_continues=true
2026-08-10 12:06:43,772 INFO predmarket.polymarket.gateway - market_stream_consumer_progress generation=4 events_total=68318 events_delta=18833 rate_per_second=1883.2 queue_size=0 queue_capacity=65536 queue_utilization_pct=0.0 handle_dropped=0 manager_dropped=0
2026-08-10 12:06:43,877 INFO predmarket.polymarket.gateway - market_stream_pump_progress generation=4 sdk_events_total=68547 sdk_events_delta=18842 sdk_rate_per_second=1882.6 mapped_delta=18831 ignored_delta=11 mapping_ms_per_event=0.015 handoff_wait_ms_per_event=0.000 handoff_queue_size=1 handoff_queue_capacity=4096
2026-08-10 12:06:43,883 INFO predmarket.app - catalog_cleanup_cycle_completed deleted_versions=0 deleted_journal_rows=0 remaining_versions=0 remaining_journal_rows=0
2026-08-10 12:06:44,056 INFO predmarket.watch.task - watch_evaluation_queue_progress requests=273000 pending_tokens=2 coalesced_tokens=431463 generation=4
2026-08-10 12:06:44,419 INFO predmarket.watch.task - watch_stream_progress messages=296000 event_type=price_change generation=4 cache_state=VALID
2026-08-10 12:06:44,613 INFO predmarket.watch.task - watch_evaluation_summary generation=4 tokens=2 generated_targets=4 targets=2 deduplicated_targets=2 persisted_signals=0 market_time=1786334804652 stream_silence_age_ms=2 decisions=ABSENT.PROFIT_BELOW_THRESHOLD:2 maximum_exchange_clock_skew_ms=-285035 exchange_clock_skew_warning_ms=100 maximum_exchange_clock_skew_token_id=78079398411412679865785162318121662523923374287476168241127307587426298033835 exchange_timestamp=1786334468662 received_timestamp=1786334753697 best_return_rate=-0.02287546 required_return_rate=0.00750000 best_opportunity_key=BINARY_UNDERPRICED:3436107 best_market_ids=3436107 context_ms=1 strategy_ms=4 signal_apply_ms=0 elapsed_ms=6
2026-08-10 12:06:45,149 INFO predmarket.watch.task - watch_evaluation_queue_progress requests=274000 pending_tokens=14 coalesced_tokens=432973 generation=4
2026-08-10 12:06:45,490 INFO predmarket.watch.task - watch_stream_progress messages=297000 event_type=price_change generation=4 cache_state=VALID
2026-08-10 12:06:49,081 INFO predmarket.watch.task - watch_price_change_progress messages=273035 messages_delta=11772 entries_per_message=2.00 book_levels_per_message=160.2 parse_ms_per_message=0.006 cache_ms_per_message=0.165 queue_ms_per_message=0.001
2026-08-10 12:06:49,081 INFO predmarket.watch.task - watch_stream_handler_progress messages=297069 messages_delta=12310 rate_per_second=1116.4 event_counts=best_bid_ask:466,book:48,last_trade_price:24,price_change:11772 event_ms_per_message=best_bid_ask:0.002,book:0.370,last_trade_price:0.003,price_change:0.193
2026-08-10 12:06:49,314 INFO predmarket.polymarket.gateway - catalog_events_fetch_progress pages=25 active_events=2134 elapsed_ms=9441
2026-08-10 12:06:52,223 INFO predmarket.watch.task - watch_evaluation_queue_progress requests=275000 pending_tokens=18 coalesced_tokens=434397 generation=4
2026-08-10 12:06:53,772 INFO predmarket.polymarket.gateway - market_stream_consumer_progress generation=4 events_total=71089 events_delta=2771 rate_per_second=277.1 queue_size=0 queue_capacity=65536 queue_utilization_pct=0.0 handle_dropped=0 manager_dropped=0
2026-08-10 12:06:53,773 INFO predmarket.watch.task - watch_stream_progress messages=298000 event_type=price_change generation=4 cache_state=VALID
2026-08-10 12:06:53,795 INFO predmarket.watch.task - watch_evaluation_abort_summary window_aborted=86 reason_counts=dependency_revision_changed:86 stage_counts=after_strategy:22,before_strategy:64 evaluation_requests=275325 evaluation_batches=17538 evaluation_coalesced=434834 pending_tokens=16 last_completed_summary_age_ms=9182 maximum_evaluation_elapsed_ms=617 sample_reason=dependency_revision_changed sample_stage=after_strategy sample_token_ids=100533687727497443541369483933299762930731780669782590957570011016994709318185,104764801815215006840218735731932203523559164204955657612872827684375163040798 sample_expected_revisions=100533687727497443541369483933299762930731780669782590957570011016994709318185:7315,104764801815215006840218735731932203523559164204955657612872827684375163040798:7314 sample_actual_revisions=100533687727497443541369483933299762930731780669782590957570011016994709318185:7321,104764801815215006840218735731932203523559164204955657612872827684375163040798:7320
2026-08-10 12:06:53,800 WARNING predmarket.watch.task - watch_exchange_clock_skew_warning generation=4 token_id=78079398411412679865785162318121662523923374287476168241127307587426298033835 exchange_timestamp=1786334468662 received_timestamp=1786334753697 exchange_clock_skew_ms=-285035 exchange_clock_skew_warning_ms=100 evaluation_continues=true
2026-08-10 12:06:53,938 INFO predmarket.polymarket.gateway - market_stream_pump_progress generation=4 sdk_events_total=71201 sdk_events_delta=2654 sdk_rate_per_second=263.8 mapped_delta=2643 ignored_delta=11 mapping_ms_per_event=0.018 handoff_wait_ms_per_event=0.001 handoff_queue_size=1 handoff_queue_capacity=4096
2026-08-10 12:06:54,536 INFO predmarket.app - catalog_cleanup_cycle_completed deleted_versions=0 deleted_journal_rows=0 remaining_versions=0 remaining_journal_rows=0
2026-08-10 12:06:55,249 INFO predmarket.watch.task - watch_evaluation_summary generation=4 tokens=4 generated_targets=8 targets=4 deduplicated_targets=4 persisted_signals=0 market_time=1786334809941 stream_silence_age_ms=8 decisions=ABSENT.PROFIT_BELOW_THRESHOLD:4 maximum_exchange_clock_skew_ms=-285035 exchange_clock_skew_warning_ms=100 maximum_exchange_clock_skew_token_id=78079398411412679865785162318121662523923374287476168241127307587426298033835 exchange_timestamp=1786334468662 received_timestamp=1786334753697 best_return_rate=-0.02287546 required_return_rate=0.00750000 best_opportunity_key=BINARY_UNDERPRICED:3436107 best_market_ids=3436107 context_ms=1 strategy_ms=35 signal_apply_ms=0 elapsed_ms=38
2026-08-10 12:06:55,727 INFO predmarket.watch.task - watch_evaluation_queue_progress requests=276000 pending_tokens=20 coalesced_tokens=435843 generation=4
2026-08-10 12:06:56,091 INFO predmarket.watch.task - watch_stream_progress messages=299000 event_type=price_change generation=4 cache_state=VALID
2026-08-10 12:06:56,371 INFO predmarket.polymarket.gateway - catalog_events_fetch_progress pages=50 active_events=3935 elapsed_ms=16498
2026-08-10 12:06:57,277 INFO predmarket.watch.task - watch_evaluation_queue_progress requests=277000 pending_tokens=22 coalesced_tokens=437441 generation=4
2026-08-10 12:06:57,334 INFO predmarket.watch.task - watch_stream_progress messages=300000 event_type=price_change generation=4 cache_state=VALID
2026-08-10 12:06:58,266 INFO predmarket.watch.task - watch_evaluation_queue_progress requests=278000 pending_tokens=28 coalesced_tokens=439259 generation=4
2026-08-10 12:06:58,298 INFO predmarket.watch.task - watch_stream_progress messages=301000 event_type=price_change generation=4 cache_state=VALID
2026-08-10 12:06:59,230 INFO predmarket.watch.task - watch_price_change_progress messages=277230 messages_delta=4195 entries_per_message=2.00 book_levels_per_message=164.1 parse_ms_per_message=0.006 cache_ms_per_message=0.167 queue_ms_per_message=0.001
2026-08-10 12:06:59,231 INFO predmarket.watch.task - watch_stream_handler_progress messages=301704 messages_delta=4635 rate_per_second=456.7 event_counts=best_bid_ask:294,book:100,last_trade_price:46,price_change:4195 event_ms_per_message=best_bid_ask:0.002,book:0.296,last_trade_price:0.002,price_change:0.196
2026-08-10 12:06:59,689 INFO predmarket.watch.task - watch_stream_progress messages=302000 event_type=price_change generation=4 cache_state=VALID
2026-08-10 12:06:59,692 INFO predmarket.watch.task - watch_evaluation_queue_progress requests=279000 pending_tokens=32 coalesced_tokens=441036 generation=4
2026-08-10 12:07:00,607 INFO predmarket.watch.task - watch_stream_progress messages=303000 event_type=price_change generation=4 cache_state=VALID
2026-08-10 12:07:00,750 INFO predmarket.watch.task - watch_evaluation_queue_progress requests=280000 pending_tokens=4 coalesced_tokens=442856 generation=4
2026-08-10 12:07:02,164 INFO predmarket.watch.task - watch_stream_progress messages=304000 event_type=price_change generation=4 cache_state=VALID
2026-08-10 12:07:02,351 INFO predmarket.watch.task - watch_evaluation_queue_progress requests=281000 pending_tokens=22 coalesced_tokens=444444 generation=4
2026-08-10 12:07:03,516 INFO predmarket.watch.task - watch_stream_progress messages=305000 event_type=price_change generation=4 cache_state=VALID
2026-08-10 12:07:03,823 WARNING predmarket.watch.task - watch_exchange_clock_skew_warning generation=4 token_id=78079398411412679865785162318121662523923374287476168241127307587426298033835 exchange_timestamp=1786334468662 received_timestamp=1786334753697 exchange_clock_skew_ms=-285035 exchange_clock_skew_warning_ms=100 evaluation_continues=true
2026-08-10 12:07:03,856 INFO predmarket.polymarket.gateway - market_stream_consumer_progress generation=4 events_total=78268 events_delta=7179 rate_per_second=712.0 queue_size=0 queue_capacity=65536 queue_utilization_pct=0.0 handle_dropped=0 manager_dropped=0
2026-08-10 12:07:03,857 INFO predmarket.watch.task - watch_evaluation_queue_progress requests=282000 pending_tokens=4 coalesced_tokens=446046 generation=4
2026-08-10 12:07:03,918 INFO predmarket.watch.task - watch_evaluation_abort_summary window_aborted=129 reason_counts=dependency_revision_changed:129 stage_counts=after_strategy:36,before_strategy:93 evaluation_requests=282115 evaluation_batches=17681 evaluation_coalesced=446246 pending_tokens=24 last_completed_summary_age_ms=8670 maximum_evaluation_elapsed_ms=317 sample_reason=dependency_revision_changed sample_stage=before_strategy sample_token_ids=107680238245947379182702293425019414027983397974846100843875219767249340135753,25935494914059452680000853707967869346056748161885673178607087993196047123856 sample_expected_revisions=107680238245947379182702293425019414027983397974846100843875219767249340135753:5356,25935494914059452680000853707967869346056748161885673178607087993196047123856:5351 sample_actual_revisions=107680238245947379182702293425019414027983397974846100843875219767249340135753:5368,25935494914059452680000853707967869346056748161885673178607087993196047123856:5363
2026-08-10 12:07:03,941 INFO predmarket.polymarket.gateway - market_stream_pump_progress generation=4 sdk_events_total=78440 sdk_events_delta=7239 sdk_rate_per_second=723.7 mapped_delta=7239 ignored_delta=0 mapping_ms_per_event=0.016 handoff_wait_ms_per_event=0.001 handoff_queue_size=1 handoff_queue_capacity=4096
2026-08-10 12:07:04,915 INFO predmarket.polymarket.gateway - catalog_events_fetch_progress pages=75 active_events=5922 elapsed_ms=25042
2026-08-10 12:07:04,987 INFO predmarket.watch.task - watch_stream_progress messages=306000 event_type=price_change generation=4 cache_state=VALID
2026-08-10 12:07:05,282 INFO predmarket.watch.task - watch_evaluation_queue_progress requests=283000 pending_tokens=24 coalesced_tokens=447682 generation=4
2026-08-10 12:07:05,328 INFO predmarket.app - catalog_cleanup_cycle_completed deleted_versions=0 deleted_journal_rows=0 remaining_versions=0 remaining_journal_rows=0
2026-08-10 12:07:06,243 INFO predmarket.watch.task - watch_stream_progress messages=307000 event_type=price_change generation=4 cache_state=VALID
2026-08-10 12:07:06,648 INFO predmarket.watch.task - watch_evaluation_queue_progress requests=284000 pending_tokens=28 coalesced_tokens=449282 generation=4
2026-08-10 12:07:07,452 INFO predmarket.watch.task - watch_stream_progress messages=308000 event_type=price_change generation=4 cache_state=VALID
2026-08-10 12:07:07,902 INFO predmarket.watch.task - watch_evaluation_queue_progress requests=285000 pending_tokens=18 coalesced_tokens=451029 generation=4
2026-08-10 12:07:08,691 INFO predmarket.watch.task - watch_evaluation_summary generation=4 tokens=28 generated_targets=56 targets=28 deduplicated_targets=28 persisted_signals=0 market_time=1786334817277 stream_silence_age_ms=3 decisions=ABSENT.PROFIT_BELOW_THRESHOLD:28 maximum_exchange_clock_skew_ms=-285035 exchange_clock_skew_warning_ms=100 maximum_exchange_clock_skew_token_id=78079398411412679865785162318121662523923374287476168241127307587426298033835 exchange_timestamp=1786334468662 received_timestamp=1786334753697 best_return_rate=-0.02397031 required_return_rate=0.00750000 best_opportunity_key=BINARY_UNDERPRICED:3436107 best_market_ids=3436107 context_ms=2 strategy_ms=220 signal_apply_ms=0 elapsed_ms=224
2026-08-10 12:07:08,779 INFO predmarket.watch.task - watch_stream_progress messages=309000 event_type=price_change generation=4 cache_state=VALID
2026-08-10 12:07:09,319 INFO predmarket.watch.task - watch_price_change_progress messages=284425 messages_delta=7195 entries_per_message=2.00 book_levels_per_message=154.5 parse_ms_per_message=0.006 cache_ms_per_message=0.159 queue_ms_per_message=0.001
2026-08-10 12:07:09,319 INFO predmarket.watch.task - watch_stream_handler_progress messages=309403 messages_delta=7699 rate_per_second=763.2 event_counts=best_bid_ask:392,book:76,last_trade_price:36,price_change:7195 event_ms_per_message=best_bid_ask:0.002,book:0.310,last_trade_price:0.002,price_change:0.187
2026-08-10 12:07:09,344 INFO predmarket.watch.task - watch_evaluation_queue_progress requests=286000 pending_tokens=20 coalesced_tokens=452667 generation=4
2026-08-10 12:07:10,125 INFO predmarket.watch.task - watch_stream_progress messages=310000 event_type=price_change generation=4 cache_state=VALID
2026-08-10 12:07:11,014 INFO predmarket.watch.task - watch_evaluation_queue_progress requests=287000 pending_tokens=18 coalesced_tokens=454205 generation=4
2026-08-10 12:07:11,538 INFO predmarket.watch.task - watch_stream_progress messages=311000 event_type=price_change generation=4 cache_state=VALID
2026-08-10 12:07:12,292 INFO predmarket.watch.task - watch_evaluation_queue_progress requests=288000 pending_tokens=12 coalesced_tokens=455850 generation=4
2026-08-10 12:07:12,897 INFO predmarket.watch.task - watch_stream_progress messages=312000 event_type=book generation=4 cache_state=VALID
2026-08-10 12:07:13,116 INFO predmarket.polymarket.gateway - catalog_events_fetch_progress pages=100 active_events=8402 elapsed_ms=33243
2026-08-10 12:07:13,917 WARNING predmarket.polymarket.gateway - market_stream_connection_lost close_code=1006 close_reason='' socket_state=CLOSED reader_exception_type=none reader_exception='' parser_exception_type=EOFError parser_exception='stream ends after 2480 bytes, expected 4243 bytes' heartbeat_age_seconds=10.778 websocket_latency_seconds=9.733 websocket_frame_queue_size=0 websocket_frame_queue_high=16 websocket_frame_queue_low=4 websocket_frame_queue_paused=False transport_closing=True
2026-08-10 12:07:13,951 WARNING predmarket.watch.task - watch_subscription_invalidated reason_code=SDK_DISCONNECTED detail=connection_lost generation=4 tokens=100
2026-08-10 12:07:13,953 INFO predmarket.watch.task - watch_recovery_started tokens=100
2026-08-10 12:07:13,953 INFO predmarket.polymarket.gateway - market_recovery_started generation=5 tokens=100 token_id_bytes=7701
2026-08-10 12:07:14,369 INFO predmarket.polymarket.gateway - market_stream_subscribed generation=5 tokens=100 elapsed_ms=416
2026-08-10 12:07:14,369 INFO predmarket.polymarket.gateway - market_recovery_books_started generation=5 tokens=100
2026-08-10 12:07:14,676 INFO predmarket.polymarket.gateway - market_recovery_books_received generation=5 tokens=100 books=100 elapsed_ms=306
2026-08-10 12:07:14,676 INFO predmarket.polymarket.gateway - market_recovery_completed generation=5 tokens=100 elapsed_ms=722
2026-08-10 12:07:14,676 INFO predmarket.watch.task - watch_recovery_baseline_received tokens=100 books=100 generation=5 elapsed_ms=723
2026-08-10 12:07:14,676 INFO predmarket.watch.task - watch_market_clock_initialized generation=5 market_time=1786334834658 books=100
2026-08-10 12:07:14,676 INFO predmarket.watch.task - watch_evaluation_started tokens=100
2026-08-10 12:07:14,681 WARNING predmarket.watch.task - watch_exchange_clock_skew_warning generation=5 token_id=72366991480996425287600181789304450420806821777293640224741963783447722473191 exchange_timestamp=1786334468662 received_timestamp=1786334834664 exchange_clock_skew_ms=-366002 exchange_clock_skew_warning_ms=100 evaluation_continues=true
2026-08-10 12:07:15,138 INFO predmarket.watch.task - watch_evaluation_summary generation=5 tokens=100 generated_targets=200 targets=100 deduplicated_targets=100 persisted_signals=0 market_time=1786334834658 stream_silence_age_ms=0 decisions=ABSENT.PROFIT_BELOW_THRESHOLD:44,NOT_EVALUABLE.ORDERBOOK_STALE.orderbook_stale:56 maximum_exchange_clock_skew_ms=-366002 exchange_clock_skew_warning_ms=100 maximum_exchange_clock_skew_token_id=72366991480996425287600181789304450420806821777293640224741963783447722473191 exchange_timestamp=1786334468662 received_timestamp=1786334834664 best_return_rate=-0.02175136 required_return_rate=0.00750000 best_opportunity_key=BINARY_UNDERPRICED:3436107 best_market_ids=3436107 context_ms=4 strategy_ms=452 signal_apply_ms=0 elapsed_ms=461
2026-08-10 12:07:15,139 INFO predmarket.watch.task - watch_evaluation_completed tokens=100 elapsed_ms=462
2026-08-10 12:07:15,139 INFO predmarket.watch.task - watch_subscribed markets=50 tokens=100 generation=5
2026-08-10 12:07:15,366 INFO predmarket.polymarket.gateway - market_stream_pump_progress generation=5 sdk_events_total=1 sdk_events_delta=1 sdk_rate_per_second=1.0 mapped_delta=1 ignored_delta=0 mapping_ms_per_event=0.215 handoff_wait_ms_per_event=0.003 handoff_queue_size=1 handoff_queue_capacity=4096
2026-08-10 12:07:15,383 INFO predmarket.polymarket.gateway - market_stream_consumer_progress generation=5 events_total=1 events_delta=1 rate_per_second=1.0 queue_size=263 queue_capacity=65536 queue_utilization_pct=0.4 handle_dropped=0 manager_dropped=0
2026-08-10 12:07:15,487 WARNING predmarket.watch.task - watch_price_change_invalid market_id=3436198 generation=5 exchange_timestamp=1786334834656 received_timestamp=1786334835445 error=authoritative best bid is missing from local levels change_count=2 sample_count=2 samples=token_id=68079581558259883882309392332767167976692793596314939440918724974281637819156 side=BUY price=0.46 size=50 server_best_bid=0.47 server_best_ask=0.5 cache_best_bid=0.46 cache_best_ask=0.5 cache_exchange_timestamp=1786334834656 | token_id=108325673242995499138908362762089527319229711414031262949213583111003123566796 side=SELL price=0.54 size=50 server_best_bid=0.5 server_best_ask=0.53 cache_best_bid=0.5 cache_best_ask=0.54 cache_exchange_timestamp=1786334834656
2026-08-10 12:07:15,487 WARNING predmarket.watch.task - watch_subscription_invalidated reason_code=ORDERBOOK_INVALID detail=price_change_invalid:authoritative best bid is missing from local levels generation=5 tokens=100
2026-08-10 12:07:15,487 INFO predmarket.watch.task - watch_evaluation_queue_discarded tokens=20 generation=5 reason=price_change_invalid:authoritative best bid is missing from local levels
2026-08-10 12:07:15,492 INFO predmarket.watch.task - watch_evaluation_abort_summary window_aborted=144 reason_counts=cache_invalid_or_closed:1,dependency_revision_changed:143 stage_counts=after_batch_context:1,after_strategy:39,before_strategy:104 evaluation_requests=288895 evaluation_batches=17830 evaluation_coalesced=457077 pending_tokens=0 last_completed_summary_age_ms=353 maximum_evaluation_elapsed_ms=386 sample_reason=cache_invalid_or_closed sample_stage=after_batch_context sample_token_ids=none sample_expected_revisions=none sample_actual_revisions=none
2026-08-10 12:07:15,990 INFO predmarket.watch.task - watch_recovery_started tokens=100
2026-08-10 12:07:15,991 INFO predmarket.polymarket.gateway - market_recovery_started generation=6 tokens=100 token_id_bytes=7701
2026-08-10 12:07:16,448 INFO predmarket.polymarket.gateway - market_stream_subscribed generation=6 tokens=100 elapsed_ms=456
2026-08-10 12:07:16,448 INFO predmarket.polymarket.gateway - market_recovery_books_started generation=6 tokens=100
2026-08-10 12:07:16,781 INFO predmarket.polymarket.gateway - market_recovery_books_received generation=6 tokens=100 books=100 elapsed_ms=332
2026-08-10 12:07:16,781 INFO predmarket.polymarket.gateway - market_recovery_completed generation=6 tokens=100 elapsed_ms=790
2026-08-10 12:07:16,781 INFO predmarket.watch.task - watch_recovery_baseline_received tokens=100 books=100 generation=6 elapsed_ms=790
2026-08-10 12:07:16,781 INFO predmarket.watch.task - watch_market_clock_initialized generation=6 market_time=1786334836714 books=100
2026-08-10 12:07:16,781 INFO predmarket.watch.task - watch_evaluation_started tokens=100
2026-08-10 12:07:16,782 INFO predmarket.app - catalog_cleanup_cycle_completed deleted_versions=0 deleted_journal_rows=0 remaining_versions=0 remaining_journal_rows=0
2026-08-10 12:07:17,217 INFO predmarket.watch.task - watch_evaluation_summary generation=6 tokens=100 generated_targets=200 targets=100 deduplicated_targets=100 persisted_signals=0 market_time=1786334836714 stream_silence_age_ms=0 decisions=ABSENT.PROFIT_BELOW_THRESHOLD:46,NOT_EVALUABLE.ORDERBOOK_STALE.orderbook_stale:54 maximum_exchange_clock_skew_ms=-368108 exchange_clock_skew_warning_ms=100 maximum_exchange_clock_skew_token_id=72366991480996425287600181789304450420806821777293640224741963783447722473191 exchange_timestamp=1786334468662 received_timestamp=1786334836770 best_return_rate=-0.02175136 required_return_rate=0.00750000 best_opportunity_key=BINARY_UNDERPRICED:3436107 best_market_ids=3436107 context_ms=3 strategy_ms=428 signal_apply_ms=0 elapsed_ms=435
2026-08-10 12:07:17,217 INFO predmarket.watch.task - watch_evaluation_completed tokens=100 elapsed_ms=435
2026-08-10 12:07:17,217 INFO predmarket.watch.task - watch_subscribed markets=50 tokens=100 generation=6
2026-08-10 12:07:17,414 INFO predmarket.polymarket.gateway - market_stream_pump_progress generation=6 sdk_events_total=1 sdk_events_delta=1 sdk_rate_per_second=1.0 mapped_delta=1 ignored_delta=0 mapping_ms_per_event=0.064 handoff_wait_ms_per_event=0.002 handoff_queue_size=1 handoff_queue_capacity=4096
2026-08-10 12:07:17,428 INFO predmarket.polymarket.gateway - market_stream_consumer_progress generation=6 events_total=1 events_delta=1 rate_per_second=1.0 queue_size=0 queue_capacity=65536 queue_utilization_pct=0.0 handle_dropped=0 manager_dropped=0
2026-08-10 12:07:17,493 INFO predmarket.watch.task - watch_evaluation_queue_progress requests=289000 pending_tokens=100 coalesced_tokens=457095 generation=6
2026-08-10 12:07:17,533 INFO predmarket.watch.task - watch_stream_progress messages=313000 event_type=price_change generation=6 cache_state=VALID
2026-08-10 12:07:18,033 INFO predmarket.watch.task - watch_stream_progress messages=314000 event_type=price_change generation=6 cache_state=VALID
2026-08-10 12:07:18,066 INFO predmarket.watch.task - watch_evaluation_queue_progress requests=290000 pending_tokens=34 coalesced_tokens=459061 generation=6
2026-08-10 12:07:18,608 INFO predmarket.watch.task - watch_stream_progress messages=315000 event_type=price_change generation=6 cache_state=VALID
2026-08-10 12:07:18,672 INFO predmarket.polymarket.gateway - catalog_events_fetch_progress pages=125 active_events=10875 elapsed_ms=38799
2026-08-10 12:07:18,746 INFO predmarket.watch.task - watch_evaluation_queue_progress requests=291000 pending_tokens=16 coalesced_tokens=460917 generation=6
2026-08-10 12:07:19,177 INFO predmarket.watch.task - watch_stream_progress messages=316000 event_type=best_bid_ask generation=6 cache_state=VALID
2026-08-10 12:07:19,319 INFO predmarket.watch.task - watch_price_change_progress messages=290280 messages_delta=5855 entries_per_message=2.00 book_levels_per_message=156.4 parse_ms_per_message=0.006 cache_ms_per_message=0.160 queue_ms_per_message=0.001
2026-08-10 12:07:19,319 INFO predmarket.watch.task - watch_stream_handler_progress messages=316271 messages_delta=6868 rate_per_second=686.8 event_counts=best_bid_ask:578,book:292,invalidated:1,last_trade_price:46,price_change:5951 event_ms_per_message=best_bid_ask:0.003,book:0.286,invalidated:1188.107,last_trade_price:0.002,price_change:0.476
2026-08-10 12:07:19,321 INFO predmarket.watch.task - watch_evaluation_queue_progress requests=292000 pending_tokens=32 coalesced_tokens=462901 generation=6
2026-08-10 12:07:19,866 INFO predmarket.watch.task - watch_stream_progress messages=317000 event_type=price_change generation=6 cache_state=VALID
2026-08-10 12:07:20,189 INFO predmarket.watch.task - watch_evaluation_queue_progress requests=293000 pending_tokens=4 coalesced_tokens=464760 generation=6
2026-08-10 12:07:20,811 INFO predmarket.watch.task - watch_stream_progress messages=318000 event_type=price_change generation=6 cache_state=VALID
2026-08-10 12:07:21,259 INFO predmarket.watch.task - watch_evaluation_queue_progress requests=294000 pending_tokens=4 coalesced_tokens=466229 generation=6
2026-08-10 12:07:21,734 INFO predmarket.watch.task - watch_stream_progress messages=319000 event_type=best_bid_ask generation=6 cache_state=VALID
2026-08-10 12:07:22,144 INFO predmarket.watch.task - watch_evaluation_queue_progress requests=295000 pending_tokens=6 coalesced_tokens=467910 generation=6
2026-08-10 12:07:22,711 INFO predmarket.watch.task - watch_stream_progress messages=320000 event_type=price_change generation=6 cache_state=VALID
2026-08-10 12:07:23,325 INFO predmarket.watch.task - watch_evaluation_queue_progress requests=296000 pending_tokens=16 coalesced_tokens=469478 generation=6
2026-08-10 12:07:23,598 INFO predmarket.watch.task - watch_stream_progress messages=321000 event_type=price_change generation=6 cache_state=VALID
2026-08-10 12:07:23,956 INFO predmarket.watch.task - watch_evaluation_queue_progress requests=297000 pending_tokens=28 coalesced_tokens=471370 generation=6
2026-08-10 12:07:24,097 INFO predmarket.watch.task - watch_stream_progress messages=322000 event_type=price_change generation=6 cache_state=VALID
2026-08-10 12:07:24,518 INFO predmarket.watch.task - watch_evaluation_queue_progress requests=298000 pending_tokens=26 coalesced_tokens=473341 generation=6
2026-08-10 12:07:24,602 INFO predmarket.watch.task - watch_stream_progress messages=323000 event_type=price_change generation=6 cache_state=VALID
2026-08-10 12:07:24,720 WARNING predmarket.watch.task - watch_exchange_clock_skew_warning generation=6 token_id=78079398411412679865785162318121662523923374287476168241127307587426298033835 exchange_timestamp=1786334468662 received_timestamp=1786334837426 exchange_clock_skew_ms=-368764 exchange_clock_skew_warning_ms=100 evaluation_continues=true
2026-08-10 12:07:25,743 INFO predmarket.polymarket.gateway - catalog_events_fetch_progress pages=150 active_events=13370 elapsed_ms=45870
2026-08-10 12:07:25,787 INFO predmarket.watch.task - watch_evaluation_queue_progress requests=299000 pending_tokens=6 coalesced_tokens=474961 generation=6
2026-08-10 12:07:25,811 INFO predmarket.watch.task - watch_stream_progress messages=324000 event_type=price_change generation=6 cache_state=VALID
2026-08-10 12:07:26,403 INFO predmarket.watch.task - watch_stream_progress messages=325000 event_type=price_change generation=6 cache_state=VALID
2026-08-10 12:07:26,799 INFO predmarket.watch.task - watch_evaluation_queue_progress requests=300000 pending_tokens=14 coalesced_tokens=476683 generation=6
2026-08-10 12:07:27,283 INFO predmarket.watch.task - watch_stream_progress messages=326000 event_type=price_change generation=6 cache_state=VALID
2026-08-10 12:07:27,421 INFO predmarket.polymarket.gateway - market_stream_pump_progress generation=6 sdk_events_total=13407 sdk_events_delta=13406 sdk_rate_per_second=1339.6 mapped_delta=13384 ignored_delta=22 mapping_ms_per_event=0.016 handoff_wait_ms_per_event=0.001 handoff_queue_size=1 handoff_queue_capacity=4096
2026-08-10 12:07:27,428 INFO predmarket.polymarket.gateway - market_stream_consumer_progress generation=6 events_total=13399 events_delta=13398 rate_per_second=1339.8 queue_size=0 queue_capacity=65536 queue_utilization_pct=0.0 handle_dropped=0 manager_dropped=0
2026-08-10 12:07:27,481 INFO predmarket.watch.task - watch_evaluation_queue_progress requests=301000 pending_tokens=18 coalesced_tokens=478443 generation=6
2026-08-10 12:07:27,741 INFO predmarket.app - catalog_cleanup_cycle_completed deleted_versions=0 deleted_journal_rows=0 remaining_versions=0 remaining_journal_rows=0
2026-08-10 12:07:27,841 INFO predmarket.watch.task - watch_evaluation_batch_completed batch=18000 tokens=16 pending_tokens=16 generation=6 elapsed_ms=12
2026-08-10 12:07:28,071 INFO predmarket.watch.task - watch_evaluation_summary generation=6 tokens=4 generated_targets=8 targets=4 deduplicated_targets=4 persisted_signals=0 market_time=1786334848088 stream_silence_age_ms=0 decisions=ABSENT.PROFIT_BELOW_THRESHOLD:4 maximum_exchange_clock_skew_ms=-368764 exchange_clock_skew_warning_ms=100 maximum_exchange_clock_skew_token_id=78079398411412679865785162318121662523923374287476168241127307587426298033835 exchange_timestamp=1786334468662 received_timestamp=1786334837426 best_return_rate=-0.02175136 required_return_rate=0.00750000 best_opportunity_key=BINARY_UNDERPRICED:3436107 best_market_ids=3436107 context_ms=4 strategy_ms=19 signal_apply_ms=0 elapsed_ms=24
2026-08-10 12:07:28,187 INFO predmarket.watch.task - watch_stream_progress messages=327000 event_type=price_change generation=6 cache_state=VALID
2026-08-10 12:07:28,450 INFO predmarket.watch.task - watch_evaluation_abort_summary window_aborted=183 reason_counts=dependency_revision_changed:183 stage_counts=after_strategy:37,before_strategy:146 evaluation_requests=301959 evaluation_batches=18018 evaluation_coalesced=479906 pending_tokens=20 last_completed_summary_age_ms=378 maximum_evaluation_elapsed_ms=931 sample_reason=dependency_revision_changed sample_stage=before_strategy sample_token_ids=100533687727497443541369483933299762930731780669782590957570011016994709318185,104764801815215006840218735731932203523559164204955657612872827684375163040798 sample_expected_revisions=100533687727497443541369483933299762930731780669782590957570011016994709318185:1653,104764801815215006840218735731932203523559164204955657612872827684375163040798:1653 sample_actual_revisions=100533687727497443541369483933299762930731780669782590957570011016994709318185:1663,104764801815215006840218735731932203523559164204955657612872827684375163040798:1663
2026-08-10 12:07:28,537 INFO predmarket.watch.task - watch_evaluation_queue_progress requests=302000 pending_tokens=14 coalesced_tokens=479942 generation=6
2026-08-10 12:07:28,895 INFO predmarket.watch.task - watch_stream_progress messages=328000 event_type=price_change generation=6 cache_state=VALID
2026-08-10 12:07:29,145 INFO predmarket.watch.task - watch_evaluation_queue_progress requests=303000 pending_tokens=28 coalesced_tokens=481846 generation=6
2026-08-10 12:07:29,319 INFO predmarket.watch.task - watch_price_change_progress messages=301577 messages_delta=11297 entries_per_message=2.00 book_levels_per_message=151.4 parse_ms_per_message=0.006 cache_ms_per_message=0.157 queue_ms_per_message=0.001
2026-08-10 12:07:29,319 INFO predmarket.watch.task - watch_stream_handler_progress messages=328849 messages_delta=12578 rate_per_second=1257.8 event_counts=best_bid_ask:1126,book:102,last_trade_price:53,price_change:11297 event_ms_per_message=best_bid_ask:0.002,book:0.321,last_trade_price:0.002,price_change:0.185
2026-08-10 12:07:29,414 INFO predmarket.watch.task - watch_stream_progress messages=329000 event_type=price_change generation=6 cache_state=VALID
2026-08-10 12:07:30,034 INFO predmarket.watch.task - watch_evaluation_queue_progress requests=304000 pending_tokens=12 coalesced_tokens=483550 generation=6
2026-08-10 12:07:30,234 INFO predmarket.watch.task - watch_stream_progress messages=330000 event_type=best_bid_ask generation=6 cache_state=VALID
2026-08-10 12:07:30,534 INFO predmarket.watch.task - watch_catalog_refresh_started markets=50 concurrency=10 trigger=periodic
2026-08-10 12:07:30,664 INFO predmarket.watch.task - watch_evaluation_queue_progress requests=305000 pending_tokens=28 coalesced_tokens=485470 generation=6
2026-08-10 12:07:30,807 INFO predmarket.watch.task - watch_stream_progress messages=331000 event_type=price_change generation=6 cache_state=VALID
2026-08-10 12:07:31,267 INFO predmarket.watch.task - watch_evaluation_queue_progress requests=306000 pending_tokens=36 coalesced_tokens=487428 generation=6
2026-08-10 12:07:31,311 INFO predmarket.watch.task - watch_stream_progress messages=332000 event_type=price_change generation=6 cache_state=VALID
2026-08-10 12:07:31,810 INFO predmarket.watch.task - watch_stream_progress messages=333000 event_type=price_change generation=6 cache_state=VALID
2026-08-10 12:07:31,823 INFO predmarket.watch.task - watch_evaluation_queue_progress requests=307000 pending_tokens=40 coalesced_tokens=489423 generation=6
2026-08-10 12:07:32,108 INFO predmarket.watch.task - watch_evaluation_batch_completed batch=18047 tokens=28 pending_tokens=40 generation=6 elapsed_ms=1425
2026-08-10 12:07:32,486 INFO predmarket.watch.task - watch_stream_progress messages=334000 event_type=price_change generation=6 cache_state=VALID
2026-08-10 12:07:32,559 INFO predmarket.watch.task - watch_evaluation_queue_progress requests=308000 pending_tokens=28 coalesced_tokens=491244 generation=6
2026-08-10 12:07:33,847 INFO predmarket.watch.task - watch_stream_progress messages=335000 event_type=price_change generation=6 cache_state=VALID
2026-08-10 12:07:34,004 INFO predmarket.watch.task - watch_evaluation_queue_progress requests=309000 pending_tokens=32 coalesced_tokens=493015 generation=6
2026-08-10 12:07:34,687 INFO predmarket.watch.task - watch_stream_progress messages=336000 event_type=price_change generation=6 cache_state=VALID
2026-08-10 12:07:34,772 INFO predmarket.watch.task - watch_evaluation_batch_completed batch=18075 tokens=28 pending_tokens=32 generation=6 elapsed_ms=1239
2026-08-10 12:07:34,950 INFO predmarket.watch.task - watch_evaluation_queue_progress requests=310000 pending_tokens=28 coalesced_tokens=494985 generation=6
2026-08-10 12:07:35,189 WARNING predmarket.watch.task - watch_exchange_clock_skew_warning generation=6 token_id=109346712886616434680770488554275478788946476448205847563463708255068327735787 exchange_timestamp=1786334553624 received_timestamp=1786334837425 exchange_clock_skew_ms=-283801 exchange_clock_skew_warning_ms=100 evaluation_continues=true
2026-08-10 12:07:35,580 INFO predmarket.watch.task - watch_stream_progress messages=337000 event_type=price_change generation=6 cache_state=VALID
2026-08-10 12:07:36,237 INFO predmarket.watch.task - watch_evaluation_queue_progress requests=311000 pending_tokens=30 coalesced_tokens=496719 generation=6
2026-08-10 12:07:37,385 INFO predmarket.watch.task - watch_stream_progress messages=338000 event_type=price_change generation=6 cache_state=VALID
2026-08-10 12:07:37,428 INFO predmarket.polymarket.gateway - market_stream_consumer_progress generation=6 events_total=25236 events_delta=11837 rate_per_second=1183.7 queue_size=0 queue_capacity=65536 queue_utilization_pct=0.0 handle_dropped=0 manager_dropped=0
2026-08-10 12:07:37,444 INFO predmarket.polymarket.gateway - market_stream_pump_progress generation=6 sdk_events_total=25289 sdk_events_delta=11882 sdk_rate_per_second=1185.4 mapped_delta=11872 ignored_delta=10 mapping_ms_per_event=0.016 handoff_wait_ms_per_event=0.001 handoff_queue_size=1 handoff_queue_capacity=4096
2026-08-10 12:07:37,787 INFO predmarket.watch.task - watch_evaluation_queue_progress requests=312000 pending_tokens=26 coalesced_tokens=498685 generation=6
2026-08-10 12:07:38,035 INFO predmarket.watch.task - watch_stream_progress messages=339000 event_type=price_change generation=6 cache_state=VALID
2026-08-10 12:07:38,522 INFO predmarket.watch.task - watch_evaluation_queue_progress requests=313000 pending_tokens=30 coalesced_tokens=500679 generation=6
2026-08-10 12:07:38,732 INFO predmarket.watch.task - watch_stream_progress messages=340000 event_type=price_change generation=6 cache_state=VALID
2026-08-10 12:07:38,814 INFO predmarket.polymarket.gateway - catalog_events_fetch_progress pages=175 active_events=15870 elapsed_ms=58941
2026-08-10 12:07:38,840 INFO predmarket.watch.task - watch_evaluation_abort_summary window_aborted=71 reason_counts=dependency_revision_changed:71 stage_counts=after_strategy:11,before_strategy:60 evaluation_requests=313522 evaluation_batches=18092 evaluation_coalesced=501723 pending_tokens=30 last_completed_summary_age_ms=10768 maximum_evaluation_elapsed_ms=2326 sample_reason=dependency_revision_changed sample_stage=before_strategy sample_token_ids=100533687727497443541369483933299762930731780669782590957570011016994709318185,104764801815215006840218735731932203523559164204955657612872827684375163040798 sample_expected_revisions=100533687727497443541369483933299762930731780669782590957570011016994709318185:2516,104764801815215006840218735731932203523559164204955657612872827684375163040798:2515 sample_actual_revisions=100533687727497443541369483933299762930731780669782590957570011016994709318185:2756,104764801815215006840218735731932203523559164204955657612872827684375163040798:2755
2026-08-10 12:07:38,840 INFO predmarket.watch.task - watch_evaluation_batch_completed batch=18092 tokens=34 pending_tokens=30 generation=6 elapsed_ms=2327
2026-08-10 12:07:39,311 INFO predmarket.watch.task - watch_evaluation_queue_progress requests=314000 pending_tokens=10 coalesced_tokens=502555 generation=6
2026-08-10 12:07:39,320 INFO predmarket.watch.task - watch_price_change_progress messages=312246 messages_delta=10669 entries_per_message=2.00 book_levels_per_message=155.0 parse_ms_per_message=0.006 cache_ms_per_message=0.175 queue_ms_per_message=0.001
2026-08-10 12:07:39,320 INFO predmarket.watch.task - watch_stream_handler_progress messages=340662 messages_delta=11813 rate_per_second=1181.2 event_counts=best_bid_ask:908,book:158,last_trade_price:78,price_change:10669 event_ms_per_message=best_bid_ask:0.002,book:0.304,last_trade_price:0.002,price_change:0.203
2026-08-10 12:07:39,685 INFO predmarket.watch.task - watch_stream_progress messages=341000 event_type=price_change generation=6 cache_state=VALID
2026-08-10 12:07:40,396 INFO predmarket.watch.task - watch_evaluation_queue_progress requests=315000 pending_tokens=24 coalesced_tokens=504254 generation=6
2026-08-10 12:07:40,626 INFO predmarket.watch.task - watch_stream_progress messages=342000 event_type=price_change generation=6 cache_state=VALID
2026-08-10 12:07:41,510 INFO predmarket.watch.task - watch_evaluation_queue_progress requests=316000 pending_tokens=18 coalesced_tokens=506102 generation=6
2026-08-10 12:07:41,719 INFO predmarket.watch.task - watch_stream_progress messages=343000 event_type=price_change generation=6 cache_state=VALID
2026-08-10 12:07:56,829 INFO predmarket.polymarket.gateway - market_stream_pump_progress generation=6 sdk_events_total=30335 sdk_events_delta=5046 sdk_rate_per_second=260.3 mapped_delta=5045 ignored_delta=1 mapping_ms_per_event=0.016 handoff_wait_ms_per_event=0.001 handoff_queue_size=1 handoff_queue_capacity=4096
2026-08-10 12:07:56,848 INFO predmarket.app - runtime_stopping reason=cancelled
2026-08-10 12:07:56,849 INFO predmarket.polymarket.gateway - market_stream_consumer_progress generation=6 events_total=30302 events_delta=5066 rate_per_second=260.9 queue_size=0 queue_capacity=65536 queue_utilization_pct=0.0 handle_dropped=0 manager_dropped=0
2026-08-10 12:07:56,849 INFO predmarket.watch.task - watch_price_change_progress messages=314622 messages_delta=2376 entries_per_message=2.00 book_levels_per_message=158.7 parse_ms_per_message=0.006 cache_ms_per_message=0.166 queue_ms_per_message=0.001
2026-08-10 12:07:56,849 INFO predmarket.watch.task - watch_stream_handler_progress messages=343122 messages_delta=2460 rate_per_second=140.3 event_counts=best_bid_ask:58,book:18,last_trade_price:8,price_change:2376 event_ms_per_message=best_bid_ask:0.002,book:0.348,last_trade_price:0.003,price_change:0.194
2026-08-10 12:07:57,395 WARNING predmarket.polymarket.gateway - market_stream_connection_lost close_code=1006 close_reason='' socket_state=CLOSED reader_exception_type=TimeoutError reader_exception='timed out while closing connection' parser_exception_type=EOFError parser_exception='unexpected end of stream' heartbeat_age_seconds=19.955 websocket_latency_seconds=0.897 websocket_frame_queue_size=412 websocket_frame_queue_high=16 websocket_frame_queue_low=4 websocket_frame_queue_paused=True transport_closing=True
2026-08-10 12:07:57,396 INFO predmarket.watch.task - watch_evaluation_abort_summary window_aborted=31 reason_counts=dependency_revision_changed:31 stage_counts=after_strategy:7,before_strategy:24 evaluation_requests=316462 evaluation_batches=18124 evaluation_coalesced=507014 pending_tokens=30 last_completed_summary_age_ms=29324 maximum_evaluation_elapsed_ms=414 sample_reason=dependency_revision_changed sample_stage=before_strategy sample_token_ids=100533687727497443541369483933299762930731780669782590957570011016994709318185,104764801815215006840218735731932203523559164204955657612872827684375163040798 sample_expected_revisions=100533687727497443541369483933299762930731780669782590957570011016994709318185:2992,104764801815215006840218735731932203523559164204955657612872827684375163040798:2991 sample_actual_revisions=100533687727497443541369483933299762930731780669782590957570011016994709318185:3023,104764801815215006840218735731932203523559164204955657612872827684375163040798:3022
